objective_1,objective_2
1.782789025878343,-3.056411679402438
3.218476505473331,-3.1398204106886585
2.5111402062007437,-3.074061195127388
1.9951496021974968,-3.0673824553953546
7.225422730722403,-14.20060822059313
4.645939019350054,-11.439258553967658
7.079198256497795,-12.145058709038594
7.525055566880766,-165.8967360791343
