objective_1,objective_2
17.225915824290098,-69.55311508866104
13.484533070507107,-67.22400877181386
19.686756106158494,-70.14838303991768
15.894224007235948,-68.88866744673831
