objective_1,objective_2
8.297411395516116,-137.87167350278338
10.32863674427193,-141.7054872181038
13.677676745457452,-141.99238343350538
13.868672932904085,-144.60206436331455
18.881832767525854,-174.94398044647238
6.265178353105616,-61.663426040878015
3.1919056913913737,-58.026657133143104
5.05176772662718,-61.36719102835758
4.466662960104296,-58.614024185383094
4.836222692374214,-59.92574449255089
