objective_1,objective_2,objective_3
13.156538096048289,5.953982096185732,1.7949304998365267
