objective_1,objective_2
2.9542303220448423,-4.813812250249614
3.2305712408868414,-4.956907447331304
2.1112637758745967,-3.821010273867521
1.9077589859173998,-3.667953315459171
2.84386096486833,-3.9021602831875155
3.560260472778643,-7.150929383883634
4.701773456158566,-19.001217234402162
4.4559952738137785,-18.53409997887689
22.036706310915392,-108.27334803312074
23.948230602522862,-110.91261354730227
