global_step,eval/single_objective_return
50000.0,-107.89324103053166
100000.0,-17.610236808971123
150000.0,54.76390796982636
200000.0,6.2590773377258415
250000.0,-2.8292666543553935
300000.0,-24.656849094104672
350000.0,5.5585184719342635
400000.0,-27.20563171800839
450000.0,25.92572041840772
500000.0,26.103235113802924
550000.0,-21.582473575333836
600000.0,-5.686340025766086
650000.0,8.03901693744399
700000.0,16.96242261846689
750000.0,-3.403503409301436
800000.0,-53.01098672633077
850000.0,19.820516875627163
900000.0,-22.51637899872628
950000.0,30.12812164143085
1000000.0,15.16222363727428
1050000.0,9.624270915162498
1100000.0,26.348478715177905
1150000.0,25.250722233754004
1200000.0,35.75293352216289
1250000.0,50.53612506344189
1300000.0,64.9168159335772
1350000.0,-1.5909101821919904
1400000.0,6.54833306578297
1450000.0,-9.21494515039727
1500000.0,17.866279283257498
1550000.0,31.243507222530212
1600000.0,15.540540586668953
1650000.0,8.579737065759346
1700000.0,54.87042958954578
1750000.0,10.575329264698482
1800000.0,-2.5826228896889347
1850000.0,15.943726523461791
1900000.0,-6.573703072074252
1950000.0,11.383349531434249
2000000.0,10.102951272727182
2050000.0,34.11694224464992
2100000.0,13.97062642314279
2150000.0,-11.639407225714365
2200000.0,-1.3141220537585525
2250000.0,-6.4117323134999396
2300000.0,36.478397080025616
2350000.0,11.08190966838822
2400000.0,15.240728660999181
2450000.0,27.70490068838238
2500000.0,20.78550027518665
2550000.0,33.22521408320881
2600000.0,5.068495740611908
2650000.0,-23.84115607606006
2700000.0,-48.485736927172184
2750000.0,55.666869093925555
2800000.0,14.959424680416276
2850000.0,9.62301771514339
2900000.0,11.207074994843168
2950000.0,26.8263149557838
3000000.0,15.649086761949533
