"objective_1","objective_2","objective_3"
"24.726000749040395","17.449895232450217","7.016428512986749"
"24.86795268021524","16.362218140158802","6.3923187223263085"
"26.75826046615839","18.456111102364957","6.1385262459516525"
"23.9897657930851","17.517230093479156","6.326000051572919"
"21.52251236885786","12.000531638972461","7.6879089353606105"