global_step,eval/single_objective_return
100000.0,538.0175557289442
200000.0,1266.6708325096465
300000.0,1298.2291175013995
400000.0,1197.4023765853938
500000.0,1376.8256232844521
600000.0,1304.2228588758358
700000.0,1452.064803407127
800000.0,1258.8661391091182
900000.0,1230.092368441801
1000000.0,1356.5678294018605
1100000.0,1515.430056062521
1200000.0,1337.2700065828442
1300000.0,1328.1359611451574
1400000.0,1340.8410866487156
1500000.0,1326.9867136549262
1600000.0,1329.0773587840229
1700000.0,1340.5812058703327
1800000.0,1357.1819780158185
1900000.0,1452.7709473590871
2000000.0,1313.7563801652564
2100000.0,1398.0094523741843
2200000.0,1420.3450840395778
2300000.0,1333.5123889138486
2400000.0,1422.2859749410106
2500000.0,1350.8853860893487
2600000.0,1420.8576912496378
2700000.0,1392.8811019136508
2800000.0,1399.780618943633
2900000.0,1367.7965433379222
3000000.0,1462.4437563932327
3100000.0,1404.3485613672224
3200000.0,1392.9753921007584
3300000.0,1348.7624566377274
3400000.0,1360.2830509099642
3500000.0,1367.3092093940336
3600000.0,1363.2312202297567
3700000.0,1402.3119205005758
3800000.0,1480.0383607048152
3900000.0,1466.0021404912723
4000000.0,1407.0297544152088
4100000.0,1413.8343774582181
4200000.0,1458.3681781636496
4300000.0,1484.8510224893998
4400000.0,1462.9898884271356
4500000.0,1408.4440975603302
4600000.0,1597.0477437824081
4700000.0,1410.3961073238993
4800000.0,1445.083299244082
4900000.0,1505.1470844668638
5000000.0,1485.3385215606215
