global_step,eval/single_objective_return
50000,-20.889855556897132
100000,4.213815384069619
150000,-21.231269242333028
200000,-46.684116227465296
250000,2.0862135182701564
300000,1.857742144736875
350000,7.419044145831066
400000,-7.7146803005793885
450000,-24.90955240807699
500000,26.378527251401167
550000,-24.257992658559573
600000,-33.24988875650942
650000,-13.622359626746174
700000,-17.760299536326315
750000,-17.76679882348556
800000,-1.8340896310617723
850000,8.666457959023319
900000,29.29883373639325
950000,6.157192941691278
1000000,-12.117844777986946
1050000,-25.408157385428225
1100000,-17.76010288833325
1150000,-0.624329947930363
1200000,17.381993403058104
1250000,26.086762951447795
1300000,20.2251042452595
1350000,40.1195757780998
1400000,-30.596291849985178
1450000,43.10160014621988
1500000,-53.914886672426306
1550000,36.06490336015088
1600000,-23.949016733406737
1650000,184.26517502188904
1700000,52.145588336402454
1750000,-8.656625257536334
1800000,15.43577346496285
1850000,-11.534100904139336
1900000,2.589174241921924
1950000,-58.28843136655122
2000000,31.234686804527826
2050000,-22.67523021242198
2100000,-33.611590152803245
2150000,0.14524863128197296
2200000,213.679046547991
2250000,-11.19697386673586
2300000,-20.715261190123016
2350000,-15.94195857475981
2400000,-44.45149516062392
2450000,27.181818281249633
2500000,12.576497089358853
2550000,2.9294733476846204
2600000,-1.2912522841519376
2650000,29.749712291020188
2700000,-21.861894447693103
2750000,-14.362122611766779
2800000,-16.401655698320553
2850000,-40.47342064474117
2900000,-11.889899408844158
2950000,3.8263796949099884
3000000,87.56550299068391
