global_step,eval/single_objective_return
50000.0,14.764912697043798
100000.0,-24.76881772093386
150000.0,-31.39195183503122
200000.0,35.425830266797846
250000.0,-60.70413946353345
300000.0,-19.227279801730866
350000.0,-132.89047377899402
400000.0,-106.41007751306476
450000.0,-140.93053770373075
500000.0,-191.84056101667946
550000.0,-139.2614865304452
600000.0,-98.15631582166594
650000.0,-93.88270226876678
700000.0,-140.97957319908826
750000.0,-143.87837920683978
800000.0,-96.47810442862502
850000.0,30.87590066715675
900000.0,-80.95595447959121
950000.0,-115.59966881219721
1000000.0,-155.57446970117522
1050000.0,-98.5772988551386
1100000.0,-131.5126735458401
1150000.0,38.108944508068824
1200000.0,-132.78136105396817
1250000.0,-142.477602968997
1300000.0,-133.1748824300886
1350000.0,-94.49826671281141
1400000.0,-81.0754210665552
1450000.0,-39.81818676125021
1500000.0,-84.05890420542313
1550000.0,-67.76105505422973
1600000.0,-125.73088304203664
1650000.0,-135.82956367344116
1700000.0,7.307838051607317
1750000.0,52.11519158867075
1800000.0,-70.86958254471892
1850000.0,-122.35436999451899
1900000.0,-130.4355535521708
1950000.0,-42.3533663461905
2000000.0,-116.57477741712196
2050000.0,-116.02416554103372
2100000.0,-182.47706620729232
2150000.0,-152.53989674810816
2200000.0,-116.46005058662759
2250000.0,-144.69705302935387
2300000.0,-143.50473445049357
2350000.0,-120.79093314121499
2400000.0,-69.33825007786123
2450000.0,-86.86676261682689
2500000.0,-94.28737320434455
2550000.0,-128.68018326640617
2600000.0,-104.59903336755812
2650000.0,-115.59230097333223
2700000.0,-173.09038260607346
2750000.0,-105.56158440825088
2800000.0,-211.09182906459228
2850000.0,-176.7501644288439
2900000.0,-129.2926192379838
2950000.0,-103.10493937769154
3000000.0,-107.24410457597055
