global_step,eval/single_objective_return
50000.0,-183.0730761201799
100000.0,-112.00683589565543
150000.0,-49.36232497668069
200000.0,-89.22589778345076
250000.0,-44.35401783855907
300000.0,-70.56813981050955
350000.0,-44.75660743626986
400000.0,-18.363967041854508
450000.0,-64.08846623483477
500000.0,-34.057679742605224
550000.0,-37.8091227112438
600000.0,-52.31971228951621
650000.0,33.81766808079021
700000.0,42.55711591440153
750000.0,-15.895887701364895
800000.0,-26.02617724261745
850000.0,45.449851340215204
900000.0,-56.07166744689711
950000.0,-23.194611537549168
1000000.0,29.705890195847065
1050000.0,88.07005456588931
1100000.0,15.22810830076059
1150000.0,10.770301506940063
1200000.0,16.510799786888207
1250000.0,3.9148441710374016
1300000.0,-4.053388917303982
1350000.0,56.157540619471696
1400000.0,111.70680608801419
1450000.0,92.03514578847093
1500000.0,-19.419534667076494
1550000.0,164.4740699831478
1600000.0,9.292301822776503
1650000.0,33.84195166804253
1700000.0,60.733973381821365
1750000.0,-21.801396093825495
1800000.0,14.713587675080003
1850000.0,11.427834884350592
1900000.0,-6.0245803474281505
1950000.0,81.85327948712828
2000000.0,134.12032580515358
2050000.0,107.30339472217645
2100000.0,54.203775494738295
2150000.0,57.80455300483934
2200000.0,119.29748411589966
2250000.0,32.8617540677143
2300000.0,69.51288806427729
2350000.0,52.37746524167803
2400000.0,67.58925415393378
2450000.0,49.13461043879151
2500000.0,107.13785523834399
2550000.0,38.447994483761164
2600000.0,43.66404577757122
2650000.0,86.68284837368076
2700000.0,26.062657644434942
2750000.0,89.50783346569573
2800000.0,90.41407854900402
2850000.0,26.60446131563318
2900000.0,50.07518138055764
2950000.0,74.37244839359819
3000000.0,121.64718089167836
