objective_1,objective_2,objective_3,objective_4
-54.5837754195869,40.3364713632564,0.0,0.0
-41.22540920585821,-32.62615031937699,-4.721583231675419,0.0
-43.466732498907604,-37.850116441198885,-4.502490125532122,0.0
-46.96186086799294,38.441506315588725,0.0,0.0
-53.284312141157486,66.37141393921351,-0.5819063210140918,0.0
-43.76840603436399,-17.550641054601208,-1.758938438308831,0.0
-45.06305527233063,-1.7437206387630781,0.0,0.0
-43.711170804984455,-22.253303735971162,-1.8354522610905277,-2.3467580452032393
-44.539135357483616,-29.965809144605384,0.0,0.0
