objective_1,objective_2,objective_3,objective_4
-40.882017442254934,-7.955699387606302,0.0,0.0
-38.878391807422695,-374.0694728828668,0.0,0.0
-49.483865960020694,66.24591374788622,-0.5471566423907612,-1.6198572453246833
-40.47319726783239,-140.59345569585219,0.0,0.0
-55.82661385478638,97.746721964622,0.0,0.0
-41.712087993322044,51.724896511362644,0.0,0.0
-37.72366469235043,-65.92511867256256,-5.357958510734199,-13.762878081481816
