objective_1,objective_2,objective_3,objective_4
-39.2711028357805,-103.96736191084898,0.0,-2.236687580386281
-68.2554595010387,89.06799568862161,0.0,0.0
-45.204365026647544,36.46460705302185,0.0,0.0
-69.64132180495734,102.96378136402731,0.0,-1.4069664453218655
-66.89717585696803,88.61240790539132,0.0,0.0
-43.42313267918117,27.02143593619257,0.0,0.0
-48.98902730042049,65.56636916164618,0.0,0.0
