objective_1,objective_2,objective_3,objective_4
-49.98370298991989,92.31881673996338,0.0,0.0
-34.46121833475176,-106.6001182389814,0.0,0.0
-38.10471181045499,22.295684098020782,0.0,0.0
-51.51371174238033,98.61274334112973,0.0,0.0
-42.13342221547681,30.050740270994726,0.0,0.0
-46.58807751697934,55.89686512882855,0.0,0.0
