objective_1,objective_2,objective_3,objective_4
-42.13342221547681,33.214113179503045,0.0,0.0
-39.2711028357805,-107.4367092850589,0.0,-1.8897253742302385
-49.98370298991989,84.97989587159165,0.0,0.0
-42.988901352389355,50.58136082991286,0.0,0.0
-51.51371174238033,85.89665493076669,0.0,0.0
-39.66778064220253,31.041297753915078,0.0,0.0
-46.58807751697934,57.78773995157121,0.0,0.0
-36.237201786049695,-78.78543063147924,-9.154091292646934,-6.457919813645968
