objective_1,objective_2,objective_3,objective_4
-51.677456793655395,37.19858413073085,0.0,0.0
-45.10829546906023,-29.41156744283923,0.0,0.0
-44.24711407182019,-86.73757257384729,-1.1392826436099148,0.0
-43.283714382423184,-41.02500473422499,-4.511308935437738,0.0
-45.537832631949804,17.08858293841618,-4.607818187215747,-5.742555192630903
-43.01529181171939,-59.26142364818149,-5.183110603499048,0.0
-45.98227596433236,19.187321535340992,0.0,0.0
-45.538208939179746,-10.929118518031775,-2.563567310356351,-8.2291460956018
-44.71849233462772,-66.54043303541957,-1.9034532644786872,0.0
