objective_1,objective_2,objective_3
8.550514203754078,-0.17437293079744054,-0.17437293079744054
5.662708382753243,-0.3616814695410475,12.237708398997375
5.339469939720089,-0.10707082842942658,-0.10707082842942658
8.283099128767585,-0.19464480181613739,2.0695130597947595
6.193733873360055,-0.5841371437403875,22.498145057843114
