objective_1,objective_2,objective_3
14.313304736870862,0.9129773285418256,83.70452167181384
