objective_1,objective_2,objective_3
8.45822463269597,-0.21392314944777427,-0.21392314944777427
15.134926907430557,-0.3248566771835257,1.642120984538905
