objective_1,objective_2,objective_3
11.631233777630198,0.7301471542778043,20.38609084367914
13.13069974218675,0.0028406787806283564,23.03379478936717
