objective_1,objective_2,objective_3
13.981589046859405,-0.4577868097368925,16.744878344229015
14.721213175800335,-0.4814978360537345,2.5741299971635345
12.86412963876055,-0.47023758136932997,58.77333090128308
6.197530101427173,-0.10707082842942658,-0.10707082842942658
11.183509386056908,-0.3833216343835846,4.269309471979147
12.582151423991089,-0.249691658257815,2.107342786115435
8.696251388098583,-0.15305633445573485,-0.15305633445573485
13.743256892150004,-0.4028926115674108,6.911946566838266
