objective_1,objective_2,objective_3
12.000360338239286,2.5723418414258994,1.5141170755258844
13.26384209496116,-0.4028926115674108,1.4676835731061888
