objective_1,objective_2,objective_3
7.13145450773803,-0.15305633445573485,4.754385291127648
7.164865664851499,-0.19464480181613739,4.663722407511413
4.255416276384982,-0.10707082842942658,-0.10707082842942658
7.272323187693254,-0.15305633445573485,-0.15305633445573485
10.259644763929007,-0.17437293079744054,-0.17437293079744054
14.352872888848012,1.5836600774151988,-0.249691658257815
