objective_1,objective_2,objective_3
14.187289271803984,-0.4119647444347035,15.305880239628717
15.300677989101986,4.82096280432203,-0.5841371437403875
12.760682809570572,3.674678841903892,4.323534186527225
