objective_1,objective_2,objective_3
6.101293515681414,-0.10707082842942658,-0.10707082842942658
4.618059815611452,-0.4287969268701473,78.45632617339332
3.924636670425582,-0.4119647444347035,7.1345155071462445
