objective_1,objective_2,objective_3
18.343031469593686,6.959968373982545,11.417067306798963
