objective_1,objective_2,objective_3
7.549192459014899,-0.33775334730097945,9.322479165932888
8.48323861328986,-0.15305633445573485,2.227786516475231
5.592820846180694,-0.1306411721268049,-0.1306411721268049
11.408536271852046,-0.4205922525228696,5.210983417339374
10.469789687912266,-0.249691658257815,5.49622779068401
