objective_1,objective_2,objective_3
19.005478463043037,3.1556248484371303,13.02280380134691
16.891616327332926,3.2084995077450205,13.486641070283342
18.889537047895306,3.146552715569838,14.058011011956944
16.49178487070776,-0.44401965094804074,18.721883318709512
9.16107694294687,3.6780965751746226,-0.35001795225952065
