objective_1,objective_2,objective_3
11.810575276604316,9.297716599630121,14.717232024122813
