objective_1,objective_2,objective_3
11.923799851540013,-0.3248566771835257,1.5270137456433381
12.780991069937622,-0.4119647444347035,1.4213869912383101
15.080000509155655,7.57834825957006,1.3691831549818942
