objective_1,objective_2,objective_3
5.241999612741402,-0.4205922525228696,37.56945794767503
8.768742517942615,-0.1306411721268049,-0.1306411721268049
