objective_1,objective_2,objective_3
20.014604123794207,3.4118560754501632,3.427941628946511
