objective_1,objective_2,objective_3
2.9092703830778848,1.4514212420197727,16.26529180097839
8.026892803649348,-0.5090082714004553,23.693207446472474
3.6791224346604716,1.0777428765176953,19.226547431644434
5.324788144112729,1.7434703891049501,6.2090247024006935
