objective_1,objective_2,objective_3
6.39513753872986,0.9717498853297584,23.66222676793625
8.661441734938625,-0.3727733584226163,5.5883691310827475
