eum/MOSuperMarioBros-1-2-v2,eum/MOSuperMarioBros-3-2-v2,eum/MOSuperMarioBros-3-3-v2,eum/MOSuperMarioBros-4-3-v2,eum/MOSuperMarioBros-5-2-v2,eum/MOSuperMarioBros-5-3-v2,eum/MOSuperMarioBros-7-3-v2,eum/MOSuperMarioBros-8-1-v2,EUGR/MOSuperMarioBros-1-2-v2,EUGR/MOSuperMarioBros-3-2-v2,EUGR/MOSuperMarioBros-3-3-v2,EUGR/MOSuperMarioBros-4-3-v2,EUGR/MOSuperMarioBros-5-2-v2,EUGR/MOSuperMarioBros-5-3-v2,EUGR/MOSuperMarioBros-7-3-v2,EUGR/MOSuperMarioBros-8-1-v2
10.515039181091606,13.41573706749666,3.6388002562753536,6.3431493943687585,6.180215700583074,4.761978867890386,5.507689842856169,14.402448437612357,0.2736020941339438,0.30161494684644596,0.1590436864114018,0.2508587671819828,0.28108760137322175,0.3645055067126088,0.3204933555332432,0.2447686109730681
