global_step,eval/single_objective_return
50000,21.247697055338662
100000,25.8196961730241
150000,-19.540458927033498
200000,17.500871700301147
250000,4.315905099449267
300000,32.09635705909187
350000,-18.39830318645066
400000,37.496012320861865
450000,35.40378334763911
500000,-28.28576321715721
550000,86.14204701567301
600000,55.466235464152135
650000,119.45952710031341
700000,69.64004769526008
750000,129.71016097782646
800000,114.74786339185493
850000,111.09678901313796
900000,192.64331854449586
950000,177.23707228792924
1000000,100.59718513336756
1050000,79.69364248120664
1100000,179.21919069296314
1150000,104.85008004192584
1200000,64.54636349088042
1250000,71.16750561839652
1300000,130.44560737982948
1350000,84.22250600789818
1400000,143.0170148676363
1450000,95.99480389265409
1500000,124.24319431610684
1550000,146.31583313105534
1600000,176.48146731901903
1650000,128.7490820106069
1700000,44.157481522790334
1750000,149.94629487791084
1800000,269.42584778653406
1850000,167.59660144141895
1900000,155.1876114911576
1950000,163.70854172050312
2000000,113.35483313036252
2050000,171.400215848613
2100000,130.73236186375863
2150000,126.37139192313725
2200000,189.27368072643702
2250000,133.6851239126931
2300000,94.80809978949554
2350000,161.99750827582307
2400000,157.69554016307558
2450000,190.25573637735556
2500000,223.38195679108412
2550000,187.36108413235246
2600000,159.5278912693667
2650000,72.83719960490123
2700000,107.56384815813632
2750000,198.66401565390743
2800000,147.98119341345085
2850000,130.17880386782204
2900000,162.96463120677214
2950000,65.04246939915376
3000000,132.70365788547073
