global_step,eval/single_objective_return
50000,19.45017776710327
100000,292.03368235176055
150000,282.3473109251703
200000,274.8079177884995
250000,255.9343873982881
300000,250.9117582717359
350000,152.92789448682882
400000,285.7616730757729
450000,272.64401059626584
500000,281.76542447226166
550000,8.466895537631288
600000,224.54242948564212
650000,-4.554756400127587
700000,-36.800414220784646
750000,164.1913931705439
800000,-13.039216147647238
850000,-69.2637251051779
900000,-75.36210131052164
950000,-61.43411767224074
1000000,196.83850970134935
1050000,264.54131025615936
1100000,223.10874750809603
1150000,141.79513479784515
1200000,111.50753984974095
1250000,-59.392139404571154
1300000,91.76006119625607
1350000,-75.88662490737647
1400000,310.89156960986185
1450000,-27.21170013249181
1500000,-42.784967193087965
1550000,-62.79197161410955
1600000,-5.346061866877122
1650000,-26.382338890630493
1700000,-73.88751925807676
1750000,-84.35370071862762
1800000,-66.21518103868894
1850000,-72.26536177987052
1900000,-110.37885125834573
1950000,-68.12653074748738
2000000,-45.35259809615522
2050000,-89.60717403908959
2100000,-135.02261349984914
2150000,-99.81890992611122
2200000,-85.58068542139691
2250000,-75.40852490532197
2300000,-64.37919052763814
2350000,-89.40803152131295
2400000,-49.82722779886939
2450000,-34.62702113207973
2500000,116.49801002607568
2550000,-67.90092683923015
2600000,-96.89723866749476
2650000,-91.57476973804546
2700000,-57.69669042262768
2750000,-102.80182949985071
2800000,-77.02507843517292
2850000,-47.70379162211246
2900000,-82.47876592104276
2950000,-93.48040400065241
3000000,-95.97844286944968
