objective_1,objective_2
1.1712158215877735,-0.0026544703305727453
1.5015187800035399,-0.002654479108728634
0.051966866447052354,-0.0026543298988644264
-0.08555696216458211,-0.0026542350518410107
