objective_1,objective_2
0.4079566626441897,-0.0026542680178108127
0.7330738201515158,-0.0026544799327980683
0.6482445327183737,-0.002654478255319527
0.5877273002770094,-0.0026544703305727453
0.011066333657597354,-0.0026539855180578373
-0.7229846260750612,-0.0026533530000456143
