objective_1,objective_2
5.937981773370078,-0.03481849351025307
2.324902507374837,-0.0039692996384108
3.3409500586575787,-0.03472811492997847
3.3252707564923925,-0.004017027472579043
1.9428706939030367,-0.003931858282139918
1.9202144871775726,-0.0031446665768660232
