global_step,eval/single_objective_return
100000.0,1203.816426939677
200000.0,1454.6119585789497
300000.0,1518.2494437384023
400000.0,1480.481043780568
500000.0,1581.599884686124
600000.0,1678.530321617054
700000.0,1349.9393862432194
800000.0,1508.0952437120986
900000.0,1041.8924109085951
1000000.0,1085.2920005179774
1100000.0,1325.350859521437
1200000.0,1006.2304218314747
1300000.0,1284.4931583464113
1400000.0,1364.2372355506852
1500000.0,1313.7915852717458
1600000.0,830.1835859902311
1700000.0,1373.116893087439
1800000.0,1371.3511581675084
1900000.0,972.5543932066007
2000000.0,1333.4180646356401
2100000.0,1293.3306345400715
2200000.0,1340.9565782689972
2300000.0,1358.9085038074822
2400000.0,1363.8555539727226
2500000.0,1410.3181265528053
2600000.0,1336.4909523265646
2700000.0,1357.6958328533965
2800000.0,1379.4848445550756
2900000.0,1393.033138000321
3000000.0,1315.7415159625605
