global_step,eval/single_objective_return
100000.0,306.0288325187676
200000.0,505.5356427933687
300000.0,655.4290516278597
400000.0,1018.4899638285412
500000.0,1018.396874270489
600000.0,1018.7740878057281
700000.0,1018.4113838491527
800000.0,1018.3122118697411
900000.0,1018.7525282269984
1000000.0,1018.1433255931319
1100000.0,1017.9734209343405
1200000.0,1018.4942487055329
1300000.0,1018.0943374195161
1400000.0,1018.3685420589552
1500000.0,1017.3356031403258
1600000.0,1018.2628219708635
1700000.0,1036.6379981010232
1800000.0,1026.5053825191985
1900000.0,1021.3326140481147
2000000.0,1018.4824603277679
2100000.0,1017.3970668142149
2200000.0,1017.8073004738269
2300000.0,1017.9767338761746
2400000.0,1017.4149220193938
2500000.0,1018.4096811323304
2600000.0,1017.6033256110444
2700000.0,1018.7126231127143
2800000.0,1018.0879660988037
2900000.0,1018.5145617538547
3000000.0,1018.4150036565186
