global_step,eval/single_objective_return
50000.0,-48.94512564331985
100000.0,-41.10834447560769
150000.0,17.18690962850848
200000.0,13.085294649228462
250000.0,-5.735706806131719
300000.0,-6.908900629924671
350000.0,28.027762248934227
400000.0,99.80767640309935
450000.0,70.08404179726284
500000.0,27.740716524831395
550000.0,7.7752853062948475
600000.0,103.93607218021646
650000.0,163.17497176297536
700000.0,65.15842948550244
750000.0,96.49271643445111
800000.0,180.35102756102955
850000.0,139.27344344275403
900000.0,73.7025731545398
950000.0,150.83680659006018
1000000.0,104.58417473629765
1050000.0,137.2151206168923
1100000.0,179.47580653197414
1150000.0,91.01973435523685
1200000.0,100.63564903997701
1250000.0,173.2210160101649
1300000.0,97.97732636451818
1350000.0,184.76641118085112
1400000.0,134.61821212584908
1450000.0,205.85668959584774
1500000.0,171.45712810886022
1550000.0,178.18083107802767
1600000.0,91.5528722645769
1650000.0,175.85543617600806
1700000.0,63.04383571455035
1750000.0,118.23053188942659
1800000.0,186.16885810733555
1850000.0,138.77848786132546
1900000.0,251.77391641743907
1950000.0,102.20365125495634
2000000.0,221.08555668554496
2050000.0,195.1881392581777
2100000.0,105.08627416468667
2150000.0,121.6080838230055
2200000.0,218.68744904045684
2250000.0,100.55225653197542
2300000.0,133.42715717288723
2350000.0,224.2902903438257
2400000.0,179.01323454500496
2450000.0,104.7726293492346
2500000.0,107.65046985615818
2550000.0,113.89227940168553
2600000.0,119.59957345444532
2650000.0,140.52110750141242
2700000.0,140.19903225806203
2750000.0,211.55653044445825
2800000.0,117.78900227393044
2850000.0,161.7568409060889
2900000.0,205.25089721310866
2950000.0,127.54669451433378
3000000.0,148.5540075281885
