objective_1,objective_2
223.2911954571182,74.0659218052813
240.54698046644634,64.56451251595067
240.73638140932752,62.92313917144062
241.99807884599676,57.61793590478662
231.39333159749413,73.56412137147913
242.93658789107297,56.51461758900934
240.00514506362651,66.95125181415322
232.5333714212292,70.67520354584434
233.4454453823791,69.85133594637587
