objective_1,objective_2
171.88338617174566,47.14237483431949
149.99315250371845,49.68138309636945
212.3221360702484,41.18947134272344
199.71988325548878,44.71765097228822
226.03895479283855,35.18868118508888
