objective_1,objective_2
-1.0855281440246287,-336.67512761146634
