objective_1,objective_2
110.54478731928037,-303.3670912278126
