objective_1,objective_2
214.96621968671062,76.70478606013941
223.91990528027165,74.52988708510311
233.66777348418844,74.02686155960858
235.74756672840314,67.75637761998959
235.4715921227555,68.4539639582967
233.67571276475874,68.71877239162536
