global_step,eval/single_objective_return
50000.0,186.14225928481352
100000.0,3.349424529165418
150000.0,161.5349598737679
200000.0,-65.48582761105503
250000.0,15.223149276795837
300000.0,-3.7425238880365868
350000.0,238.96769718279575
400000.0,210.5962023659763
450000.0,213.73494544126777
500000.0,251.67139255154174
550000.0,232.43491619359685
600000.0,245.97297794247078
650000.0,234.79644246615544
700000.0,219.92744575952696
750000.0,231.52998967716667
800000.0,213.65972826069168
850000.0,231.438775287934
900000.0,198.25395547119047
950000.0,261.811307530278
1000000.0,245.8492386060639
1050000.0,237.67238413168732
1100000.0,187.14353678028561
1150000.0,221.75677148379833
1200000.0,194.1701540127707
1250000.0,236.68433135781206
1300000.0,245.79252285362958
1350000.0,238.54934495946728
1400000.0,223.66891118987002
1450000.0,234.4867206398091
1500000.0,228.86919041015787
1550000.0,222.24731548571498
1600000.0,226.57593004257222
1650000.0,243.6635715375581
1700000.0,137.71485802759832
1750000.0,205.92565851643965
1800000.0,114.77896228967559
1850000.0,116.2645024856148
1900000.0,12.630993502929584
1950000.0,-3.184682736253123
2000000.0,222.88664917264094
2050000.0,248.38223588813224
2100000.0,180.34044297024093
2150000.0,219.76154861907997
2200000.0,183.34249124704533
2250000.0,194.53339425683203
2300000.0,193.04460834112882
2350000.0,226.2442374225082
2400000.0,216.9192699189796
2450000.0,192.36650894094868
2500000.0,243.48696331566578
2550000.0,193.73319516695497
2600000.0,170.73568581407034
2650000.0,234.62099998708698
2700000.0,191.95946114364287
2750000.0,195.6853870249834
2800000.0,227.12972272315534
2850000.0,-13.458701986921241
2900000.0,245.28307087170188
2950000.0,183.8305446098051
3000000.0,162.95300041560841
