objective_1,objective_2
209.36238284949232,84.4477768286092
210.3329055775268,82.15150301227285
214.41915152694256,73.97077134949453
216.26059255709924,72.31442378621932
215.50930342963215,73.21661673286538
217.55174509723633,71.65734317904321
214.02195300142066,76.8363845396257
216.01995417052404,73.15211521401328
217.96731493205812,69.41622571929992
219.54417367821438,58.94529867875953
219.0754277901549,61.89421114483075
