objective_1,objective_2
218.57115257012515,85.0001870856827
218.5195862357315,88.23389997526078
224.35314767412714,64.76464124986623
222.8770531090307,68.0104928941548
