objective_1,objective_2
174.54460561352957,48.6904668622841
175.07535565210716,45.380120218517774
163.37837438433047,49.991544986716534
