objective_1,objective_2
99.37866051064546,37.67430051608177
144.30397403498114,32.64638536166412
141.0886841859864,33.45581717422573
