objective_1,objective_2
-372.8886114877129,98.81159096559688
-157.13127363357154,-433.71237854709295
