objective_1,objective_2
126.93723952196733,196.22390391125265
