objective_1,objective_2
-814.4327434686342,-151.67514473809442
-19.21386087150874,-433.71237854709295
-1032.8942598727158,-150.85425789616897
