objective_1,objective_2
-594.0267926404807,-22.804297401009684
-1.181597448382174,-336.67512761146634
