objective_1,objective_2
220.48692235454422,208.72404613282743
