objective_1,objective_2
207.75108928235204,90.04432266321203
213.17254820989348,82.70633159452919
213.19688711326253,78.18889728741344
210.35661136277923,83.73473445129707
212.55111648477447,83.41590744037485
