objective_1,objective_2
183.55755765499651,54.291529175329366
