objective_1,objective_2
219.921653741463,86.291244888867
223.7115847663371,82.84647466829117
215.07194500468285,88.17135416973179
217.54862388515508,86.36355236246624
216.70808736575728,86.67788179891093
215.27881570003137,87.19155784121708
