objective_1,objective_2
2.548304640268945,-0.009455414213954128
1.3167892202045837,-0.00930379922937069
0.6791698537097643,-0.008769868151750255
3.012367631406221,-0.01004244583622371
