objective_1,objective_2
1.756080766324692,-4.751447676125684
4.444501162853869,-5.0176659318014245
4.2848432738751,-4.90527995580596
4.892585976377798,-5.5767423039573165
4.7358951901467154,-5.344144791517073
5.825268015503539,-8.07814251456191
6.094732134064269,-13.86778561541718
11.016398644767285,-33.14867575551258
7.374193694070265,-14.878426467160336
30.931813052810327,-66.1211499083069
43.00238555550213,-68.81854543598101
52.61917057380847,-241.48909036393465
