global_step,eval/single_objective_return
100000.0,974.6366147651357
200000.0,1070.4823482948448
300000.0,1096.8370686753706
400000.0,983.862841593763
500000.0,1063.9725682237158
600000.0,872.6036512655222
700000.0,743.4933607198569
800000.0,530.8204387464126
900000.0,327.94067287496375
1000000.0,797.010286251471
1100000.0,251.0064256851337
1200000.0,158.60911619124414
1300000.0,889.0207728422114
1400000.0,428.4671837151319
1500000.0,889.6586562024759
1600000.0,768.3496663894075
1700000.0,754.9472310569546
1800000.0,718.40884393515
1900000.0,920.946259244029
2000000.0,1061.1822883708778
2100000.0,1010.9729483521411
2200000.0,1003.53081882165
2300000.0,1209.100073115871
2400000.0,1160.1564986158558
2500000.0,881.6266777746401
2600000.0,668.1680603269732
2700000.0,578.2855726259306
2800000.0,210.13790040328044
2900000.0,47.68507353077343
3000000.0,520.9771541766585
3100000.0,198.9006619371752
3200000.0,214.13161017530675
3300000.0,-120.00655505596568
3400000.0,350.7092896751641
3500000.0,98.46959469228806
3600000.0,123.9241641638924
3700000.0,-110.69382054303767
3800000.0,435.84362427146243
3900000.0,446.938306463582
4000000.0,-21.55014318309987
4100000.0,57.29932626550083
4200000.0,398.76576743191896
4300000.0,330.2109585988878
4400000.0,361.98775211347834
4500000.0,59.051825879909295
4600000.0,295.2775507857009
4700000.0,356.85067066026164
4800000.0,-34.7339299385154
4900000.0,-211.32088326297261
5000000.0,-41.61338691350011
