objective_1,objective_2
5.22984606365287,-11.005014335923839
4.329930195821253,-4.7143251061465765
4.783078613677918,-5.772850793417874
1.0817128088565318,-4.279506916203466
3.5321323017353237,-4.400178312423919
0.5994692459057199,-4.249902977856844
8.34003132696851,-53.49369445603127
19.39423880925745,-103.60099846935056
20.377455582232336,-245.21577744041198
