objective_1,objective_2
195.27779152523365,42.3898132753989
189.49911956890008,43.514197761226775
