objective_1,objective_2
132.66530474696714,32.74591911756402
133.5237520778984,31.35800470792187
127.37588113200543,33.14052407303071
