global_step,eval/single_objective_return
100000.0,1182.0721769721004
200000.0,1045.138230149316
300000.0,1699.4573928859168
400000.0,1072.6445919111509
500000.0,1861.885008244725
600000.0,1058.820501872908
700000.0,1180.242834520544
800000.0,1058.7019797209582
900000.0,1063.2830106504368
1000000.0,1057.7420390383559
1100000.0,1056.9499998889294
1200000.0,1121.0894458531684
1300000.0,1060.2577621113194
1400000.0,1059.0846236739617
1500000.0,1056.9225318508456
1600000.0,1058.6176056406618
1700000.0,1060.9327400122459
1800000.0,1059.64266911266
1900000.0,1058.121396783263
2000000.0,1057.86445045354
2100000.0,1061.789238405586
2200000.0,1058.4880765241987
2300000.0,1062.4371707637783
2400000.0,1058.626801876451
2500000.0,1057.660455971385
2600000.0,1633.2383699312632
2700000.0,1056.9795004099674
2800000.0,1080.980778618573
2900000.0,1059.5182714136208
3000000.0,1061.9750010689067
