global_step,eval/single_objective_return
50000.0,-83.42545092004174
100000.0,-54.95999548206303
150000.0,-64.8809233472347
200000.0,123.07702393130769
250000.0,20.599770117098778
300000.0,35.82264663657701
350000.0,72.47399197737872
400000.0,227.29514846967382
450000.0,178.9603554482862
500000.0,140.85960418958217
550000.0,174.56967152834017
600000.0,173.0005511219711
650000.0,186.11884904285495
700000.0,152.76871420581188
750000.0,203.488814215424
800000.0,129.88058324461844
850000.0,205.00329515477839
900000.0,215.65086925929236
950000.0,204.10038811031134
1000000.0,248.54960073735987
1050000.0,240.95258051674273
1100000.0,248.2895142940538
1150000.0,35.95434864257896
1200000.0,257.8098562049798
1250000.0,188.05489625609823
1300000.0,209.74037564124856
1350000.0,185.3324031985066
1400000.0,212.83632884328898
1450000.0,220.3010435714462
1500000.0,250.72474827019187
1550000.0,162.85882445515853
1600000.0,221.12163741873255
1650000.0,235.33593026677204
1700000.0,243.84940337306003
1750000.0,257.1053498809502
1800000.0,219.29792344491722
1850000.0,253.40373885294198
1900000.0,248.07933322922236
1950000.0,247.16712437145142
2000000.0,229.88339839482478
2050000.0,237.9411889249126
2100000.0,240.3366443063109
2150000.0,243.59156633289302
2200000.0,231.2107002943605
2250000.0,232.59031777331816
2300000.0,236.90306021491406
2350000.0,215.25468149888061
2400000.0,230.69882187562325
2450000.0,222.18500388578406
2500000.0,232.74087536109428
2550000.0,227.91965600254602
2600000.0,229.46169900353624
2650000.0,216.1776137091334
2700000.0,218.7008199446645
2750000.0,237.82781761887614
2800000.0,227.70872843678634
2850000.0,180.93610496832613
2900000.0,215.49846474119914
2950000.0,210.97270473264703
3000000.0,241.37390674263378
