global_step,eval/single_objective_return
100000.0,113.37303135688455
200000.0,92.82007010460022
300000.0,116.59037382583352
400000.0,127.37714101829414
500000.0,116.8987805621345
600000.0,147.73437193384018
700000.0,148.73461519281207
800000.0,168.83609204867705
900000.0,152.7195708253805
1000000.0,153.62648310959932
1100000.0,149.48064449271823
1200000.0,145.3722924804232
1300000.0,144.51401437917679
1400000.0,148.62966501979213
1500000.0,150.32552913759997
1600000.0,152.07023400227493
1700000.0,121.54277460414612
1800000.0,141.94032706445878
1900000.0,151.04637929079226
2000000.0,139.35862904178936
2100000.0,140.0047507016142
2200000.0,143.18605314698763
2300000.0,144.065879319998
2400000.0,147.03459735216262
2500000.0,146.29816186974648
2600000.0,138.37154633016115
2700000.0,151.61737874542467
2800000.0,147.06023170004715
2900000.0,155.34905643912577
3000000.0,137.34803160834534
