objective_1,objective_2,objective_3
27.808577623218294,21.45335976034403,10.334589091595262
21.420593573711812,17.10537241678685,10.929806089028716
23.281607776880264,17.023398636840284,10.792489527724683
