objective_1,objective_2,objective_3
29.16590496699791,1.117969190934673,94.63056627556216
20.316814068704844,3.726304597221315,16.473927622660995
27.912391683552418,3.5904312094207853,84.12020582729019
20.681319064460695,3.716273291036486,20.523252946324646
20.89720067754388,3.661751253530383,44.92552176956087
26.44496430130675,3.674071047455072,26.36136779282242
29.48470828018617,0.8370645992690697,102.41305612551514
29.198468008515192,3.595094377611531,26.49697025443311
29.40367588703521,0.8738780324347317,44.28973183687776
