objective_1,objective_2
1.6230184713771083,-0.008368543134720295
0.5008547495032424,-0.008096412390426199
1.991117904780724,-0.008450849364344225
1.5278815579785892,-0.008320164321567925
1.3440649309192847,-0.00831177217261991
1.3115745971287707,-0.008170935327827845
