objective_1,objective_2
1.2313438589061805,-0.0046367450123541735
0.36073617127647134,-0.0017473537055247511
1.2642495866689392,-0.0046577964550322416
0.11138409552126723,-0.0017146895087500127
-0.7166716185252537,-0.0016982507618900488
0.6046224762177559,-0.0017632888940239486
