global_step,eval/single_objective_return
50000.0,-133.89291459329792
100000.0,-69.73260565506682
150000.0,18.706995841295438
200000.0,-7.656568527646902
250000.0,2.4285127002468654
300000.0,26.276369930563884
350000.0,9.458829539237001
400000.0,28.048945801909916
450000.0,10.688212982357626
500000.0,0.9046390826713434
550000.0,19.065246347592133
600000.0,31.707704586975854
650000.0,-6.598180149636309
700000.0,23.809747473033248
750000.0,50.58581878633603
800000.0,41.50264054123281
850000.0,44.97414911573985
900000.0,24.03137605919129
950000.0,61.40958720862359
1000000.0,34.20406927130271
1050000.0,104.78969973844997
1100000.0,68.98031815159685
1150000.0,30.51080746684938
1200000.0,47.422251962187104
1250000.0,64.11781598051276
1300000.0,13.322709910103166
1350000.0,38.9859825640187
1400000.0,39.1479163192801
1450000.0,78.74982215562925
1500000.0,65.3906302191549
1550000.0,58.96045188667928
1600000.0,121.4282067482983
1650000.0,170.14704758737804
1700000.0,136.7839090192387
1750000.0,94.28696487028978
1800000.0,132.8548454403153
1850000.0,125.86278499194145
1900000.0,141.32122254187524
1950000.0,152.46355647280475
2000000.0,146.52335914878688
2050000.0,159.67042267847168
2100000.0,131.88181306215336
2150000.0,178.48380837481577
2200000.0,198.3342760976717
2250000.0,161.61409968931326
2300000.0,166.03252498771835
2350000.0,182.0219092719563
2400000.0,107.06520830341321
2450000.0,95.84701555895683
2500000.0,146.86296415129408
2550000.0,118.90305148445017
2600000.0,132.23899996141904
2650000.0,116.98363047179348
2700000.0,120.18875380153888
2750000.0,158.47578874668346
2800000.0,123.99059862722466
2850000.0,173.51293487347124
2900000.0,118.9725092004027
2950000.0,148.0458592777542
3000000.0,125.06336396806212
