objective_1,objective_2
47.61108283295286,-160.7022101099549
47.913859881998604,-166.90546813712064
45.782373489568684,-155.3121471507378
45.871389470145054,-156.24823957965938
38.369802173531596,-133.12734542533218
53.781695420563004,-212.0106280858291
35.59938371886868,-129.92583696205034
42.62390695686754,-140.82288552971735
49.77879320980418,-178.0614567906111
55.17080373461472,-213.1460766105459
