objective_1,objective_2,objective_3
11.04422118592161,6.265018695320278,12.59482649909631
