objective_1,objective_2,objective_3
14.78888129832962,-0.3248566771835257,4.582584948399858
10.281334273591073,-0.17437293079744054,4.832709637903084
13.872947154424025,-0.249691658257815,-0.249691658257815
7.960162755211882,-0.1306411721268049,-0.1306411721268049
4.988204080380287,-0.08228577026834823,-0.08228577026834823
10.342413170654222,-0.17437293079744054,-0.17437293079744054
12.955130173292963,1.2205546750878842,-0.3248566771835257
7.997217368073198,-0.15305633445573485,-0.15305633445573485
