objective_1,objective_2,objective_3
20.422998009921606,12.105638586037903,5.447123084867338
