global_step,eval/single_objective_return
50000,8.05520404205484
100000,-33.95417721760728
150000,57.300961154619216
200000,-16.13234401539073
250000,18.995197839840216
300000,18.73755077562734
350000,204.05480025968075
400000,-3.5289098217015606
450000,-5.593095058283993
500000,7.324299559841322
550000,31.556607772666183
600000,47.181930148300864
650000,293.9296047945166
700000,-11.301263895320389
750000,0.2422351064329149
800000,24.619082510928905
850000,269.9836084777378
900000,47.35684172102046
950000,249.38092372671477
1000000,-17.014841243293546
1050000,21.0508505581453
1100000,156.77063367207882
1150000,31.332953513391317
1200000,8.754197155092996
1250000,31.592717031208707
1300000,14.87429942096054
1350000,-16.132499977052277
1400000,155.46674861486295
1450000,14.553955562774576
1500000,9.374938306034906
1550000,6.838396340498093
1600000,1.4282745750847283
1650000,0.3900925499637822
1700000,13.979747467932498
1750000,-5.339966869232356
1800000,2.1503892442022305
1850000,-21.168249649109256
1900000,113.3246805978666
1950000,35.44159268745997
2000000,-24.087718461367515
2050000,120.18725507026427
2100000,7.837039543582861
2150000,16.103773233560943
2200000,-19.200733232223243
2250000,-2.4479043352584284
2300000,48.84929645735576
2350000,3.237360913771383
2400000,-6.786973118398805
2450000,-9.386025419463635
2500000,-1.3776445673592406
2550000,26.4551515898034
2600000,27.068463423325326
2650000,-28.571595135946183
2700000,-5.847459250105743
2750000,29.964810877712893
2800000,-5.581680778568213
2850000,-13.947558389116978
2900000,23.51058563387464
2950000,7.158369982943427
3000000,14.52083206570967
