global_step,eval/single_objective_return
100000.0,-608.6263408983357
200000.0,-607.5908633866104
300000.0,-606.7434154536122
400000.0,-590.2100808761264
500000.0,-592.8403421686795
600000.0,-598.4646140186154
700000.0,216.0266998652059
800000.0,231.17305287594027
900000.0,166.85495837158686
1000000.0,137.96211885862067
1100000.0,154.50288102271452
1200000.0,167.95006591711987
1300000.0,168.04996409896316
1400000.0,775.7986052844794
1500000.0,774.038623303986
1600000.0,764.0278717437557
1700000.0,766.9052357413108
1800000.0,783.7710182687466
1900000.0,777.2077459189817
2000000.0,771.1200327716826
2100000.0,774.8289624813901
2200000.0,774.1566958922525
2300000.0,768.1941232876729
2400000.0,776.4997883201955
2500000.0,444.9704929022165
2600000.0,429.51669476406596
2700000.0,467.20686949482115
2800000.0,468.89339373386065
2900000.0,479.9485824721638
3000000.0,467.3102506460752
3100000.0,468.1777265093982
3200000.0,471.0173488362093
3300000.0,466.1829955867585
3400000.0,470.762322124384
3500000.0,473.69195351161727
3600000.0,471.66629043016053
3700000.0,478.07710699344386
3800000.0,472.4142552116612
3900000.0,462.6564953549897
4000000.0,474.83579211675533
4100000.0,467.8185274054067
4200000.0,465.28140689783186
4300000.0,458.44651077937453
4400000.0,469.41340361043876
4500000.0,474.6723929056428
4600000.0,470.2034148825019
4700000.0,469.3104567809202
4800000.0,470.85802108494244
4900000.0,464.3323181985732
5000000.0,466.57979980869777
