global_step,eval/single_objective_return
100000.0,57.588634012277716
200000.0,399.52032434882557
300000.0,1074.1839861638468
400000.0,900.931140346398
500000.0,655.6999879452993
600000.0,370.0862169508871
700000.0,403.57245181018726
800000.0,416.7782645562667
900000.0,523.2732024086557
1000000.0,508.4435320306747
1100000.0,443.13106963671635
1200000.0,830.868852000096
1300000.0,355.45670175639395
1400000.0,463.78819060940805
1500000.0,471.6506253457631
1600000.0,573.0669532179411
1700000.0,1095.473748827192
1800000.0,1159.5376988222674
1900000.0,579.300924398408
2000000.0,434.1534062909206
2100000.0,969.205960431453
2200000.0,582.2084890398531
2300000.0,178.6144107631219
2400000.0,690.8077476467258
2500000.0,629.9320718626651
2600000.0,383.3573139554523
2700000.0,398.47422221602096
2800000.0,389.7567438237071
2900000.0,628.5188439196951
3000000.0,577.4558042288971
3100000.0,515.5203577397591
3200000.0,463.9417934054072
3300000.0,562.3507175537364
3400000.0,429.1399281751636
3500000.0,454.6514758612471
3600000.0,980.4376624676488
3700000.0,946.2944926477326
3800000.0,900.5916464949718
3900000.0,781.0792714490727
4000000.0,744.4439965872924
4100000.0,1250.0894108720893
4200000.0,1734.1271582613786
4300000.0,1538.8184681415255
4400000.0,1214.3040328906714
4500000.0,1270.2000497543668
4600000.0,1649.0970546896435
4700000.0,1267.8264823104876
4800000.0,1294.770588527218
4900000.0,1113.244337412065
5000000.0,638.905198973063
