objective_1,objective_2,objective_3
147.47910526969343,138.1347477411212,75.53983667575876
137.91030706910198,172.82133132917926,72.630894301397
148.91449937785353,119.52134249236947,72.40986358644837
158.33442485792133,82.74395818400636,58.310695707648826
