objective_1,objective_2
2.475520968084939,-3.9393739963088983
3.9047450383850055,-4.040755600891059
5.164092995960119,-4.052926006687745
3.407411382629596,-3.943027475947914
2.0648747020705605,-3.8878441684853797
9.359620952374517,-19.10466579874835
119.07305947060631,-164.97354007471205
87.42192962467107,-162.38685715383977
65.28681983512845,-142.27797257435446
46.707492793013486,-125.4250744119269
127.32658832144519,-223.06308826517088
