objective_1,objective_2
136.0218841584655,117.13548667892603
