global_step,eval/single_objective_return
100000.0,966.3893422234432
200000.0,932.9236051556367
300000.0,988.9295701354888
400000.0,1233.7408043699343
500000.0,1717.7634264841115
600000.0,1979.408693405579
700000.0,2171.697830925733
800000.0,1818.136448677566
900000.0,1511.7702214073956
1000000.0,1302.1144669085054
1100000.0,1221.2481096558106
1200000.0,1310.7182030850297
1300000.0,1276.1872442397778
1400000.0,1293.137012521079
1500000.0,1375.5692311178425
1600000.0,1269.2383075299338
1700000.0,1191.2659382075042
1800000.0,1219.9576569825233
1900000.0,1215.212306406032
2000000.0,1095.454727087979
2100000.0,1258.455392410125
2200000.0,1233.6981518653872
2300000.0,1147.919035667273
2400000.0,1173.5841890253514
2500000.0,1195.806339054904
2600000.0,1360.2737173227072
2700000.0,1553.778962878027
2800000.0,1413.174515807456
2900000.0,1177.3313702399232
3000000.0,1241.2184099244864
