global_step,eval/single_objective_return
100000.0,1124.4749217098718
200000.0,1151.6719276166345
300000.0,1619.5755577664045
400000.0,1811.0333259752904
500000.0,2086.778224876187
600000.0,2057.763716363454
700000.0,2073.7212060474935
800000.0,2176.358849477423
900000.0,2007.441144016413
1000000.0,2088.334905931497
1100000.0,2175.318144870768
1200000.0,2172.9616014779813
1300000.0,2260.4600265676554
1400000.0,2245.782383260584
1500000.0,2370.4640961001924
1600000.0,2302.8522695012202
1700000.0,2064.817475160856
1800000.0,2033.274119551704
1900000.0,2096.236683302959
2000000.0,2171.991260432098
2100000.0,2246.4881140356106
2200000.0,2222.0209995418363
2300000.0,2344.4288508680947
2400000.0,2274.5084847749176
2500000.0,2198.931092716808
2600000.0,2271.334258906624
2700000.0,2272.318953442199
2800000.0,2407.36386564931
2900000.0,2398.803305205348
3000000.0,2414.4621634814657
