global_step,eval/single_objective_return
50000.0,22.067959673455476
100000.0,39.922484913522055
150000.0,-29.702615046896085
200000.0,45.46883883814053
250000.0,213.12936109891123
300000.0,15.702742079899437
350000.0,19.29772106241768
400000.0,234.52345107873646
450000.0,228.14162235217879
500000.0,187.77927149514275
550000.0,272.3017868774076
600000.0,288.7902783023402
650000.0,248.40167563490056
700000.0,215.46238885494532
750000.0,237.0758422585468
800000.0,3.444597519282297
850000.0,235.85419398010313
900000.0,253.64264546006697
950000.0,212.02857399839715
1000000.0,309.09870347271004
1050000.0,214.3638536862308
1100000.0,214.69104005912146
1150000.0,283.72963307463283
1200000.0,237.83918539213403
1250000.0,250.15198806348647
1300000.0,252.39986197961272
1350000.0,279.94744985557065
1400000.0,283.87347322919794
1450000.0,137.3745932383894
1500000.0,256.11687029245024
1550000.0,-23.832444992859692
1600000.0,-16.19153995505245
1650000.0,39.609439202704806
1700000.0,-22.902202495097
1750000.0,-5.563921065659514
1800000.0,-66.88493394929206
1850000.0,-7.330141883908709
1900000.0,5.937812120363404
1950000.0,42.383260635176526
2000000.0,46.05935547878073
2050000.0,-44.501210299685525
2100000.0,80.48347124503596
2150000.0,166.81834577246053
2200000.0,-2.27435360697109
2250000.0,3.5483911907439705
2300000.0,136.8217830912627
2350000.0,25.732266625386174
2400000.0,31.41584714797216
2450000.0,276.2936013161214
2500000.0,-56.579411531394065
2550000.0,283.16208243514467
2600000.0,22.7322775831055
2650000.0,126.14824504339225
2700000.0,-3.5673584541232373
2750000.0,24.70681668047223
2800000.0,216.64675399969687
2850000.0,147.01292012218437
2900000.0,181.31604060303064
2950000.0,30.743999840469996
3000000.0,253.83813625898108
