objective_1,objective_2
125.27521140311359,216.0914008164625
