objective_1,objective_2
-587.7510954829461,-71.22067127797607
