objective_1,objective_2
218.7475094815781,208.2543456095404
