objective_1,objective_2
105.00713803810963,155.5429720928953
