objective_1,objective_2
-49.448316490664126,180.26719257621008
