objective_1,objective_2
-477.1304706446218,26.435035983106175
