objective_1,objective_2
83.39873445077984,198.588067265804
