objective_1,objective_2
-103.71905122213865,133.2089252664588
-298.27960993986835,134.07879955683543
