objective_1,objective_2
98.34543848180971,-27.55511094709693
86.25433382441079,-24.315694015372
88.7636871163688,-24.792537103828508
95.64530691698764,-26.652699612450338
91.65084306103256,-25.264611761400452
99.73964062704862,-27.99955986623619
94.57302440423905,-26.194646044282937
92.98410652740405,-25.731965672396676
97.28580896740917,-27.106172644936063
84.190386325464,-23.834034330062394
