global_step,eval/single_objective_return
50000,-29.13644362448119
100000,37.37080007727249
150000,4.4837947593193945
200000,9.413551256702121
250000,-6.560970670359978
300000,49.18186443710172
350000,154.54206523542896
400000,121.0018824814144
450000,199.48373873021166
500000,135.3232715458536
550000,105.92463421635347
600000,143.5416380731397
650000,175.47031815993532
700000,119.74704790001951
750000,118.70115314451748
800000,123.09086854950202
850000,102.5752224243284
900000,146.6213346741824
950000,136.46441265806374
1000000,135.861131889212
1050000,-7.473055665759787
1100000,128.43148068191073
1150000,-14.057977449227948
1200000,62.53071032325093
1250000,94.55031704981208
1300000,29.426242910010444
1350000,155.4249067443264
1400000,171.63612289038025
1450000,186.5491448727357
1500000,195.27665568010278
1550000,163.68738784243678
1600000,36.72930219726729
1650000,39.05301636257445
1700000,107.30026481330401
1750000,38.959994530794006
1800000,50.70775592534761
1850000,14.347460067112948
1900000,84.72162835835582
1950000,30.019895502639116
2000000,138.66990000415657
2050000,158.72909969618536
2100000,183.76411047449596
2150000,165.6967130180163
2200000,207.37905803038646
2250000,165.22055969568632
2300000,25.704393527570886
2350000,47.09969998180435
2400000,126.91066033910944
2450000,155.48285965287656
2500000,195.4521357487981
2550000,150.69048995372074
2600000,167.03582272575554
2650000,220.36668533120502
2700000,129.3300735745476
2750000,175.93118177615986
2800000,176.76681282983103
2850000,198.10645565927211
2900000,153.48791270879454
2950000,197.8718540154211
3000000,202.3144260954291
