global_step,eval/single_objective_return
50000,197.5091631649027
100000,231.26218055678603
150000,255.70671092422538
200000,260.0715942030962
250000,223.38367364123945
300000,144.75570657384037
350000,217.89544873492528
400000,229.92273909059833
450000,181.54269157820903
500000,135.08101488329083
550000,119.06600370548357
600000,219.66629743878622
650000,-23.099010809615905
700000,-26.96326317129109
750000,69.37156929738474
800000,160.29980505725638
850000,119.26883317564783
900000,-151.4903854834217
950000,-170.54583269449822
1000000,-139.78456409416333
1050000,181.13048398097828
1100000,119.55472869325679
1150000,-2.450557320905901
1200000,-121.31509748819761
1250000,-124.06981898171318
1300000,176.18550208358445
1350000,-157.8105356395281
1400000,82.82690582995183
1450000,-78.71609630249502
1500000,-39.11182258612013
1550000,-126.49224340023433
1600000,-126.91791205445125
1650000,32.47225121074783
1700000,-41.5276303753419
1750000,-154.85759840792053
1800000,-122.67315475853421
1850000,-116.06555189826511
1900000,-112.48449408608346
1950000,-155.50501376671156
2000000,-67.44111910642661
2050000,-150.58960726221915
2100000,-139.72703072004086
2150000,-199.33103301661595
2200000,-103.65903012807453
2250000,-68.13591726151054
2300000,108.214390294364
2350000,-61.22294040079839
2400000,-96.76686332448847
2450000,-40.531812176628456
2500000,-13.26060378353904
2550000,-81.2821166256256
2600000,-223.04560712761366
2650000,114.6929954789706
2700000,-115.5676794106723
2750000,-87.53904565919078
2800000,-182.69855491952828
2850000,-108.65363608016713
2900000,104.07299547498224
2950000,-142.19419691887305
3000000,-113.43062840094782
