global_step,eval/single_objective_return
50000,-19.775991749993096
100000,227.71352762158205
150000,106.2523534954113
200000,17.811491046279016
250000,193.54139002173986
300000,170.75287454203422
350000,35.847085464743316
400000,11.826197821542365
450000,-12.984132340742661
500000,214.44667978250868
550000,120.80279409859763
600000,168.1251732927145
650000,171.5426128728845
700000,196.5394859431181
750000,184.84308260249486
800000,190.75470669708739
850000,180.8773414534661
900000,176.97954270009583
950000,149.94771411805772
1000000,149.64998099746373
1050000,157.19744678038526
1100000,175.05058676828375
1150000,209.71958498529574
1200000,26.48287301423764
1250000,281.47656490141503
1300000,9.240006913804322
1350000,28.38479331873529
1400000,12.808496715815139
1450000,146.2662499111404
1500000,16.72314714564922
1550000,-5.377255189736275
1600000,6.5017951355163035
1650000,230.30736153160092
1700000,15.43523569058054
1750000,172.29936553387046
1800000,10.56835908813018
1850000,5.832203782815725
1900000,238.5781563016502
1950000,23.47208855548122
2000000,6.889907414064041
2050000,4.5642166447591705
2100000,3.2352214480501686
2150000,-5.243337159607421
2200000,89.76158299078145
2250000,-1.5869857006955783
2300000,-12.548232541213451
2350000,-0.6289494778013704
2400000,-3.2062879667958413
2450000,-5.073731638421378
2500000,174.49342128258075
2550000,4.87697667055555
2600000,192.86745489130954
2650000,0.26759821171758347
2700000,9.121883148529108
2750000,22.900661459543343
2800000,-8.300426605068793
2850000,167.0516218786975
2900000,-37.597029702334
2950000,-13.654567221794665
3000000,11.429175871052891
