global_step,eval/single_objective_return
50000,32.97405004186507
100000,131.09793217699283
150000,25.118158242819547
200000,22.655872581732908
250000,152.7273655160214
300000,-4.352843478159571
350000,13.742097225750626
400000,14.452454002608732
450000,8.670198520836422
500000,123.25664570362522
550000,-1.6685424172681849
600000,194.29627334795057
650000,249.48097728961443
700000,190.87530038576645
750000,35.193910026687746
800000,22.731599821148762
850000,190.30239745745087
900000,218.30334981393764
950000,229.9159315198664
1000000,184.75521453238014
1050000,175.89326736192592
1100000,-6.1110964653667
1150000,142.83035680275984
1200000,202.46042744596974
1250000,20.92164861457202
1300000,163.3166864585553
1350000,23.614829326438482
1400000,40.95838890853656
1450000,166.80225300851038
1500000,12.498839228815868
1550000,234.13642273635017
1600000,-4.730140376491519
1650000,275.6709157556984
1700000,63.91870705175171
1750000,24.140862159649203
1800000,180.42260844420537
1850000,137.8869647334626
1900000,136.23713231620113
1950000,5.4267760489492645
2000000,32.588754746028144
2050000,14.261041607871448
2100000,4.222715136507148
2150000,-3.8528992925647287
2200000,25.385068746171015
2250000,2.259969001594655
2300000,35.430561393595724
2350000,176.15237769088435
2400000,156.12680036382062
2450000,2.636717317121608
2500000,4.861673187230494
2550000,34.383098847113274
2600000,28.973128192150654
2650000,14.915735345395774
2700000,2.650789159430147
2750000,198.46677965676963
2800000,-11.257216888354634
2850000,7.457765015345103
2900000,20.356205010181625
2950000,3.996580590631993
3000000,-1.0373035900169185
