global_step,eval/single_objective_return
50000.0,-42.60449376044013
100000.0,29.124676281002603
150000.0,28.085145229660462
200000.0,42.423822201802814
250000.0,62.05794484439423
300000.0,58.997149083577916
350000.0,105.72616450647834
400000.0,87.49034574150355
450000.0,61.89814351139357
500000.0,121.06544319522803
550000.0,105.2594799292297
600000.0,130.10547760085075
650000.0,159.97619326196124
700000.0,204.58490673506682
750000.0,167.4180421148006
800000.0,85.5885830718332
850000.0,197.0947754309436
900000.0,206.92610892106532
950000.0,228.08151878029767
1000000.0,159.03020597926735
1050000.0,273.3974415284224
1100000.0,223.53577993836115
1150000.0,235.45138022717092
1200000.0,230.56824099401055
1250000.0,192.8504620656206
1300000.0,247.1938658841509
1350000.0,256.13437978394694
1400000.0,257.3448517718104
1450000.0,220.70052519647797
1500000.0,230.66273580894398
1550000.0,250.09118545151046
1600000.0,247.76682304864022
1650000.0,229.47089978808253
1700000.0,146.45569947388745
1750000.0,272.94068276248936
1800000.0,231.11769763447765
1850000.0,241.01848927461873
1900000.0,219.98694540149904
1950000.0,197.13307878486737
2000000.0,179.7079957628406
2050000.0,224.42066423526165
2100000.0,250.56287041056876
2150000.0,202.1739773491406
2200000.0,192.04603361118194
2250000.0,231.47569610917589
2300000.0,184.96933617773266
2350000.0,204.89672040870784
2400000.0,237.42238480270603
2450000.0,174.4046374901562
2500000.0,149.15055500978585
2550000.0,250.0710281533603
2600000.0,194.48292945940835
2650000.0,219.90902457166058
2700000.0,225.25419236455713
2750000.0,209.75729418963724
2800000.0,134.1399497115602
2850000.0,115.81802666942671
2900000.0,168.8943469741243
2950000.0,195.27018866962266
3000000.0,252.4849354141199
