{
    "MOHopperDefault-v5": {
        "0": [
            36.79568095876027,
            272.5638441046079
        ],
        "1": [
            -14.272523477366056,
            321.24156293383567
        ],
        "2": [
            -62.05733605461224,
            99.69746069950142
        ]
    },
    "MOHopperLight-v5": {
        "0": [
            47.50152950581573,
            260.7094701727231
        ],
        "1": [
            -23.17904075726498,
            457.4120705865069
        ],
        "2": [
            -40.33613444915771,
            99.60370559795992
        ]
    },
    "MOHopperHeavy-v5": {
        "0": [
            37.35605769108973,
            217.96978573090988
        ],
        "1": [
            -25.742948063373092,
            246.80910009014528
        ],
        "2": [
            -61.70746294864784,
            99.62460561505472
        ]
    },
    "MOHopperSlippery-v5": {
        "0": [
            40.575654244802344,
            176.7733503797402
        ],
        "1": [
            -20.973088154792396,
            339.3012592365946
        ],
        "2": [
            -45.16352207484338,
            99.68338259083995
        ]
    },
    "MOHopperLowDamping-v5": {
        "0": [
            36.642547847429064,
            271.72680925826234
        ],
        "1": [
            -1.484777561481072,
            314.92957239443666
        ],
        "2": [
            -44.71856007223433,
            99.68015474844982
        ]
    },
    "MOHopperHard-v5": {
        "0": [
            26.932259764405536,
            174.768752774847
        ],
        "1": [
            -40.1853781767408,
            335.9983594649772
        ],
        "2": [
            -51.599806879745515,
            99.67777804536463
        ]
    }
}