{
    "MOHumanoidDefault-v5": {
        "0": [
            39.63328813988395,
            395.3616006055876
        ],
        "1": [
            -306.0007154302838,
            189.06336671166113
        ]
    },
    "MOHumanoidLight-v5": {
        "0": [
            32.33721977610646,
            548.3034055981165
        ],
        "1": [
            -431.0583109275294,
            156.4717393944678
        ]
    },
    "MOHumanoidHeavy-v5": {
        "0": [
            40.94150861550624,
            264.04982090778793
        ],
        "1": [
            -286.2441221741368,
            138.3769147992134
        ]
    },
    "MOHumanoidLowDamping-v5": {
        "0": [
            33.04101085850591,
            374.23731533316214
        ],
        "1": [
            -230.31346331596237,
            182.43069206122163
        ]
    },
    "MOHumanoidHard-v5": {
        "0": [
            31.567408556476003,
            329.5104117478234
        ],
        "1": [
            -213.1460766105459,
            102.99287031742848
        ]
    }
}