{
    "MOLunarLanderDefault-v0": {
        "0": [
            -58.42785835266113,
            18.744779586791992
        ],
        "1": [
            -344.74821081529456,
            106.18355068006738
        ],
        "2": [
            -74.47723253949073,
            0.0
        ],
        "3": [
            -55.00495684719497,
            0.0
        ]
    },
    "MOLunarLanderHighGravity-v0": {
        "0": [
            -61.79438030500402,
            16.555075645446777
        ],
        "1": [
            -322.93901879809926,
            116.6436844599666
        ],
        "2": [
            -82.90294159670859,
            0.0
        ],
        "3": [
            -47.90315161833071,
            0.0
        ]
    },
    "MOLunarLanderWindy-v0": {
        "0": [
            -59.30862045288086,
            6.478397293775279
        ],
        "1": [
            -321.5482185684584,
            111.4395739948377
        ],
        "2": [
            -73.30295039582846,
            0.0
        ],
        "3": [
            -53.7794294078263,
            0.0
        ]
    },
    "MOLunarLanderTurbulent-v0": {
        "0": [
            -59.895599365234375,
            13.037079334259031
        ],
        "1": [
            -460.7177909646779,
            112.39668497198728
        ],
        "2": [
            -62.96365127867667,
            0.0
        ],
        "3": [
            -55.79857961408425,
            0.0
        ]
    },
    "MOLunarLanderHard-v0": {
        "0": [
            -60.8061637878418,
            0.1163981755574544
        ],
        "1": [
            -409.10889691114426,
            99.38464538525224
        ],
        "2": [
            -74.49978334456682,
            0.0
        ],
        "3": [
            -50.32408633853036,
            0.0
        ]
    },
    "MOLunarLanderLowMainEngine-v0": {
        "0": [
            -59.01803970336914,
            11.42651891708374
        ],
        "1": [
            -281.548286755581,
            106.06706805061548
        ],
        "2": [
            -82.08910976118774,
            0.0
        ],
        "3": [
            -54.82288972261479,
            0.0
        ]
    },
    "MOLunarLanderLowSideEngine-v0": {
        "0": [
            -56.91196728170537,
            11.890753746032717
        ],
        "1": [
            -383.156773027203,
            101.18072697578464
        ],
        "2": [
            -68.6128876295271,
            0.0
        ],
        "3": [
            -54.88449019193649,
            0.0
        ]
    },
    "MOLunarLanderStartRight-v0": {
        "0": [
            -58.128379821777344,
            18.273606300354004
        ],
        "1": [
            -381.2293105963511,
            123.93594770252407
        ],
        "2": [
            -75.73435993543379,
            0.0
        ],
        "3": [
            -54.816999533274384,
            0.0
        ]
    }
}