objective_1,objective_2
43.685993268756604,-135.4415481810376
55.318199847813936,-163.25093346374325
64.15858112458879,-206.03844964620356
35.565220921436946,-115.46577270024564
55.995517688907,-182.5121575347045
36.37538444886458,-128.91793027647248
36.22839597038639,-118.37981309872819
44.16980426275464,-142.428427136919
56.40959323067368,-187.74453044937758
46.50858075961071,-143.11970533251701
