objective_1,objective_2
90.29831902214606,-37.107384997552174
116.85997032314116,-44.490495779621426
33.40596834420908,-15.347727664602612
69.70725656635787,-20.51389789821335
121.82729821890828,-60.50253544825708
81.36754629996123,-31.581394325131118
117.92967485578006,-56.92152742738993
98.5240550557773,-43.29149132066482
33.549528247114495,-18.921168423906796
