objective_1,objective_2
121.20212986108723,49.46282694564463
119.3703956563011,68.57755928414946
126.10821118448708,44.24203923306691
