objective_1,objective_2
110.38218728447764,65.92883859057238
109.04544550656153,66.16994978772217
111.21634431285786,65.79238210703639
111.8723215499723,64.7001902602582
120.98802399830761,64.36906628249416
105.80381467646325,66.94852840093571
