objective_1,objective_2
99.37011964326828,65.52583166551305
104.56026244234731,65.00953283144999
