global_step,eval/single_objective_return
50000.0,-27.46782415185739
100000.0,12.279267730977551
150000.0,31.677069100941157
200000.0,-114.84274191719483
250000.0,-116.89284090012457
300000.0,-129.91897497893828
350000.0,17.239428486740643
400000.0,86.99527829606515
450000.0,-80.69894607919892
500000.0,-85.27576264093743
550000.0,-85.79393843360761
600000.0,-89.77933960168316
650000.0,-32.21487695946173
700000.0,5.844409297953646
750000.0,-71.24695853602856
800000.0,44.908574824106225
850000.0,-45.34384253655552
900000.0,-113.68911184335077
950000.0,-66.79725986843545
1000000.0,-90.28742297142561
1050000.0,31.23100932827655
1100000.0,51.442342678851446
1150000.0,-61.81489982848168
1200000.0,-63.4241325892702
1250000.0,-72.18724795304124
1300000.0,-98.40570495783014
1350000.0,-46.30248545637577
1400000.0,-137.02973101239456
1450000.0,-120.88464379066167
1500000.0,-175.28816083633666
1550000.0,-75.76726959071219
1600000.0,-58.65270124894376
1650000.0,-62.699067335307156
1700000.0,-72.26098255550686
1750000.0,-80.78786912466663
1800000.0,-35.77153956006639
1850000.0,-69.87082477789254
1900000.0,-80.14742061867847
1950000.0,-36.36245375588665
2000000.0,-25.650049497080033
2050000.0,-113.72267836062338
2100000.0,-89.13980251450973
2150000.0,-15.23214880533185
2200000.0,-28.498280004199103
2250000.0,-8.15605830173619
2300000.0,-107.62832477637065
2350000.0,-63.29609393838474
2400000.0,-128.85672870576053
2450000.0,-123.08484489156231
2500000.0,-80.30519395509297
2550000.0,-130.51201533445027
2600000.0,-189.5023332423529
2650000.0,-103.44075840967805
2700000.0,-114.85398007977328
2750000.0,-146.08939449678002
2800000.0,-27.530683122391235
2850000.0,-122.14469776346058
2900000.0,-122.01416435438009
2950000.0,-129.5897505327285
3000000.0,-118.93121148633384
