global_step,eval/single_objective_return
50000.0,3.916826113680935
100000.0,4.136841268873508
150000.0,2.0178999985948196
200000.0,-67.47020124914134
250000.0,-21.988682594857448
300000.0,-34.96818460931003
350000.0,-148.67141017893155
400000.0,-40.65396953708213
450000.0,-131.97988237462866
500000.0,-187.3073001961124
550000.0,-114.63593304585409
600000.0,-41.881410290042396
650000.0,-39.26365358945532
700000.0,-60.705724106751816
750000.0,-181.62793593230631
800000.0,-86.25073499843131
850000.0,59.822477056164054
900000.0,-81.65536137757454
950000.0,-37.932165046818774
1000000.0,-149.41555908381974
1050000.0,-80.02503479487507
1100000.0,-86.89716075495761
1150000.0,96.22337887143587
1200000.0,-94.92075662523854
1250000.0,-78.88069864913417
1300000.0,-92.0617044291933
1350000.0,-66.34904978376399
1400000.0,-76.70561972610284
1450000.0,-34.82674097268509
1500000.0,-71.89416526366628
1550000.0,-64.89758707558627
1600000.0,-93.92686180985496
1650000.0,-84.58302337413399
1700000.0,-25.853720516708336
1750000.0,5.282613149362833
1800000.0,-34.16726812696743
1850000.0,-85.261940714759
1900000.0,-110.74923455310643
1950000.0,-73.31869625413869
2000000.0,-108.70215094985265
2050000.0,-145.24568045184967
2100000.0,-108.77056322071664
2150000.0,-130.05809248845884
2200000.0,-112.99735403584182
2250000.0,-184.07921307417945
2300000.0,-52.57806283571681
2350000.0,-146.78188946097734
2400000.0,-97.84161240086932
2450000.0,-125.63252303651025
2500000.0,-3.819864793374376
2550000.0,-39.147416150884055
2600000.0,-174.30643236592817
2650000.0,-173.1157307076072
2700000.0,-169.20159905781372
2750000.0,-205.1496439387146
2800000.0,-163.2170206730172
2850000.0,-261.3013240637987
2900000.0,-254.54535733286156
2950000.0,-131.0440956375943
3000000.0,-74.72294423627628
