objective_1,objective_2,objective_3
130.16774179693485,119.78939150733056,29.017545974108245
142.4731883286273,135.4372078940283,21.485501813603975
126.52236419834676,89.1176062788494,47.41460887012399
136.82830516749132,109.4708274335811,25.145147701503582
136.3911153597961,77.76829772457444,61.23826564632004
147.29885101796972,85.69426276430544,56.423207344964105
156.23755097868104,107.71966599725101,41.41932266051607
