objective_1,objective_2
4.126625079885006,-20.75311850465888
5.731940914038762,-21.545181140195798
9.049627107491336,-22.089139112145965
9.850552521832054,-29.957485703992653
11.66262858540328,-33.65717854269142
11.503559179821126,-32.469649983016986
17.12578686350558,-46.04561708011007
14.978768440243506,-44.298327948586206
