global_step,eval/single_objective_return
100000.0,2107.212383723047
200000.0,2089.2021415623767
300000.0,1976.3884318242558
400000.0,2022.809997278756
500000.0,1777.2920729721905
600000.0,2040.0267547490948
700000.0,1958.8733392384124
800000.0,1912.0048680576645
900000.0,1895.7935864838244
1000000.0,1931.763447294807
1100000.0,1787.7669846483864
1200000.0,1693.1501297968184
1300000.0,1605.0028038507905
1400000.0,1634.8214784670179
1500000.0,1627.417205102416
1600000.0,1763.19667343279
1700000.0,1796.5918798460996
1800000.0,1750.1021654028605
1900000.0,1720.9223679853117
2000000.0,2060.524618029702
2100000.0,1931.8642808244956
2200000.0,1768.7142888765507
2300000.0,1597.7288948953235
2400000.0,2087.2443063911132
2500000.0,1963.6889281232027
2600000.0,1466.008018526978
2700000.0,1810.860504000375
2800000.0,1866.1020830741884
2900000.0,1545.7885558870153
3000000.0,1903.2321002603435
