objective_1,objective_2
161.69353946147032,39.29334292500663
160.2741191952028,40.109933777580025
