objective_1,objective_2
163.7819591085127,38.89849700044349
