objective_1,objective_2
232.42876585212284,68.91988002537964
228.38390424559302,76.86607427109799
230.68204753421642,73.58051702141152
231.68426141114767,70.22460706231568
237.70157674658506,65.16358888636842
239.4571033936868,57.79715642554223
235.49466058051627,65.65610107898966
232.72571371144858,68.44574791121151
232.82136344979696,68.02506987057376
235.16565111648072,66.9861885964765
233.33602987870353,67.03054035221433
