global_step,eval/single_objective_return
100000.0,157.56501557089555
200000.0,22.823856190273816
300000.0,-2.103047927833539
400000.0,98.8594608679102
500000.0,156.34497835789824
600000.0,-6.854810514911719
700000.0,-3.33070985915718
800000.0,-4.039662048852971
900000.0,-2.9893627417668043
1000000.0,-7.8451605268412745
1100000.0,-6.848476163054336
1200000.0,12.430594486238714
1300000.0,-2.5099710572110987
1400000.0,240.1467846694514
1500000.0,126.44659233320024
1600000.0,147.47210318932244
1700000.0,-2.0082474008898004
1800000.0,614.7993544888825
1900000.0,-1.52648090389765
2000000.0,-2.65955771112683
2100000.0,203.04565626263184
2200000.0,36.15559339088599
2300000.0,-0.01842664611670619
2400000.0,9.630778964430643
2500000.0,123.89782045209556
2600000.0,85.63282047984195
2700000.0,380.5714745136414
2800000.0,426.66310781183984
2900000.0,448.61910899882344
3000000.0,504.11385239086195
3100000.0,374.1378136700771
3200000.0,286.2339858196889
3300000.0,811.7836746191945
3400000.0,801.6298413280102
3500000.0,530.3971723209534
3600000.0,150.31146464039443
3700000.0,398.0102374982748
3800000.0,512.1037348534583
3900000.0,167.23164357871147
4000000.0,-308.6838143519368
4100000.0,-43.95928746776192
4200000.0,140.3903884638299
4300000.0,-82.86972054840038
4400000.0,-84.75984091977907
4500000.0,-156.3658810481751
4600000.0,-250.092606028867
4700000.0,-199.73828329821836
4800000.0,-107.40318822093313
4900000.0,-350.3867827099208
5000000.0,-433.35213355279575
