global_step,eval/single_objective_return
100000.0,441.7086639767169
200000.0,96.49468590375052
300000.0,66.9303221748357
400000.0,-10.9031809675488
500000.0,-16.069304573186514
600000.0,115.35016783891429
700000.0,249.02695410703
800000.0,87.72821991928933
900000.0,68.52887609266705
1000000.0,-14.28675232693664
1100000.0,185.5829515708533
1200000.0,61.58870126046001
1300000.0,466.95721711906134
1400000.0,189.58745765257538
1500000.0,383.5564842200075
1600000.0,216.82211976710883
1700000.0,127.32804917975572
1800000.0,-7.1391157255365885
1900000.0,294.87622768927497
2000000.0,221.23582255682945
2100000.0,52.14615515676157
2200000.0,311.5147985068441
2300000.0,241.71931149442435
2400000.0,44.068722002506426
2500000.0,63.984558251920156
2600000.0,-88.49476243397251
2700000.0,-14.164528598922137
2800000.0,-186.72372589719618
2900000.0,64.56665299488967
3000000.0,163.46862439700192
3100000.0,96.33321766510716
3200000.0,386.83086827247047
3300000.0,251.14625954721959
3400000.0,283.1994910395348
3500000.0,87.8614574815274
3600000.0,109.42987709483518
3700000.0,-203.37340913185858
3800000.0,0.6360348677196257
3900000.0,28.261216192871967
4000000.0,20.260861442448842
4100000.0,84.45126109557823
4200000.0,137.86430930281256
4300000.0,25.815988804777863
4400000.0,31.390797035217474
4500000.0,150.0302231049668
4600000.0,119.50226686047768
4700000.0,-198.11572234861342
4800000.0,56.57063145401977
4900000.0,224.48662338972719
5000000.0,55.81464174851432
