objective_1,objective_2
227.07392516797344,51.69375005703499
215.91063390302392,56.66897649850007
216.8238799582302,56.66799965146453
