global_step,eval/single_objective_return
200000.0,1645.2704069701492
400000.0,2118.6178848503073
600000.0,2205.0812374044117
800000.0,2482.484816717885
1000000.0,2272.157371717796
1200000.0,2143.263009269989
1400000.0,2188.6394458290206
1600000.0,2427.0952501372535
1800000.0,2160.0092578859158
2000000.0,2358.454768787694
2200000.0,2366.6602024396343
2400000.0,2164.8818528909514
2600000.0,2023.304668796961
2800000.0,1962.4844608981034
3000000.0,1916.1674304799992
