objective_1,objective_2,objective_3,objective_4
-58.703678193748445,107.21396132251351,0.0,0.0
-56.39051904523876,76.25071474072679,0.0,0.0
-37.72366469235043,53.31341573435799,0.0,0.0
-35.8748297681892,-20.96499762525398,-1.3113846693523856,-1.8895345121583031
-45.660974774391455,77.27452421872907,-3.532009337775083,-6.244682815560939
-55.26834771623851,75.66582143714729,0.0,0.0
-59.29664464014994,128.41956826568915,0.0,0.0
-56.96012024771592,98.03196489123167,0.0,0.0
-46.58807751697934,62.86650265185419,0.0,0.0
