objective_1,objective_2,objective_3,objective_4
-43.86175018099108,71.75870359913756,0.0,0.0
-35.8748297681892,22.60874812312057,0.0,0.0
-41.712087993322044,65.39224620676367,0.0,0.0
-46.58807751697934,81.83282653239382,0.0,0.0
-33.437685688991294,-74.92742202280871,0.0,0.0
