objective_1,objective_2,objective_3,objective_4
-33.437685688991294,66.90668620707754,0.0,0.0
-58.703678193748445,119.85337044870599,0.0,0.0
