objective_1,objective_2,objective_3,objective_4
-42.13342221547681,31.38254777479049,0.0,0.0
-39.66778064220253,-5.355758390983915,0.0,0.0
-43.42313267918117,63.63357107337067,0.0,0.0
-39.2711028357805,-28.355755623985765,-3.5246123340412003,-6.244682815560939
-44.30479816261725,85.14893099233161,0.0,0.0
-58.11664141181095,111.00230694001053,0.0,0.0
-41.712087993322044,1.5108066754597615,0.0,0.0
