objective_1,objective_2
42.84186359809079,-113.8145464324753
8.809165513098176,-16.907257131868683
10.82261628284836,-17.147177808312723
12.181660750505372,-17.40131033139219
9.679877526177114,-17.126031022794507
31.443489723964994,-31.34448655816151
35.917629268900676,-31.442397320307077
13.906370071337577,-22.668518185141554
17.130510068992113,-24.15545229787643
15.234384798919752,-23.612492851364877
