objective_1,objective_2
11.096519956910928,-17.255906746554608
9.283343984484542,-17.24390889630007
60.1140792419169,-32.90430272688194
61.72771509612208,-33.31061248685747
59.88482855956632,-32.67685936697927
59.50616524433824,-32.48840182356315
58.612755556863945,-32.27327074758229
60.679407905829954,-33.28324298032218
13.89581370429487,-22.828473029479873
12.777377214153397,-22.563001340617966
12.989037341010441,-22.726829072526677
