objective_1,objective_2
-44.334041181866475,-419.22956884495073
-1349.9231435114723,-221.26707909440995
