objective_1,objective_2
-19.21386087150874,-433.71237854709295
-635.8241326122012,-387.47944518838005
-880.5061407883713,-193.77850922875345
