objective_1,objective_2
5.021788138161142,157.96512561833458
