objective_1,objective_2
-78.81094019962532,-433.71237854709295
-315.15954515919174,52.927259955666585
