objective_1,objective_2
-19.6029900125,-433.71237854709295
-772.1169584482203,-52.69960155527386
