objective_1,objective_2,objective_3
7.953317288606445,-0.15305633445573485,-0.15305633445573485
10.589596587992332,-0.21392314944777427,-0.21392314944777427
13.234975720920357,3.5657706855773355,-0.23225666622397417
7.841241481136944,-0.1306411721268049,-0.1306411721268049
