objective_1,objective_2,objective_3
23.72091230368412,17.013991167690588,2.2553952781896247
21.268985407941877,2.446537380884123,5.870226096642313
23.450540792912324,8.033092670043791,3.2547385641352027
20.89624633636863,5.1056089157691655,3.3050218390288584
21.011031873126804,2.5047630394711846,5.8956001164446095
