objective_1,objective_2,objective_3
11.737945033024982,-0.5841371437403875,1.3828405179820435
5.914108611940401,-0.10707082842942658,-0.10707082842942658
10.224863067615273,-0.2662721622020834,13.05854817669639
7.358778202578825,-0.21392314944777427,2.1195409287496654
6.552607155188813,-0.4365994905370782,35.8392649802471
8.292552539851242,-0.5841371437403875,22.71257212503392
