objective_1,objective_2,objective_3
18.179082304756164,4.842742251084532,16.85369733637777
15.986599561509799,4.373766946732718,18.132429409796746
