global_step,eval/single_objective_return
100000.0,346.5136305540758
200000.0,592.3313343894682
300000.0,574.944045040024
400000.0,931.7354381921465
500000.0,924.8902227786454
600000.0,921.0163285177766
700000.0,851.9874074164538
800000.0,837.7729225163148
900000.0,825.6489649844201
1000000.0,1271.2072703523704
1100000.0,563.5156991833747
1200000.0,390.1332735233189
1300000.0,731.1904285842791
1400000.0,1023.3945927155252
1500000.0,982.8965470464184
1600000.0,647.4045790228581
1700000.0,777.9005767825608
1800000.0,964.9552132229608
1900000.0,624.2946222473953
2000000.0,739.5138852692891
2100000.0,848.4030962178771
2200000.0,792.3031644807065
2300000.0,809.4074125283344
2400000.0,674.8067152349822
2500000.0,583.1661273685081
2600000.0,950.1174292029812
2700000.0,735.1481079710031
2800000.0,695.8738955735145
2900000.0,744.3437041647687
3000000.0,439.86369647802167
