global_step,eval/single_objective_return
100000,116.0
200000,145.66666666666666
300000,113.33333333333333
400000,187.0
500000,0.0
600000,0.0
700000,0.0
800000,0.0
900000,0.0
1000000,0.0
1100000,0.0
1200000,0.0
1300000,0.0
1400000,0.0
1500000,0.0
1600000,0.0
1700000,0.0
1800000,0.0
1900000,0.0
2000000,0.0
2100000,0.0
2200000,0.0
2300000,0.0
2400000,0.0
2500000,0.0
2600000,0.0
2700000,0.0
2800000,0.0
2900000,0.0
3000000,0.0
