objective_1,objective_2
-157.13127363357154,-433.71237854709295
