global_step,eval/single_objective_return
100000.0,182.99660651468903
200000.0,171.88902860594314
300000.0,172.38564219936717
400000.0,157.29360364814283
500000.0,171.28056279019484
600000.0,171.00946969155177
700000.0,328.4075170671817
800000.0,333.08258187548324
900000.0,389.8444472949291
1000000.0,399.55866994002815
1100000.0,445.4363007684069
1200000.0,402.6605284559287
1300000.0,577.6068416767284
1400000.0,536.4638682513468
1500000.0,1160.457021569017
1600000.0,1149.4682424314208
1700000.0,1241.0964799889364
1800000.0,1253.3955503776942
1900000.0,1292.5308785765053
2000000.0,866.6918044066862
2100000.0,1041.3349257424795
2200000.0,470.01445495542634
2300000.0,977.8113355668318
2400000.0,913.1679090959564
2500000.0,1160.004694221505
2600000.0,1065.225461181379
2700000.0,778.3017453122743
2800000.0,1187.1699807310774
2900000.0,1265.2039364063342
3000000.0,1207.252803011175
