global_step,eval/single_objective_return
50000,206.58264926516628
100000,250.53271237869984
150000,196.19385349848963
200000,176.6589528202745
250000,168.02738245663937
300000,123.49947537548655
350000,104.68953782172989
400000,200.40506368427876
450000,141.70787080692895
500000,214.34961859356565
550000,202.74653219534176
600000,188.96675016865547
650000,34.981740116579545
700000,255.2685434342248
750000,201.67858329750806
800000,10.817133234044903
850000,269.3280705570854
900000,271.51792578925085
950000,284.3201862562967
1000000,230.64069095282255
1050000,285.56484202062563
1100000,259.1713634454891
1150000,291.2948091208394
1200000,271.151751394818
1250000,282.095712157726
1300000,262.72663787070314
1350000,257.6400472053686
1400000,264.14407586646377
1450000,244.73095892394284
1500000,252.63312014915584
1550000,242.8008252666861
1600000,217.43437175865023
1650000,255.17676207914826
1700000,277.23279063110647
1750000,220.56919473079978
1800000,265.8802581155287
1850000,238.2606669760246
1900000,233.59734595601773
1950000,-37.37449073424226
2000000,245.54312956706002
2050000,236.03708023591503
2100000,264.0496722177679
2150000,254.32832633818626
2200000,274.93435837079835
2250000,260.18955004158016
2300000,181.22538507753833
2350000,228.10156357852355
2400000,186.31841156455812
2450000,247.0280734597725
2500000,250.11499591543256
2550000,250.83668099170316
2600000,305.4588855497898
2650000,261.4793800713639
2700000,266.9299137122116
2750000,248.7759039388814
2800000,235.1478411376293
2850000,239.62103610524053
2900000,234.62133477163337
2950000,273.49279070334717
3000000,290.2840889697369
