global_step,eval/single_objective_return
100000.0,815.9525962925246
200000.0,1026.0285191010682
300000.0,1053.3337232825288
400000.0,1147.0028717240227
500000.0,1281.8632298822854
600000.0,1191.0623489123175
700000.0,1112.699233466046
800000.0,1966.6069033091223
900000.0,1151.5860257909465
1000000.0,1831.1245404135873
1100000.0,2007.9226751925341
1200000.0,2144.9082920177975
1300000.0,2797.4509701963298
1400000.0,1763.0536762739307
1500000.0,1275.3913865259788
1600000.0,1720.3039145620692
1700000.0,2878.4491485008125
1800000.0,1258.0540450357307
1900000.0,1097.603317824659
2000000.0,1845.2827266914212
2100000.0,1839.024201949061
2200000.0,1545.840303008922
2300000.0,2611.3935812970835
2400000.0,1422.8951841579585
2500000.0,1166.545271465877
2600000.0,1322.7887348309102
2700000.0,1317.6215054096417
2800000.0,1413.9459856197586
2900000.0,1308.632309729898
3000000.0,1732.0835087614944
