objective_1,objective_2
119.5058177040734,155.61386951444916
