objective_1,objective_2
-24.04413204999763,149.73471562670125
-1.181597448382174,-336.67512761146634
3.7330799107824717,-337.1603138661445
