objective_1,objective_2
129.25328889823706,238.70449070130203
