objective_1,objective_2
-137.5089734980205,140.15509599923172
-78.81094019962532,-433.71237854709295
