objective_1,objective_2
-440.7623743105861,43.24204725069626
-1.181597448382174,-336.67512761146634
