objective_1,objective_2
78.61984171907852,68.26614105469828
78.201677619647,68.71121291387445
103.54276882111041,59.505148236916156
94.79770819486713,59.77543272039903
92.4648912734365,61.69495999258672
93.00415756181485,61.4386331551082
90.777215229561,63.40258861025499
95.21007161541513,59.62665003997754
91.44266920777788,61.74627639706942
89.58019188284571,67.90801075560567
77.5503457608174,69.51402298694025
93.15320075767703,59.83059286212933
