global_step,eval/single_objective_return
100000.0,1088.6990285477227
200000.0,1153.261692850548
300000.0,1592.3005342314668
400000.0,1606.3548885571774
500000.0,1530.6415497993385
600000.0,1419.580809593276
700000.0,1735.2543693143102
800000.0,1567.7103413448926
900000.0,1672.1180826995533
1000000.0,1494.1732029356087
1100000.0,1649.4507984636107
1200000.0,1668.6665774765763
1300000.0,1691.0704900709254
1400000.0,1656.0962064473213
1500000.0,1706.622789949309
1600000.0,1734.2260377600232
1700000.0,1897.1604637116686
1800000.0,1867.4191202383242
1900000.0,1890.878256650188
2000000.0,1954.6315999266058
2100000.0,1868.5456502133663
2200000.0,1671.587175305773
2300000.0,1721.210072898173
2400000.0,1775.7012619137597
2500000.0,1598.8498558043543
2600000.0,1622.2468118920574
2700000.0,1751.2352993146321
2800000.0,1695.7948891965875
2900000.0,1755.607700761454
3000000.0,1846.8769154921129
