objective_1,objective_2
87.67960739135742,204.70165252685547
124.23237419128418,201.163339138031
