objective_1,objective_2
137.887287191026,118.40431792284218
