objective_1,objective_2
91.77481943236333,70.6100371276058
89.52616342320447,70.86847716472361
