objective_1,objective_2
141.06153491292272,122.57870466633929
