objective_1,objective_2
153.70994811390435,130.73409506221643
