objective_1,objective_2
177.72775690201905,-44.45129018727978
100.99182075165257,56.14857646566054
