eum/MOLavaGridCheckerBoard-v0,eum/MOLavaGridSmiley-v0,eum/MOLavaGridSnake-v0,eum/MOLavaGridIslands-v0,eum/MOLavaGridLabyrinth-v0,eum/MOLavaGridMaze-v0,eum/MOLavaGridCorridor-v0,eum/MOLavaGridRoom-v0
-215.20000937120412,-215.20000937120412,-147.3803451049985,-167.64724243857862,-104.51088324906328,-215.20000937120412,-294.36566977572596,-225.07636061788074
