global_step,eval/single_objective_return
100000.0,212.31220952619168
200000.0,208.22712829085646
300000.0,1015.1101878168727
400000.0,867.3024166079449
500000.0,235.50199675044624
600000.0,183.376947223086
700000.0,1031.530477138349
800000.0,373.73772341658025
900000.0,337.77880863647334
1000000.0,686.8860669539539
1100000.0,254.34110566477275
1200000.0,480.8476187539269
1300000.0,892.7427310538844
1400000.0,430.1808858928165
1500000.0,1034.600663625533
1600000.0,253.52427285667218
1700000.0,586.8402386035928
1800000.0,450.34466090249873
1900000.0,1011.0994995430714
2000000.0,423.026480588907
2100000.0,350.07373271832694
2200000.0,1024.0852435461218
2300000.0,1026.680534637453
2400000.0,1013.2073962348768
2500000.0,1039.0029775420724
2600000.0,191.62137426423277
2700000.0,995.295291293538
2800000.0,422.58045400766184
2900000.0,1017.7746476449896
3000000.0,276.7552096948704
