global_step,eval/single_objective_return
100000.0,1060.3094479320366
200000.0,1000.5001587369412
300000.0,1038.7221845918561
400000.0,1002.512360987976
500000.0,1302.2780505103879
600000.0,243.23116188469015
700000.0,247.74157639947816
800000.0,339.41305943028345
900000.0,518.0947303266041
1000000.0,999.3462900044436
1100000.0,1007.9517794025221
1200000.0,1006.0190489497505
1300000.0,707.3432269684633
1400000.0,862.2278330599905
1500000.0,332.856876549445
1600000.0,587.7707930431927
1700000.0,989.7022091695117
1800000.0,423.33330343556884
1900000.0,227.63361370656375
2000000.0,876.3908103493155
2100000.0,467.26719517173353
2200000.0,481.22679018597967
2300000.0,855.6265204603624
2400000.0,1016.7653840272699
2500000.0,440.164638436475
2600000.0,468.9584090135253
2700000.0,391.8876561996253
2800000.0,436.3492220191787
2900000.0,986.6159024056948
3000000.0,399.7547828045407
