global_step,eval/single_objective_return
100000.0,29.36408764151261
200000.0,34.85735722531888
300000.0,32.33559081618449
400000.0,49.2569714763937
500000.0,50.31194968792264
600000.0,25.24656836861864
700000.0,30.732643312772733
800000.0,35.442780171455254
900000.0,43.91886371832231
1000000.0,43.43920839547189
1100000.0,48.74753042511027
1200000.0,31.9991807002066
1300000.0,35.495429625327496
1400000.0,34.353925134582944
1500000.0,31.453505440905786
1600000.0,53.52840353826957
1700000.0,1006.5198675248834
1800000.0,1006.4249927465692
1900000.0,1008.4685296525735
2000000.0,1007.3526633673791
2100000.0,1006.580731984405
2200000.0,1006.939885398044
2300000.0,1006.4266101615592
2400000.0,1006.6451965821634
2500000.0,1006.6499817011618
2600000.0,1006.8265738554699
2700000.0,1006.2888817378923
2800000.0,1008.2265441444363
2900000.0,1006.7832649185609
3000000.0,1006.5909145471778
