global_step,eval/single_objective_return
50000,-31.989658949446294
100000,23.31581011181784
150000,222.05364681767333
200000,163.05737087872086
250000,305.85284462889956
300000,238.3530006015234
350000,235.28785683206655
400000,14.389803770850804
450000,19.213156322100446
500000,207.74436776581882
550000,-15.45545892332646
600000,226.49702448203524
650000,36.398460539568134
700000,-6.5611907829932505
750000,-8.419867348571643
800000,267.9314760975344
850000,292.8644264365879
900000,206.69070363868036
950000,32.50196059601049
1000000,7.771402313924995
1050000,32.18641292147157
1100000,4.744541558902867
1150000,19.975074493248144
1200000,33.888127363192694
1250000,4.743562768148607
1300000,-3.6282108582889094
1350000,-10.123861799005383
1400000,-55.786111745493045
1450000,205.20679636588855
1500000,217.6397365697594
1550000,168.71224640402957
1600000,160.94836910558996
1650000,6.913361272457763
1700000,189.9071599878689
1750000,-19.627811630315847
1800000,-6.313869004482598
1850000,-9.535741723067474
1900000,21.58836812784257
1950000,1.9517646319251867
2000000,126.72238878650377
2050000,145.1641754361569
2100000,0.2626745725221298
2150000,-20.792917795785968
2200000,1.40840398338473
2250000,-27.888640165446475
2300000,-35.97503754189785
2350000,-1.5903603551375056
2400000,31.672102225733028
2450000,-45.53811026900134
2500000,-23.04980208834489
2550000,81.87912541730262
2600000,251.66119569588852
2650000,2.3515674372469135
2700000,-3.4547908428666148
2750000,9.712602547857301
2800000,-25.241275787868048
2850000,-31.62803919998869
2900000,-57.822269652612825
2950000,134.8531604814437
3000000,14.922009214047165
