global_step,eval/single_objective_return
100000.0,198.53188042019684
200000.0,659.8452195331208
300000.0,1150.199682827298
400000.0,1786.0328770344418
500000.0,1282.5450727757693
600000.0,1422.9590909788396
700000.0,1421.1584553121343
800000.0,1708.3953937084175
900000.0,1678.2700002231904
1000000.0,1591.7287839341195
1100000.0,1571.436193491137
1200000.0,1597.4941050958557
1300000.0,1506.9804921889438
1400000.0,1505.7080337672305
1500000.0,1511.7504854207896
1600000.0,1622.6197918026012
1700000.0,1539.9684133434723
1800000.0,1537.3375034207743
1900000.0,1630.42878104757
2000000.0,1624.8610570345072
2100000.0,1572.4392803330034
2200000.0,1611.5957409733194
2300000.0,1638.127760644765
2400000.0,1611.7311095005437
2500000.0,677.5065523462106
2600000.0,662.9702599375179
2700000.0,659.4014484371244
2800000.0,673.3202232744053
2900000.0,660.4048681937626
3000000.0,707.0868997215092
3100000.0,664.0091793146631
3200000.0,972.5801526365967
3300000.0,775.0710591459226
3400000.0,1078.419479695874
3500000.0,1040.0439587716617
3600000.0,782.2397982661512
3700000.0,768.90686682814
3800000.0,1033.737860716415
3900000.0,686.9829627667572
4000000.0,748.2040649917437
4100000.0,705.4454515758846
4200000.0,722.2683839110028
4300000.0,723.9537287530554
4400000.0,690.9668152295756
4500000.0,672.2559922015704
4600000.0,699.7741718669733
4700000.0,676.8296023139656
4800000.0,685.3868917406884
4900000.0,719.5299555636019
5000000.0,703.293819882549
