objective_1,objective_2
69.00012934938286,207.10469857562146
