objective_1,objective_2
65.55518543016609,118.75336485864719
