objective_1,objective_2
186.09374024262056,232.98434226852086
