objective_1,objective_2
165.56795893371233,145.2469940224878
