objective_1,objective_2
-790.669415879429,-6.5651376594718585
