objective_1,objective_2
-250.0097332466958,132.54172093074962
