objective_1,objective_2,objective_3
116.02389685690272,87.3219447425254,77.24837927795059
119.06627695994668,114.98787545469906,72.67385753345745
172.96220753573255,156.76805839811348,50.69858790255733
169.8813943010878,160.47093178114727,40.78569475171701
169.13392771718281,169.3360720598239,40.29675131628254
174.87765531951177,144.91615300216316,34.472848711186835
