objective_1,objective_2,objective_3
10.33034853725945,-0.2820400564754103,54.61449264264385
21.508447759295255,2.2681733969242317,4.078494062973863
20.876500994580574,-0.50089124897583,14.520330514960936
25.045496725156678,-0.5841371437403875,10.54326656629365
22.982571739441354,-0.5403381361946135,14.480883627742152
20.504851584894595,1.8630060308256227,11.032457037817407
19.007418704884632,3.610831003478462,5.503878624140058
