objective_1,objective_2,objective_3
20.570091488290974,13.340873760402122,-0.3616814695410475
25.364919308951656,14.53152795669054,-0.44401965094804074
23.629346810872182,10.802359984249792,4.532707549240214
29.82661866014048,9.318246649174984,-0.5267237253349435
15.060601275314905,-0.249691658257815,7.234124566695316
23.44392492979057,13.685695708599187,-0.4028926115674108
23.392683714348443,16.240779860044373,-0.4028926115674108
24.28083745296461,8.44085291013282,1.6731780784935455
