objective_1,objective_2,objective_3
23.46462565562591,0.6935398062481676,16.659137731048897
15.39177093440476,5.753243170194172,9.696032536429984
17.883449802012795,1.3669345947697946,12.879474704350475
