objective_1,objective_2
141.37808285658443,128.8914642388741
144.57628454224684,127.50799750595642
