objective_1,objective_2
151.51603854033087,133.03373811346486
151.75801329338572,132.9991161885687
151.91402650194846,132.31802151309557
