objective_1,objective_2
167.6479949951172,215.75049948692322
186.92138290405273,215.02636098861694
204.4824104309082,208.05841445922852
222.37347602844238,200.71494507789612
239.07998085021973,187.66657996177673
254.80646514892578,173.03651666641235
263.860782623291,142.7001826763153
