global_step,eval/single_objective_return
50000,-39.2273572948455
100000,-20.1052386270225
150000,16.216791567561515
200000,20.07054079214778
250000,56.1038343823661
300000,129.73762147706196
350000,29.233333911959676
400000,42.80934392106519
450000,108.14380561845772
500000,128.43834800249928
550000,179.75017751539644
600000,109.17537642977415
650000,51.36209044154202
700000,119.29536791325859
750000,5.427699160457834
800000,162.74049849004882
850000,147.0545942371129
900000,61.01678340820713
950000,32.95225049740786
1000000,23.590652924564623
1050000,34.81956038510995
1100000,19.73174033919534
1150000,76.63033992367801
1200000,101.11934749809419
1250000,21.476894469622692
1300000,107.14028271837775
1350000,15.115052893771804
1400000,33.022056040045584
1450000,94.10842544368091
1500000,127.99527667056714
1550000,140.9926485271539
1600000,137.59145637551885
1650000,206.51607537151756
1700000,151.13268492630337
1750000,164.64347289074834
1800000,80.14478124090384
1850000,170.8649191104883
1900000,93.09935402351773
1950000,127.65488269214713
2000000,129.08271350609093
2050000,123.41627740198058
2100000,125.20380473539034
2150000,219.60582736830116
2200000,136.22878856393945
2250000,146.0122728473083
2300000,144.12968416445213
2350000,220.9969011387742
2400000,192.17085398339105
2450000,132.10547829020746
2500000,121.64761199986816
2550000,37.907319393029645
2600000,168.50469338061959
2650000,141.6269593843501
2700000,130.33323579956877
2750000,152.72533381123924
2800000,133.84433152901045
2850000,173.76839931295976
2900000,127.11035715764174
2950000,120.8460204171864
3000000,211.84522765114565
