global_step,eval/single_objective_return
50000.0,231.24370948403654
100000.0,46.14947777258806
150000.0,172.91626584710053
200000.0,248.48878627431185
250000.0,-37.1363144813917
300000.0,41.45724553650362
350000.0,225.1004618314555
400000.0,174.28580017227503
450000.0,40.11923556405256
500000.0,43.19479834266514
550000.0,264.9941820698864
600000.0,43.4437558964421
650000.0,223.37374731843227
700000.0,316.22088440761604
750000.0,14.701098520475256
800000.0,-4.090309431126059
850000.0,5.540189123244417
900000.0,-35.388046282115525
950000.0,23.56710619476067
1000000.0,36.42055198595625
1050000.0,270.71246515567344
1100000.0,28.07515553131259
1150000.0,24.560379467842495
1200000.0,25.544739134736346
1250000.0,65.42655241852836
1300000.0,10.258372121444864
1350000.0,41.02168671783704
1400000.0,-12.232430932365972
1450000.0,53.9347662779673
1500000.0,61.81103885892867
1550000.0,-6.9363598723857365
1600000.0,28.861948785973226
1650000.0,-20.340269152671326
1700000.0,18.837489628050037
1750000.0,-24.878716771874082
1800000.0,-9.152874562916367
1850000.0,-41.17425046873724
1900000.0,24.37184743520784
1950000.0,7.735676492747075
2000000.0,-21.30393116958905
2050000.0,196.65452963026476
2100000.0,-9.196357495437127
2150000.0,-66.24052639390936
2200000.0,-20.91576601598942
2250000.0,73.31803653169644
2300000.0,190.06367956239927
2350000.0,-33.0085645468877
2400000.0,49.00009633812351
2450000.0,46.83743991143206
2500000.0,209.58880649413024
2550000.0,176.46364579606322
2600000.0,219.4366857668698
2650000.0,-26.069249764649356
2700000.0,-5.6228952697055945
2750000.0,15.086634524317887
2800000.0,276.5381687114068
2850000.0,21.298364407351585
2900000.0,-21.303625825319713
2950000.0,265.71927334335646
3000000.0,171.86895643921463
