global_step,eval/single_objective_return
50000,13.0104991998775
100000,64.56110492276017
150000,-1.8307864658693376
200000,179.16315492680772
250000,-16.663026647899002
300000,169.3166402716935
350000,95.71859201143515
400000,178.50567449397923
450000,169.16730272489505
500000,124.96035474262983
550000,110.48423028693674
600000,137.78223067609946
650000,235.15955212260633
700000,138.72818611300175
750000,110.99357684724619
800000,195.79459231716726
850000,174.91529284700243
900000,132.3827408573125
950000,227.66398404516775
1000000,153.97899963097052
1050000,238.20287207829074
1100000,230.05299786152202
1150000,162.98080000603287
1200000,219.24121197330473
1250000,257.31298438458293
1300000,184.30131725015056
1350000,232.07455701182928
1400000,224.6349904639518
1450000,253.31327908616103
1500000,243.79761840314902
1550000,238.7537551297072
1600000,250.6643597821973
1650000,209.54600546717487
1700000,176.34180733096278
1750000,246.31897398603687
1800000,204.62631313483172
1850000,213.17401866324582
1900000,164.26941426795682
1950000,148.13658130465717
2000000,128.40747679157113
2050000,122.87793284886092
2100000,231.6068796027104
2150000,193.22768220168712
2200000,197.46780044578108
2250000,282.1687234187591
2300000,254.66782156811908
2350000,248.91590272288477
2400000,214.47204786265274
2450000,257.51184523651824
2500000,202.99560077939663
2550000,159.05600410445317
2600000,220.89322524175543
2650000,137.64779383225815
2700000,184.80688689390797
2750000,253.19335768542865
2800000,245.66977745949308
2850000,168.35088818488867
2900000,181.9491604242872
2950000,100.43987804524924
3000000,174.290320250501
