global_step,eval/single_objective_return
50000,92.0698826762011
100000,146.70033891034385
150000,162.19066250410415
200000,269.38482064178186
250000,246.0661125799082
300000,277.2065896313262
350000,247.75452863693667
400000,227.18327699893734
450000,228.93874735415423
500000,272.3599828484406
550000,231.86681021077518
600000,269.8734871936762
650000,194.48953193193816
700000,239.98972532693358
750000,214.5961645360731
800000,251.52901917621438
850000,190.09052460467007
900000,289.01877887293904
950000,277.9951243875305
1000000,218.46239736955636
1050000,177.9414582987738
1100000,234.73688633779292
1150000,243.623224526117
1200000,253.0497892264744
1250000,232.4407768805201
1300000,213.91413578527022
1350000,205.9006032403562
1400000,154.00242969791094
1450000,145.2812523372946
1500000,213.87181931576748
1550000,210.98914413981794
1600000,311.2681682537392
1650000,270.1295934513755
1700000,194.3473459873967
1750000,238.25828449670485
1800000,306.073144697147
1850000,243.9870771125138
1900000,301.58046911641367
1950000,216.3314545754426
2000000,268.8259192867011
2050000,238.36006637702857
2100000,233.54173883533764
2150000,256.80476327222664
2200000,98.09235265233916
2250000,247.500558033655
2300000,216.48079719724655
2350000,191.26440341765493
2400000,250.50612466294132
2450000,262.4075334959149
2500000,269.9342419281836
2550000,192.5506630635005
2600000,236.5895821486196
2650000,239.10038742903646
2700000,161.26275626599244
2750000,259.11417172086965
2800000,210.01396964960333
2850000,93.01037566631035
2900000,28.483131886024097
2950000,278.52501934650604
3000000,281.032398270995
