global_step,eval/single_objective_return
50000.0,196.8164238129099
100000.0,265.95921720181957
150000.0,-78.1299910283444
200000.0,-11.041253942302887
250000.0,-2.241670316865779
300000.0,42.40191334774825
350000.0,-6.054317060290501
400000.0,153.4338810071389
450000.0,244.3412522752022
500000.0,115.69768972822321
550000.0,206.6190334152481
600000.0,17.91266334613853
650000.0,42.426598237856595
700000.0,142.422252569668
750000.0,200.79879509114394
800000.0,82.25420594005831
850000.0,96.13021380531539
900000.0,-37.71509337570267
950000.0,25.777858568199846
1000000.0,211.56860825668775
1050000.0,141.48960266485645
1100000.0,119.97100912489095
1150000.0,172.90171063709653
1200000.0,129.0520162336592
1250000.0,204.69060689910236
1300000.0,202.2626728169979
1350000.0,256.8255249895069
1400000.0,204.27759761329474
1450000.0,167.72100417844985
1500000.0,247.22712977385603
1550000.0,145.03174663262763
1600000.0,1.0631563244729847
1650000.0,216.47638800812894
1700000.0,157.5145983134114
1750000.0,161.9413136667901
1800000.0,214.82298914863566
1850000.0,166.70993478946926
1900000.0,3.4595207106358146
1950000.0,48.7232880973672
2000000.0,224.4204776417273
2050000.0,14.530452404067134
2100000.0,177.59564539041043
2150000.0,244.05943789420897
2200000.0,73.71359375108031
2250000.0,-6.072856884744212
2300000.0,135.23284927742012
2350000.0,53.36510990944129
2400000.0,156.25027994875953
2450000.0,58.861779129594765
2500000.0,90.49195601725918
2550000.0,238.0824255019777
2600000.0,24.97355098732639
2650000.0,170.76997428517782
2700000.0,44.47624542180944
2750000.0,34.53592364432825
2800000.0,80.24687812462207
2850000.0,50.846048645485894
2900000.0,249.49519964981977
2950000.0,70.22544878926627
3000000.0,47.97647355458295
