global_step,eval/single_objective_return
50000,142.13105874996904
100000,182.3994584803441
150000,122.43223888772809
200000,203.18180833205795
250000,122.21610189454483
300000,28.056525781761657
350000,66.96935091753949
400000,71.44255736511579
450000,137.62839349908126
500000,180.3909861426323
550000,186.00363590605068
600000,220.5221584498822
650000,176.30592061057405
700000,194.5909754124844
750000,198.35873460546816
800000,211.53708540449117
850000,158.22758867922283
900000,122.82190658830208
950000,143.25381469259193
1000000,166.49357546582368
1050000,233.56629905714556
1100000,168.16171476748806
1150000,251.52530527850868
1200000,247.60738534769465
1250000,173.6900142584584
1300000,241.4625176798061
1350000,112.52242928438181
1400000,233.3407449927937
1450000,220.14689637888546
1500000,207.10026779778235
1550000,191.8294910111651
1600000,139.4159020675433
1650000,270.81126452063506
1700000,191.91468967329888
1750000,209.25964902724468
1800000,232.79069779668112
1850000,196.74964883026186
1900000,178.9502521010434
1950000,268.10397930678096
2000000,241.77254757668948
2050000,231.46044331261223
2100000,233.82435234222018
2150000,218.07487033838686
2200000,259.568682692609
2250000,199.65795072707112
2300000,252.15797076460657
2350000,206.08494073640173
2400000,186.6935263166514
2450000,183.13439478492376
2500000,221.47635258693646
2550000,185.46935368980667
2600000,202.4206412849927
2650000,196.40813578564854
2700000,193.16843259945563
2750000,192.51680365265156
2800000,257.92499874933293
2850000,177.0337320486658
2900000,239.50386284201582
2950000,220.14834571552217
3000000,205.92440105457666
