eum/MOLavaGridCheckerBoard-v0,eum/MOLavaGridSmiley-v0,eum/MOLavaGridSnake-v0,eum/MOLavaGridIslands-v0,eum/MOLavaGridLabyrinth-v0,eum/MOLavaGridMaze-v0,eum/MOLavaGridCorridor-v0,eum/MOLavaGridRoom-v0
-215.20000937120412,-215.20000937120412,-157.0606458474257,-157.96694169615142,-104.51088324906328,-213.39299679457505,-215.20000937120412,-215.20000937120412
