objective_1,objective_2
218.50091885273523,61.71178420988972
222.56905125983104,55.8564230497242
218.10238481282465,62.75109973783287
220.31783528148952,58.17423632667673
220.31361701707246,59.87635734741554
218.68682109699287,61.24720081846023
215.82662687180877,62.803727009282184
222.4793932183947,57.795943201064865
