objective_1,objective_2
86.88941724024332,25.692199182047442
