objective_1,objective_2
102.87758605321514,31.225239651155505
102.7585655896888,32.40595496948403
104.73487257038195,31.054856314615847
