global_step,eval/single_objective_return
100000.0,1635.42362373569
200000.0,1514.0750651214726
300000.0,1259.249656166274
400000.0,2208.785133348758
500000.0,1931.5375300550847
600000.0,1827.904673430292
700000.0,1698.6617350099068
800000.0,2382.4822532416133
900000.0,2476.6837752439565
1000000.0,2247.22690395323
1100000.0,2547.8521091765674
1200000.0,2521.2628162166657
1300000.0,2438.7765106645156
1400000.0,2373.350065572378
1500000.0,2469.3057686786383
1600000.0,2257.305651908883
1700000.0,2568.9985735511877
1800000.0,2490.700178619545
1900000.0,2428.430756749255
2000000.0,2373.803454170699
2100000.0,2330.0163802006464
2200000.0,2457.403743850506
2300000.0,2195.1331636935656
2400000.0,2561.825821233335
2500000.0,2528.8879353071843
2600000.0,2411.492964219784
2700000.0,2396.89905912059
2800000.0,2470.5783745587246
2900000.0,2483.8385673390485
3000000.0,2438.2495350680542
