global_step,eval/single_objective_return
50000.0,-103.97833698163765
100000.0,-99.93434299361215
150000.0,-21.921106735460643
200000.0,-42.210932797208194
250000.0,-15.942767232834791
300000.0,-27.431904655586543
350000.0,-23.607634117779277
400000.0,34.16775376941841
450000.0,-19.247168410271204
500000.0,-39.36475909891126
550000.0,-35.16053955617823
600000.0,1.8704126583041614
650000.0,-42.228850492727204
700000.0,-18.59963747514554
750000.0,37.90368825779625
800000.0,90.70198784738591
850000.0,56.55265147821653
900000.0,120.38473328240578
950000.0,139.13191981996448
1000000.0,155.36071614399958
1050000.0,78.51082629062844
1100000.0,64.97572821280451
1150000.0,149.90676612650955
1200000.0,107.3004033974275
1250000.0,163.98525221960875
1300000.0,181.63568481709336
1350000.0,151.2448146773288
1400000.0,222.7152217125209
1450000.0,160.29106026855015
1500000.0,125.12499534610058
1550000.0,134.20869473342302
1600000.0,153.60864525600448
1650000.0,198.01788127013893
1700000.0,163.09735070521725
1750000.0,168.90169860217986
1800000.0,153.4177834405873
1850000.0,144.9808270142821
1900000.0,196.78859169474435
1950000.0,151.86126125741356
2000000.0,166.1336168049416
2050000.0,230.83830250369482
2100000.0,141.728645521705
2150000.0,235.6423297692059
2200000.0,238.2420960615744
2250000.0,167.82009978511817
2300000.0,129.84423556213997
2350000.0,168.78468315809886
2400000.0,235.1354900939255
2450000.0,206.2410455997659
2500000.0,225.45355165306347
2550000.0,165.13989026326857
2600000.0,255.05425152471489
2650000.0,246.03857163019939
2700000.0,209.23690412891355
2750000.0,243.47947774918651
2800000.0,179.1849588972221
2850000.0,248.68854061462744
2900000.0,149.82370791724912
2950000.0,168.53508336368745
3000000.0,162.5603056622828
