global_step,eval/single_objective_return
50000.0,-120.2157453376224
100000.0,-93.22070262488162
150000.0,-120.67840151552039
200000.0,-22.18782824679802
250000.0,-46.11099500896421
300000.0,51.871553569764195
350000.0,-5.024384753013083
400000.0,14.222685759618638
450000.0,-13.12072700284827
500000.0,-23.706783599443398
550000.0,17.477637395830076
600000.0,42.540515136125315
650000.0,-3.4304243280819238
700000.0,8.199162081548085
750000.0,7.573262815659419
800000.0,-10.417982955672764
850000.0,6.3131120876230735
900000.0,61.99269497835651
950000.0,-12.906869475998889
1000000.0,12.307122219643594
1050000.0,5.580183128364885
1100000.0,-2.0742522194623634
1150000.0,-3.7551512658951394
1200000.0,18.318541827472195
1250000.0,-12.16413630925754
1300000.0,2.8697517479722507
1350000.0,-14.85887657458674
1400000.0,14.338479588339402
1450000.0,27.34750640501764
1500000.0,29.674456055571067
1550000.0,4.4610565685038726
1600000.0,-8.837837158521506
1650000.0,-0.07365384268052821
1700000.0,63.31938487033936
1750000.0,-5.315384498033609
1800000.0,12.199957979572252
1850000.0,75.40221463143769
1900000.0,44.01027869167641
1950000.0,2.7578802511271334
2000000.0,0.7684329158812119
2050000.0,36.53927633535647
2100000.0,-2.544821897624922
2150000.0,-1.575784503940082
2200000.0,11.686584594368815
2250000.0,-18.071445590217774
2300000.0,-3.817006156882397
2350000.0,17.780707710705073
2400000.0,38.222951438998564
2450000.0,-1.089917729306677
2500000.0,204.61974127593743
2550000.0,66.99610197133508
2600000.0,46.3993053573836
2650000.0,93.94472777839317
2700000.0,39.46417277081575
2750000.0,12.773853877238484
2800000.0,-9.746303797180285
2850000.0,30.948707616162856
2900000.0,13.70294683494331
2950000.0,74.40830001994907
3000000.0,17.724389909527964
