global_step,eval/single_objective_return
50000.0,-129.28185605194938
100000.0,-20.15686096585986
150000.0,-18.29972370923631
200000.0,-47.184692540047266
250000.0,-56.01440412811392
300000.0,-43.18014610950707
350000.0,-33.254977929518134
400000.0,-25.416850154875654
450000.0,1.2255238421535382
500000.0,13.523652784653212
550000.0,14.436116676475672
600000.0,-8.520967490134193
650000.0,-6.741479038976263
700000.0,-11.088090044010965
750000.0,21.77659585357234
800000.0,15.490652588613955
850000.0,-5.52746058608717
900000.0,66.29365076001672
950000.0,24.010907283473234
1000000.0,56.350855390852885
1050000.0,15.98448003537526
1100000.0,25.517095443607072
1150000.0,13.16382956934737
1200000.0,-0.8394550588596985
1250000.0,168.02823198228072
1300000.0,89.96422101440756
1350000.0,29.64623474868904
1400000.0,61.781472242032166
1450000.0,23.17565036270578
1500000.0,48.41974015923272
1550000.0,-1.7882832930263617
1600000.0,-7.264729337112817
1650000.0,64.41377648085556
1700000.0,16.27960588298833
1750000.0,24.95099740990121
1800000.0,-1.2515920600028836
1850000.0,50.906613486860735
1900000.0,12.031366059116852
1950000.0,6.900287908539212
2000000.0,69.96283383926955
2050000.0,32.182206908058006
2100000.0,14.917135892362808
2150000.0,31.184119389432897
2200000.0,31.637240582784198
2250000.0,113.97660194334972
2300000.0,58.72040746027644
2350000.0,127.24452918741937
2400000.0,47.22572185281257
2450000.0,81.82402933145934
2500000.0,192.84230089017018
2550000.0,125.75330841107139
2600000.0,52.618460293477234
2650000.0,84.24760661864286
2700000.0,89.06717329446421
2750000.0,146.909561072835
2800000.0,138.94683880697568
2850000.0,45.089719987812146
2900000.0,49.28602852841591
2950000.0,67.11730720660897
3000000.0,49.50137232043782
