global_step,eval/single_objective_return
50000,38.800415455783195
100000,20.555685231918076
150000,238.36020354682773
200000,-13.885359980739025
250000,158.36918738445127
300000,4.515085955353953
350000,-0.566696600335348
400000,21.626911404938326
450000,-12.499899462329708
500000,-2.7851040485030722
550000,1.909507703671494
600000,12.874178912534092
650000,-6.8542635186290255
700000,201.07201194716964
750000,13.945858797795381
800000,10.420604730017288
850000,-24.973816429829384
900000,-17.932987762742755
950000,-2.426440359261008
1000000,10.936701149839507
1050000,-1.726664336628076
1100000,216.42686349613427
1150000,-16.37114166319779
1200000,23.76306937316319
1250000,-10.646545889051282
1300000,-13.830886904077133
1350000,5.539898858724143
1400000,4.903859683218641
1450000,-12.625462220994763
1500000,4.280200711835235
1550000,-10.174476344922908
1600000,-25.718399706009734
1650000,7.985873255628491
1700000,12.918542727403988
1750000,-15.315108164932056
1800000,30.21670965533835
1850000,183.19975517708536
1900000,19.327153020547556
1950000,157.6537415309817
2000000,43.61373419828931
2050000,-8.06015274343163
2100000,-13.136783696319142
2150000,-24.35033864862835
2200000,3.1796871229741868
2250000,-18.225651829079666
2300000,55.49869209591333
2350000,-14.60762321266725
2400000,-0.8206371923798486
2450000,-17.274862271379746
2500000,-14.245394506820375
2550000,10.026522178479993
2600000,-11.514498310678547
2650000,-11.321441667887939
2700000,9.767643199252632
2750000,39.08764438987319
2800000,23.52293183802196
2850000,20.64307296287933
2900000,-33.254173586485194
2950000,6.2788173675645425
3000000,29.31973101402656
