global_step,eval/single_objective_return
50000.0,-102.81734559538968
100000.0,-80.92333064910909
150000.0,-79.23693874799179
200000.0,-39.15997131851024
250000.0,-43.068628158960905
300000.0,-62.021413025069
350000.0,-44.33973032323737
400000.0,-59.58886414527925
450000.0,-60.54182556641244
500000.0,-43.943013850226336
550000.0,-51.75374749126647
600000.0,-37.01864995687966
650000.0,-55.20507940502737
700000.0,-58.86418247390335
750000.0,-51.65762009447523
800000.0,-61.48937373585985
850000.0,-51.14399716769492
900000.0,0.4137925559597647
950000.0,-21.653309110945095
1000000.0,68.16543345038687
1050000.0,-20.86485029772993
1100000.0,0.057421496637181234
1150000.0,-16.670230183806517
1200000.0,28.418203253192395
1250000.0,161.64885992035434
1300000.0,127.72200120225762
1350000.0,87.07534396060426
1400000.0,116.7298186061744
1450000.0,72.13882790469002
1500000.0,106.88636444876462
1550000.0,87.7126000189349
1600000.0,179.07189551025368
1650000.0,44.86858846579645
1700000.0,46.366719227973476
1750000.0,39.28125577912602
1800000.0,0.5570101360742512
1850000.0,53.057098167565265
1900000.0,54.23488167295294
1950000.0,42.162303585085525
2000000.0,92.02399180124772
2050000.0,30.23706818425186
2100000.0,98.54562262894535
2150000.0,123.70278460514949
2200000.0,45.79613700919607
2250000.0,11.858412380921788
2300000.0,45.14832128612687
2350000.0,103.45990519091394
2400000.0,63.65953772714543
2450000.0,23.211213414266357
2500000.0,49.2335433798495
2550000.0,25.974556960317948
2600000.0,53.68801134459211
2650000.0,45.879826223801935
2700000.0,78.84015964139962
2750000.0,32.12007558871278
2800000.0,35.298750621125365
2850000.0,88.70210949815882
2900000.0,215.6634216106876
2950000.0,242.25822599528328
3000000.0,151.3506259776497
