global_step,eval/single_objective_return
100000.0,95.72258323315769
200000.0,76.52831315532073
300000.0,141.91670560117058
400000.0,118.80353814069666
500000.0,70.61502174863195
600000.0,99.51650200080172
700000.0,67.58701346750941
800000.0,99.38682768994637
900000.0,108.8374076196231
1000000.0,138.3208102013226
1100000.0,762.8900756466184
1200000.0,788.4306703665077
1300000.0,1006.452795094104
1400000.0,1006.7200127097933
1500000.0,1011.0556172057297
1600000.0,1010.1925012547412
1700000.0,1013.4214656081801
1800000.0,1012.8079508709105
1900000.0,1013.5474759528787
2000000.0,1013.8249693014575
2100000.0,1014.6868507387354
2200000.0,1014.3652560366183
2300000.0,1013.1494503383555
2400000.0,1013.2404663090252
2500000.0,1014.2060163604822
2600000.0,1013.5719416002355
2700000.0,1013.9055806452183
2800000.0,1013.3521291094834
2900000.0,1014.2371957020639
3000000.0,1013.1464374351245
