objective_1,objective_2
3.880210481094489,-0.41560998024126944
5.15929944313553,-0.4824315409982026
4.6008659994751975,-0.46711602976905536
1.9713484175314864,-0.40773750548355536
22.03614857388153,-286.9925106200063
25.731495137198543,-323.9560306908195
18.8226067703593,-88.23330921698809
