objective_1,objective_2
41.86951259319969,-24.197472922311178
68.95337094824824,-24.742303018218944
35.882617208329,-21.695105787744033
35.95616315568792,-22.694491210065358
1.2156375130579709,-0.28762409764385366
0.4948141570036732,-0.22680676812771416
0.8221306733955878,-0.25507330381088394
-0.017157151021437816,-0.2249073080325177
0.8013715082412031,-0.2459201804996443
1.9239943349484667,-1.2751063889974077
101.29519857047801,-123.48889881547649
72.94946140512155,-91.49476220879268
