global_step,eval/single_objective_return
100000.0,169.27574230328077
200000.0,127.8842161666715
300000.0,154.8419560422058
400000.0,123.88354978808039
500000.0,117.44244722897511
600000.0,130.8570599008654
700000.0,116.12701739831024
800000.0,121.16420579937346
900000.0,141.1076316909144
1000000.0,131.665519916926
1100000.0,216.3030187328528
1200000.0,169.984042458322
1300000.0,149.965686891482
1400000.0,160.6545692210501
1500000.0,152.59158252996318
1600000.0,156.75957271575174
1700000.0,154.2694612229938
1800000.0,151.5181893433155
1900000.0,153.85240360134034
2000000.0,149.79984651875634
2100000.0,152.32901820046825
2200000.0,152.99873987047903
2300000.0,129.225939718375
2400000.0,162.12268362686217
2500000.0,223.08446846268401
2600000.0,158.19812629541497
2700000.0,170.4718049398536
2800000.0,141.34702209298888
2900000.0,162.3159407690683
3000000.0,221.59536916446518
