objective_1,objective_2,objective_3
8.358449686743208,-0.1306411721268049,-0.1306411721268049
8.219841926465039,-0.1306411721268049,4.9781054544424475
