objective_1,objective_2,objective_3
9.151158762450894,-0.15305633445573485,-0.15305633445573485
12.852157756027271,-0.3833216343835846,21.088934386655303
5.958859978336216,-0.08228577026834823,-0.08228577026834823
6.950364894540961,-0.29703516703721944,1.2024759366256625
