objective_1,objective_2,objective_3
3.5535448240720657,2.3921468937932278,14.613665434276458
13.199953019920391,-0.21493868474316555,20.941877156782066
3.766221830231776,1.1293838561840743,15.05522286132836
6.424276286423421,1.8450464609233894,1.7493269344570532
