objective_1,objective_2,objective_3
10.27803184221504,6.306518458928738,-0.15305633445573485
10.351312899395067,-0.17437293079744054,-0.17437293079744054
