objective_1,objective_2,objective_3
14.679527225640472,4.084422330684601,13.055002348844162
13.63541818290324,4.314715364272831,5.141563625625995
15.529636816881993,2.682388011332458,4.840588348529753
