objective_1,objective_2,objective_3
9.119371391993536,1.1837298827303624,-0.3616814695410475
7.552566180409267,-0.4028926115674108,6.087520776940275
5.878627422299181,-0.19464480181613739,-0.19464480181613739
8.255157224159671,-0.4119647444347035,0.731176609878946
5.2327632513397555,-0.15305633445573485,-0.15305633445573485
6.760889749844361,0.8174317763341363,-0.21325004133130135
9.605816560888067,-0.29703516703721944,-0.29703516703721944
