objective_1,objective_2,objective_3
4.309559200208872,-0.5297269014956619,11.04351397282827
4.463087987155456,-0.3727733584226163,5.847470690479218
18.65148104970109,2.375453312284296,4.562043113740595
