objective_1,objective_2,objective_3
5.2740016827227425,-0.08228577026834823,-0.08228577026834823
7.329549269411746,-0.15305633445573485,-0.15305633445573485
14.254901174901738,-0.33775334730097945,4.619258221821475
13.531564745697525,1.5836600774151988,-0.249691658257815
13.353867943982186,-0.2662721622020834,4.690739406920371
10.279839713101623,-0.17437293079744054,4.832709637903084
14.317413105564349,-0.3248566771835257,-0.3248566771835257
