objective_1,objective_2,objective_3
11.583394190058232,1.2051005615651702,-0.3248566771835257
11.573218223595145,2.748773650653969,1.4855726514198329
