global_step,eval/single_objective_return
100000.0,744.6618003442512
200000.0,456.7569158486345
300000.0,676.6267097818128
400000.0,489.7670205615606
500000.0,821.8918672368084
600000.0,1040.4260086857369
700000.0,968.7209836125849
800000.0,1319.3339718172967
900000.0,1482.0484684329967
1000000.0,899.3321277926249
1100000.0,1093.3993210599544
1200000.0,1457.179496146206
1300000.0,603.2689429276835
1400000.0,983.5167923521467
1500000.0,1116.2417481906898
1600000.0,1452.4144191974385
1700000.0,1123.855265726013
1800000.0,1309.1787593013617
1900000.0,2316.0548790294815
2000000.0,1362.0258611847066
2100000.0,949.3102193741688
2200000.0,770.0529341229374
2300000.0,1182.189649072922
2400000.0,1743.7317512295174
2500000.0,1729.1058662279238
2600000.0,1665.8014710073974
2700000.0,1327.275182938307
2800000.0,1647.1340001546164
2900000.0,866.3455924012718
3000000.0,1404.980667805102
