global_step,eval/single_objective_return
100000.0,457.29147157005696
200000.0,471.1822637478286
300000.0,593.0573905416225
400000.0,484.5546913016414
500000.0,460.61594905578625
600000.0,609.1843884507438
700000.0,790.8548235948391
800000.0,553.7903181958553
900000.0,689.1391890059851
1000000.0,666.4567782952304
1100000.0,895.2937383514894
1200000.0,595.8946303820412
1300000.0,683.622016225712
1400000.0,541.1457050071546
1500000.0,1075.1090705552872
1600000.0,436.64459926739573
1700000.0,779.1777494757736
1800000.0,1023.0152334024034
1900000.0,1020.0188947854
2000000.0,1054.8646310951206
2100000.0,476.3239234143599
2200000.0,528.0006610087003
2300000.0,1044.6089694610312
2400000.0,740.8371704630861
2500000.0,1169.8715936232038
2600000.0,1489.1090085789463
2700000.0,1071.9383005618563
2800000.0,1041.5589218716275
2900000.0,657.1822757407723
3000000.0,1094.867185139851
