eum/MOLavaGridCheckerBoard-v0,eum/MOLavaGridSmiley-v0,eum/MOLavaGridSnake-v0,eum/MOLavaGridIslands-v0,eum/MOLavaGridLabyrinth-v0,eum/MOLavaGridMaze-v0,eum/MOLavaGridCorridor-v0,eum/MOLavaGridRoom-v0
38.29878895520248,214.65040212049956,156.51879616598706,81.60356431368389,161.31599273123197,103.5888524330174,162.80531291570495,123.1739335249764
