global_step,eval/single_objective_return
50000,150.7071593770214
100000,41.02381899736371
150000,95.16092349999752
200000,81.59094901227033
250000,139.48733311238317
300000,42.576655972376216
350000,117.35485115688957
400000,34.43725129596294
450000,138.46782146767305
500000,199.67430425432002
550000,90.59709424865059
600000,225.8985157811482
650000,109.83024002219238
700000,142.86997813087353
750000,174.96121344461852
800000,181.93014940389287
850000,108.06732739591519
900000,135.72146983071582
950000,166.60008895370748
1000000,168.88582454834608
1050000,163.21699620358504
1100000,222.4232053592159
1150000,179.47125194007796
1200000,121.12807402989463
1250000,171.05023270739167
1300000,211.23790373573
1350000,205.21182183233327
1400000,123.9404715679665
1450000,185.39383274663672
1500000,209.57028701848856
1550000,218.29350623558673
1600000,174.30513542947898
1650000,233.1584892936095
1700000,191.16579501680238
1750000,158.14534452982394
1800000,130.63924635726195
1850000,226.5494309748864
1900000,193.34537824670338
1950000,197.11141475216107
2000000,200.8008866636594
2050000,179.33108855228141
2100000,216.75446496974797
2150000,145.71519730187327
2200000,179.4404012258313
2250000,200.65903143439283
2300000,186.75626449338105
2350000,187.17442099740123
2400000,171.80562823514174
2450000,183.63664155194584
2500000,216.3647682991376
2550000,211.2250475504855
2600000,186.64095374942065
2650000,159.28328302784564
2700000,193.6298645012215
2750000,169.3380748576211
2800000,207.39230628364487
2850000,194.72166592609977
2900000,137.17841428818207
2950000,217.99176124324669
3000000,225.65302079073734
