global_step,eval/single_objective_return
50000.0,170.04457542548477
100000.0,146.69516704230745
150000.0,-90.09498642304841
200000.0,-28.2736727461607
250000.0,167.0316245670027
300000.0,57.393604543692035
350000.0,16.825909207294526
400000.0,144.2155010419383
450000.0,146.69513668442266
500000.0,127.97522662095321
550000.0,134.46291878248908
600000.0,40.122230195613525
650000.0,200.41925216298904
700000.0,90.20803499090113
750000.0,146.22119809488288
800000.0,180.29217369256935
850000.0,132.87221657834868
900000.0,96.79458593993523
950000.0,168.42871054969896
1000000.0,140.84320510915651
1050000.0,154.5725840788547
1100000.0,202.1642836058603
1150000.0,145.88438885828316
1200000.0,184.5285686303684
1250000.0,164.44734790570234
1300000.0,232.46912393543977
1350000.0,198.3566324659219
1400000.0,219.8061889896997
1450000.0,199.04872558868925
1500000.0,178.5003425613089
1550000.0,189.22222376451123
1600000.0,9.883658466389235
1650000.0,136.79947272540858
1700000.0,251.5850194417477
1750000.0,147.99634269218174
1800000.0,200.02768881047555
1850000.0,170.2559257049993
1900000.0,149.84967566747497
1950000.0,109.49612746345721
2000000.0,101.73494337028582
2050000.0,147.2584841286292
2100000.0,203.2865264887055
2150000.0,149.64964833172252
2200000.0,183.25824261614554
2250000.0,214.98649023900765
2300000.0,174.92330766032464
2350000.0,169.92296004742184
2400000.0,0.5221609539758703
2450000.0,-1.3270841221064984
2500000.0,87.15837277613068
2550000.0,101.82636602225038
2600000.0,-7.3162887493044195
2650000.0,114.22789370443088
2700000.0,17.568466538019578
2750000.0,198.35257346086198
2800000.0,102.10013845902284
2850000.0,-8.222040098202385
2900000.0,237.19598477597978
2950000.0,64.94011271177813
3000000.0,89.68777000468516
