global_step,eval/single_objective_return
50000.0,-4.4660510086928245
100000.0,-9.77024088638694
150000.0,51.78987521704336
200000.0,103.09212830292697
250000.0,96.08434550412119
300000.0,141.49430701548593
350000.0,178.31596804566624
400000.0,178.00670812029054
450000.0,109.63275750898383
500000.0,166.9552316668939
550000.0,114.49203645218127
600000.0,226.37671964707033
650000.0,135.0104972733429
700000.0,253.99318147889176
750000.0,253.6018682480464
800000.0,249.64457448577855
850000.0,259.96803905372127
900000.0,117.79047175692381
950000.0,190.92902146052364
1000000.0,245.23326889532524
1050000.0,168.36865653100708
1100000.0,190.33779674090073
1150000.0,271.7662073856714
1200000.0,143.1286040326673
1250000.0,133.52853125073528
1300000.0,167.4346764656837
1350000.0,215.42362750159432
1400000.0,162.7059481136627
1450000.0,212.05437080099537
1500000.0,232.42362378621252
1550000.0,60.51850651400291
1600000.0,108.72917212885197
1650000.0,111.54736607817418
1700000.0,137.79553288303657
1750000.0,85.20239637415608
1800000.0,117.88583483933284
1850000.0,119.77267566316691
1900000.0,136.486452516613
1950000.0,90.69193416613993
2000000.0,139.8414904858364
2050000.0,19.109196061652575
2100000.0,3.497231429668085
2150000.0,74.83455054722963
2200000.0,101.68792565825203
2250000.0,98.82494688935805
2300000.0,69.29659162994636
2350000.0,58.10498912891776
2400000.0,119.39527477916872
2450000.0,70.81778175149617
2500000.0,109.04644598140558
2550000.0,117.0373975026323
2600000.0,122.97597108302182
2650000.0,86.10532834029043
2700000.0,143.28582843140924
2750000.0,96.31704535410489
2800000.0,119.8616437804806
2850000.0,67.93340296947314
2900000.0,184.1222554131927
2950000.0,67.32431383920611
3000000.0,123.07651451231068
