global_step,eval/single_objective_return
50000,-23.44601408566143
100000,13.511079468069994
150000,-47.740062198870916
200000,-46.04381462549934
250000,-32.78545407941999
300000,55.74346952737666
350000,164.4120244536271
400000,130.11604980857348
450000,182.7333329545815
500000,206.6406192513346
550000,136.90951181693083
600000,165.97483446790392
650000,78.98514940552708
700000,142.8328527415604
750000,198.9783103779282
800000,76.18909036179016
850000,58.26044491387648
900000,86.12523258279433
950000,191.97649173006553
1000000,143.77521530654946
1050000,175.71891711152674
1100000,75.18926255387616
1150000,15.575861206929606
1200000,30.55052855871849
1250000,186.0309358191093
1300000,205.1872743097546
1350000,37.225328605353965
1400000,185.19788101444988
1450000,211.8063081301318
1500000,43.56649568665373
1550000,182.1325928676598
1600000,186.94893687857453
1650000,175.1224523190008
1700000,147.3356142340478
1750000,205.4576629087597
1800000,123.006499911834
1850000,163.5903116642882
1900000,109.8976008791858
1950000,83.65342812409928
2000000,172.49376323815147
2050000,244.55929920823
2100000,121.01135708176443
2150000,220.21836188272908
2200000,239.19202345671653
2250000,112.80704288922948
2300000,92.8716996715433
2350000,138.60499783322078
2400000,158.15549190469608
2450000,112.41327334422618
2500000,127.99905966617996
2550000,93.89295982016142
2600000,143.36849643832335
2650000,248.5665223196255
2700000,193.9762364511293
2750000,129.2375612661829
2800000,152.34628768404758
2850000,110.35831999329993
2900000,191.80617458247406
2950000,164.9350854269801
3000000,70.29530426832524
