global_step,eval/single_objective_return
50000,223.99562067709326
100000,217.1474390402143
150000,266.27233607642853
200000,277.0988369310528
250000,228.8504917865416
300000,219.1620577457573
350000,182.46163366809225
400000,-13.97358387222988
450000,-40.37345538006596
500000,-10.272078880926443
550000,-32.618757547589624
600000,241.66339355595116
650000,244.8427282702698
700000,-58.683608379887815
750000,237.2111266938324
800000,-124.65132348255528
850000,-138.44961228212816
900000,-53.390201836910045
950000,6.283089395661193
1000000,-56.466499658712465
1050000,-53.71395008090734
1100000,-19.467286516602
1150000,47.47628020523479
1200000,156.71033446542407
1250000,-109.9070156705264
1300000,-98.4248468184685
1350000,-76.67227868292818
1400000,-116.35450225249024
1450000,-70.7941585623731
1500000,-42.451160112255536
1550000,-111.1105425420596
1600000,-132.97125199568455
1650000,-141.71035260563704
1700000,-59.02410763643421
1750000,-19.64021702136807
1800000,-17.597354156588786
1850000,-34.518495746170025
1900000,-49.01457660262777
1950000,-114.36649636020164
2000000,-99.66735776271892
2050000,-158.24771204215963
2100000,-37.397179318226094
2150000,-86.729819502877
2200000,-67.83012019756521
2250000,-194.0925344074031
2300000,-150.01054898611292
2350000,-88.83821493797987
2400000,-16.001295728534103
2450000,-114.2436169146034
2500000,-85.16578153324639
2550000,-149.62903855128354
2600000,-99.14149717214853
2650000,-125.67313754655649
2700000,-135.51921733001194
2750000,-75.20528617187689
2800000,-131.28709357188717
2850000,-121.35103753508365
2900000,-88.05272748555815
2950000,-92.08055497966319
3000000,-60.770116908907596
