global_step,eval/single_objective_return
50000,3.5808721210837717
100000,269.99726138591814
150000,315.8270974541415
200000,306.0380319605388
250000,173.6368613726986
300000,258.6608578550761
350000,239.6627934791729
400000,255.28100788015166
450000,-67.19115051348426
500000,-79.97779567572874
550000,-83.6145079649469
600000,-28.13026971844002
650000,98.52165311509866
700000,186.42762792701026
750000,177.6751069002542
800000,-41.14646906329669
850000,67.63546373753138
900000,-37.067216899068065
950000,-94.05710460425225
1000000,163.97166688450397
1050000,-113.77474119679499
1100000,-59.110418154901126
1150000,-54.04191273836108
1200000,-64.53920990953259
1250000,140.16130345496194
1300000,164.74629530085818
1350000,140.49459633030128
1400000,-129.54548798569374
1450000,-109.08096544908152
1500000,-58.04064643261587
1550000,-105.45094386368538
1600000,-51.44238489869255
1650000,-75.81816095604837
1700000,-35.91634459797888
1750000,-68.38774157164607
1800000,-83.03879496219912
1850000,-61.18628190958344
1900000,-115.22223835481604
1950000,-104.5910720457166
2000000,-103.47851233102922
2050000,-105.32780301472822
2100000,-88.28811777045117
2150000,-95.47498835240144
2200000,-149.5664015523426
2250000,-105.23893720573918
2300000,-122.55614677808853
2350000,-82.25616706693916
2400000,-130.58532784754007
2450000,-53.48845396194076
2500000,-110.45600582500279
2550000,-59.259453134051114
2600000,-157.01906974053944
2650000,18.287265387620756
2700000,-81.46218742928095
2750000,-34.43994456670988
2800000,-171.95847519274207
2850000,-187.2282861072688
2900000,-64.8110758757231
2950000,-97.83913976556174
3000000,-129.80021670698767
