objective_1,objective_2
117.09319089565881,65.69905217981483
117.31912731929754,61.803960140620596
115.55793737555247,68.3202652839898
101.65934116927365,70.27308674785293
112.45920759480362,70.1121098001701
96.54930259167551,73.51007268441353
99.55414349945276,72.97397628688603
121.42416953253029,57.55867748598885
131.78874798557078,56.18636733007594
