objective_1,objective_2
99.7331149443801,64.97362806824144
97.47703168544984,66.48260351342051
85.32984808191415,69.93498628173985
96.35914652485295,69.81006157218656
