objective_1,objective_2
134.80944648609685,49.397868022947904
121.08190691925896,66.83745700427778
112.43911052812301,69.15301487041194
121.4229043395713,63.52319562278941
121.32481973581937,64.22894908981242
125.30585019831125,62.878944874764585
129.18397032381802,62.291598692595045
102.47366740311617,70.01720942124906
