objective_1,objective_2
182.3799954143925,203.59300185985245
