objective_1,objective_2
222.61119746082937,220.54114191752797
