objective_1,objective_2
15.290036039075034,205.4201188576632
