objective_1,objective_2
-866.7562617411523,-145.71447738184892
-44.334041181866475,-419.22956884495073
