objective_1,objective_2
-179.63626916231203,147.4291386510262
-157.13127363357154,-433.71237854709295
