objective_1,objective_2
109.09443648787325,216.55456280020758
