objective_1,objective_2
207.80285117051815,136.31140612281865
