objective_1,objective_2
28.955536896960016,-345.93999076612414
19.64347655060341,-59.77588473774124
18.240355666252633,8.398551893565088
15.461626979921434,143.41062737096192
