objective_1,objective_2
0.0,-433.71237854709295
-12.097459320556421,116.55576436105157
