global_step,eval/single_objective_return
100000.0,-501.93607334112903
200000.0,-529.0687947853706
300000.0,-538.6658249501903
400000.0,-540.2584315505874
500000.0,-537.3243803593726
600000.0,-534.5793158070312
700000.0,398.6410401138735
800000.0,461.69604842416715
900000.0,535.8359702408321
1000000.0,558.7401298176406
1100000.0,529.8769048501134
1200000.0,400.5459341052556
1300000.0,391.1757905731081
1400000.0,385.0939292392842
1500000.0,382.24153598087355
1600000.0,398.5533149670034
1700000.0,425.8730639104658
1800000.0,424.8412212318989
1900000.0,410.69236748359157
2000000.0,379.54642467067583
2100000.0,411.8327702316589
2200000.0,398.17896834997424
2300000.0,418.2086937056457
2400000.0,399.44029751758615
2500000.0,393.9800381708648
2600000.0,385.86754562013886
2700000.0,414.3804731645508
2800000.0,422.3668395873752
2900000.0,371.8297421649574
3000000.0,394.3934706805542
3100000.0,383.4626012706424
3200000.0,399.84059823996125
3300000.0,394.54913315645103
3400000.0,386.4421633689092
3500000.0,379.0024144941273
3600000.0,400.9848857634262
3700000.0,212.43393052772146
3800000.0,221.71131154973705
3900000.0,266.9525603368919
4000000.0,206.30392358369883
4100000.0,204.16064912628647
4200000.0,229.39675690271307
4300000.0,206.7790893338077
4400000.0,216.4204283901885
4500000.0,234.82264586904185
4600000.0,217.84186789967455
4700000.0,220.75471624856158
4800000.0,248.12931397176072
4900000.0,211.28719552529824
5000000.0,396.19379370075495
