objective_1,objective_2,objective_3
3.4673912054546943,-0.5841371437403875,7.196394274895967
10.37544206843722,-0.19464480181613739,4.762366767306317
11.064304297954662,-0.451076149667528,-0.451076149667528
11.434331475947552,0.41892218082829374,-0.47023758136932997
8.358449686743208,-0.1306411721268049,-0.1306411721268049
7.974500746362896,-0.15305633445573485,4.803955234666719
10.412980279190347,-0.17437293079744054,-0.17437293079744054
