objective_1,objective_2,objective_3
13.083011434138015,3.06103218043778,17.883312698939164
13.965788922694918,2.665596670844358,22.836886273929082
12.19448169703269,3.171809558935069,3.7173029732346565
