objective_1,objective_2,objective_3
14.482698222170827,7.4270180879104135,-0.4577868097368925
14.327642373783808,9.097535773305395,13.676063789721974
15.330430574648075,3.5159872953258993,-0.2820400564754103
