objective_1,objective_2,objective_3
13.053696637511568,3.170262809547998,1.7451471095850906
14.946357208455852,-0.35001795225952065,1.6771692138009804
15.173262750499315,-0.3112953679786503,-0.3112953679786503
