objective_1,objective_2,objective_3
13.365857954294208,0.7753534991725168,7.0486430324084886
15.212050492517717,-0.5644153660826361,12.467218284009784
14.462030289362197,6.42141513858959,3.076313917696048
12.527095446938795,1.44998393215073,14.164724747200648
