objective_1,objective_2,objective_3
13.604389180028605,-0.5841371437403875,333.08626989447697
9.012793805511903,-0.17437293079744054,-0.17437293079744054
8.68004238564695,-0.33775334730097945,13.877296592274327
10.196357483230862,-0.3112953679786503,1.616539456229865
9.005955870931594,-0.15305633445573485,-0.15305633445573485
7.8375862971266965,-0.3933529398660648,17.096457227143674
