objective_1,objective_2,objective_3
11.919665761850851,8.43882922037163,27.79378751881497
