objective_1,objective_2,objective_3
8.358449686743208,-0.1306411721268049,-0.1306411721268049
10.602067014069538,-0.17437293079744054,4.883286229506119
8.219841926465039,-0.1306411721268049,4.927017988176755
