objective_1,objective_2,objective_3
13.126472389265096,3.3233182755587496,-0.2820400564754103
12.960225106112206,3.327645378415024,1.8869194355927408
