objective_1,objective_2,objective_3
10.783031892129943,3.610983277269129,8.370270792202426
