global_step,eval/single_objective_return
100000.0,259.65312881463564
200000.0,208.1727280799999
300000.0,205.9143111895124
400000.0,282.34293310557683
500000.0,210.83259707426657
600000.0,199.27332503584321
700000.0,319.89943649667504
800000.0,316.42612615141024
900000.0,519.0604091232578
1000000.0,225.13787960695365
1100000.0,400.6873027860155
1200000.0,467.7779706723873
1300000.0,1021.1444678360466
1400000.0,503.1161348422624
1500000.0,508.52618507969476
1600000.0,1044.9008078829647
1700000.0,691.4998196766012
1800000.0,751.8736715371462
1900000.0,636.9567137935474
2000000.0,644.1197545350519
2100000.0,553.9010995182769
2200000.0,521.6745249274985
2300000.0,990.6322081805027
2400000.0,1111.779914727113
2500000.0,740.3057827849528
2600000.0,1019.1681224814891
2700000.0,847.1216404710307
2800000.0,618.8129026183212
2900000.0,622.3343936321062
3000000.0,543.8660953574876
