global_step,eval/single_objective_return
100000.0,1503.1112821545623
200000.0,1409.5914435355285
300000.0,1454.3158005593946
400000.0,1390.491952089337
500000.0,1185.5624920762634
600000.0,1500.7296510228766
700000.0,1693.5778985412314
800000.0,1449.778466246763
900000.0,1400.59741317091
1000000.0,1403.8654605396066
1100000.0,1165.401296032588
1200000.0,1265.414729851638
1300000.0,1227.20535858319
1400000.0,1100.0147984571684
1500000.0,1428.8341768372138
1600000.0,1192.0971798767303
1700000.0,1159.6741958424504
1800000.0,1125.159555438565
1900000.0,1090.8100657414452
2000000.0,1155.8524253515982
2100000.0,1209.8351581069844
2200000.0,1032.017326689449
2300000.0,1159.369513452856
2400000.0,1092.3894218112516
2500000.0,1144.9485782243498
2600000.0,1507.460085185302
2700000.0,1303.8053613288166
2800000.0,1539.5936805999095
2900000.0,1458.1415160917302
3000000.0,1327.8415392640086
