global_step,eval/single_objective_return
100000.0,730.461255655799
200000.0,1138.5492902248423
300000.0,1093.985168586033
400000.0,1491.3390499644886
500000.0,1500.383550166978
600000.0,1472.6244838276411
700000.0,1356.3173230591142
800000.0,1298.6826300347514
900000.0,1408.519638884463
1000000.0,1458.7807039487866
1100000.0,1492.6633266684103
1200000.0,1566.0327202603492
1300000.0,1523.828564358015
1400000.0,1605.745396194886
1500000.0,1520.2180138558167
1600000.0,1509.9003287117655
1700000.0,1514.4307008068604
1800000.0,1315.1766375411476
1900000.0,1393.3378424479647
2000000.0,1443.5504377270538
2100000.0,1445.0764700733423
2200000.0,1521.0436760480195
2300000.0,1557.911427755375
2400000.0,1558.5186957051362
2500000.0,1574.9093865535788
2600000.0,1484.6001816729022
2700000.0,1428.9116316767331
2800000.0,1466.7460317765012
2900000.0,1434.6371449142628
3000000.0,1451.4332469311016
