global_step,eval/single_objective_return
50000,21.52623270263402
100000,29.607309256786465
150000,268.23687153831844
200000,283.66012840775494
250000,291.4762780145082
300000,253.69204194551506
350000,296.51596523335036
400000,299.44898566488564
450000,265.84109612404563
500000,305.89524766228146
550000,262.6063250717427
600000,302.6324950739727
650000,312.6163439506179
700000,287.6227712027177
750000,175.3481208736605
800000,267.058221749842
850000,298.50080435024654
900000,320.73262062533604
950000,258.03623463972605
1000000,201.3659849194025
1050000,263.4961036543084
1100000,283.1227027354415
1150000,290.4664524544134
1200000,241.9898278727082
1250000,297.606840805219
1300000,234.95307237783848
1350000,276.6328760092353
1400000,280.3313249248454
1450000,252.5713938636153
1500000,245.95248590293156
1550000,243.04361692205228
1600000,244.3852739742716
1650000,311.2797757690978
1700000,256.53547013463134
1750000,196.7558534257056
1800000,154.4692236390394
1850000,261.4865989847872
1900000,290.53627368768866
1950000,157.03832962460137
2000000,281.5507690739769
2050000,272.7363373627611
2100000,250.6991582655824
2150000,223.55921556266526
2200000,234.84801687250922
2250000,272.65740286777924
2300000,227.1271729492251
2350000,261.6612228302273
2400000,249.56956561263937
2450000,233.6413398469487
2500000,222.59581030346394
2550000,154.73247759451073
2600000,126.48126504248388
2650000,-8.500420872925119
2700000,23.474885756788098
2750000,246.88237768428786
2800000,-7.697715000280596
2850000,178.40699669413277
2900000,206.74332874365743
2950000,4.969902630958117
3000000,175.68140656623973
