global_step,eval/single_objective_return
50000,184.1245098821051
100000,265.60361794152516
150000,13.89765638120815
200000,14.350968726038985
250000,18.02765896311365
300000,248.55429163258876
350000,278.3478863575151
400000,261.7562238168292
450000,306.83590272626515
500000,225.32183992607338
550000,203.12628345090013
600000,286.4075670736616
650000,288.3839190250061
700000,265.5025659785398
750000,289.17884906796417
800000,304.362991524295
850000,283.04424081339266
900000,291.6143992385489
950000,318.8584710988949
1000000,278.20724471446437
1050000,240.0130936282614
1100000,253.44539872465919
1150000,281.2107773224742
1200000,255.29109549891106
1250000,310.21328234108546
1300000,264.79583469745523
1350000,307.35860263815005
1400000,281.10714189782846
1450000,266.7312551393667
1500000,257.35881585624077
1550000,294.24634372118976
1600000,293.8303851580812
1650000,243.02633583711426
1700000,290.05766962077877
1750000,292.07981280575336
1800000,262.01107197520696
1850000,242.41006339960109
1900000,286.5789481866266
1950000,222.61661016880873
2000000,215.96534377700056
2050000,279.94823083692796
2100000,257.9131707787362
2150000,278.80004546784505
2200000,267.22405760454444
2250000,263.1179296499673
2300000,275.02609649627686
2350000,195.71552306742868
2400000,245.09171409427066
2450000,122.99097766376606
2500000,247.46260632677377
2550000,221.36157069205683
2600000,274.0774356990529
2650000,242.76799099156406
2700000,118.82048640633457
2750000,301.9127315655849
2800000,282.336258717852
2850000,322.23024333067394
2900000,276.56486153597126
2950000,287.8230967991392
3000000,282.0595034090114
