global_step,eval/single_objective_return
50000,-7.9805967195441525
100000,30.17586589457943
150000,22.794108886173703
200000,194.6505290293838
250000,258.2155204795512
300000,209.98824509083258
350000,273.88830200347843
400000,243.74434806358997
450000,291.10565231106216
500000,245.95498058096516
550000,272.1381039603116
600000,265.7889394475037
650000,204.12517379047358
700000,281.3721002018655
750000,283.587608638123
800000,303.19794480962
850000,214.09688998694142
900000,265.1525486456743
950000,293.93761325146284
1000000,262.2959918678415
1050000,278.5374170706861
1100000,286.1211199652199
1150000,297.47989948861084
1200000,248.31084263123282
1250000,317.00701489147957
1300000,283.6079154803557
1350000,286.9451827757624
1400000,243.0369555370097
1450000,253.4808437116547
1500000,319.06184874943995
1550000,272.37976701012644
1600000,268.87323558818457
1650000,267.2599145603684
1700000,231.42135703685005
1750000,185.31633757654868
1800000,284.9143783762672
1850000,237.82448555314826
1900000,223.63661272255868
1950000,287.5819588532417
2000000,269.02734901703786
2050000,287.696560952416
2100000,220.67630883565295
2150000,303.816525380264
2200000,241.86087914907878
2250000,285.4437860794875
2300000,284.99409698049413
2350000,273.24429066168716
2400000,258.6674246295245
2450000,299.45146799868394
2500000,276.1454184026263
2550000,262.2452762447816
2600000,264.4076803243327
2650000,306.6445743757778
2700000,283.95519486186663
2750000,37.6059962533713
2800000,282.35369005597886
2850000,299.30280809263036
2900000,190.0012521589677
2950000,285.95853122117944
3000000,249.45026813194428
