objective_1,objective_2
77.04503240640776,-352.56564595054186
40.623800811789444,-286.0878473915217
52.00779554074154,-298.30589622253007
-3.4053521914712093,-271.4552027687658
19.378924380138955,-278.82389295830137
64.78142573876127,-315.0287206941097
53.860727649521195,-312.82749670864393
3.777192758336713,-276.0811964198539
