objective_1,objective_2
123.01547003760389,-345.6290293176118
116.64497563458161,-344.365602320772
132.05606932920224,-346.83488936478955
141.5527893812323,-359.4858495751583
140.98682892658505,-357.9854044332162
143.91158992181047,-361.396199341609
139.41877232316082,-351.83652534955814
140.36853921255482,-352.2521178392524
