objective_1,objective_2
31.269482412397593,-236.53403480754574
7.64571308616442,-201.74934065391676
13.01060785679579,-209.046554086238
20.464939926282774,-232.44728347516343
10.809946842586502,-204.17150942971824
19.619546400731394,-220.42777311344463
