objective_1,objective_2
16.598879208283574,-203.59191504678284
20.733000350854148,-221.28584663537976
17.86963936714064,-207.17614887436062
21.812103682518465,-224.26027210695028
19.955729204574705,-217.57306582624997
18.072968306987242,-207.38262016473658
15.948924222551994,-201.91079210292477
17.495282679606937,-203.82663489074372
19.76793213019675,-207.40252367027338
