objective_1,objective_2
84.57017206851262,-374.65133938493074
47.65054359646687,-340.35835274838996
49.73011213785437,-344.72324222804684
75.2306521458388,-369.06256523673454
70.34777015959813,-354.3878057030584
59.49564683364194,-344.8640660403718
85.59542661737528,-382.1722505198827
81.65084877020584,-372.90549156198097
64.72171629417602,-351.58735396390176
32.0348656534807,-333.8179364200409
