objective_1,objective_2
5.356008896032173,-0.020118892590218873
4.705159312674276,-0.020050807907845067
2.9098555889106,-0.0064555778926525635
3.4366805560442866,-0.006642640944782758
