objective_1,objective_2,objective_3
19.64823185511791,2.7099975400110776,34.44862654974295
20.02879060467318,0.9430791470071161,4.73154043371358
17.304736177368994,2.7824501369066534,13.202945516047995
