objective_1,objective_2,objective_3
20.422610373399042,1.915879977886224,3.4056114277543785
20.056781318127573,2.090373529835786,5.402520666060141
23.585726325044618,1.231736923335397,13.383817292118513
20.393331275161902,1.3194445897940157,5.730271405483183
20.460205963925173,1.3158731416762202,5.765402715566765
20.807831772341896,1.8891873106251922,4.244191670411068
20.25250561954459,1.3445366705765276,7.144244119797335
