objective_1,objective_2,objective_3
16.729680227516088,8.980334479530963,2.4434654168812244
