objective_1,objective_2,objective_3
21.53539592282435,6.862184051999033,4.0970069687981026
