global_step,eval/single_objective_return
100000.0,1115.0253835056633
200000.0,1155.5932194489096
300000.0,1176.6736459108267
400000.0,1250.1620209173575
500000.0,1199.4505371917817
600000.0,1050.6564853926227
700000.0,1283.1062414039566
800000.0,1230.1205025279196
900000.0,1248.5220743825103
1000000.0,1119.3429207715383
1100000.0,1098.455691450407
1200000.0,1112.8297655578601
1300000.0,1142.5713915900765
1400000.0,1261.6666956050592
1500000.0,1108.3396346274183
1600000.0,1116.442824964436
1700000.0,1573.5988163412458
1800000.0,1154.688124873358
1900000.0,1105.6073660862694
2000000.0,1272.8178149112568
2100000.0,1414.5569270108113
2200000.0,1314.5834090857882
2300000.0,1381.2906707472093
2400000.0,1186.9788812984598
2500000.0,1338.5908043031905
2600000.0,1360.912100701522
2700000.0,1184.2048940618174
2800000.0,1222.6721091028153
2900000.0,1222.3035696512216
3000000.0,1189.9993038187672
