objective_1,objective_2
2.486413259851685,-4.713155118234299
-0.9850803474660204,-4.63617154130084
3.3427921490574706,-4.91225118818163
4.3661830195446685,-5.108729227029795
4.862485172198625,-8.132889090086588
5.503290441670654,-12.546151104761524
4.506189299327073,-7.810435843896482
9.854765418618763,-190.4274776574535
19.394163402941647,-234.00759842108593
7.296181423551642,-171.85807461949955
12.93405450419331,-206.8515696852384
