objective_1,objective_2
2.5327400691306714,-3.294629308633277
0.7047692738217984,-3.2908755920719606
0.11911473710766032,-3.2670134256767085
27.09529974039865,-18.409084591829945
34.16398234950935,-23.275519991159776
29.467281798267514,-20.45710083852539
39.25971368588965,-184.90672748518236
49.718085042261656,-190.81639004221532
66.63198468925614,-434.35254172461555
54.10128436100272,-421.62131267800044
