objective_1,objective_2
3.77559684374462,-20.16513823097727
2.627861621432079,-18.368299575658817
8.150892622140072,-21.328863280795158
-1.4371769089822803,-18.355549707105922
3.9514356567064723,-20.324070971505833
19.74412430428624,-39.08318576047537
17.827738319752218,-34.818403955999365
29.77632380682266,-157.6308996378682
