objective_1,objective_2
5.229621495031423,-10.73032013001001
4.705405478152996,-9.531610183495443
5.279230594804491,-14.121397123322854
5.696926389014827,-22.687126657033527
6.605964969952761,-257.29464119243147
6.962988950246111,-270.94171467029497
