global_step,eval/single_objective_return
100000.0,703.263262304451
200000.0,471.54198855506104
300000.0,574.563510996488
400000.0,529.758409256626
500000.0,538.1865501369465
600000.0,512.4174680139911
700000.0,499.7947884514597
800000.0,508.9229488509533
900000.0,546.030880531687
1000000.0,506.25858765841605
1100000.0,514.5392859977588
1200000.0,508.688530107392
1300000.0,497.0241072379448
1400000.0,520.6747345961805
1500000.0,509.5138995644558
1600000.0,513.5788030915544
1700000.0,557.7592287461564
1800000.0,529.5191537260574
1900000.0,558.9686315045268
2000000.0,557.5922786308109
2100000.0,567.8727640693551
2200000.0,582.0572851214389
2300000.0,594.750090908524
2400000.0,542.3084645363391
2500000.0,576.1987984556689
2600000.0,526.3246304216774
2700000.0,534.7215610377385
2800000.0,549.9514103843096
2900000.0,565.5657740367731
3000000.0,583.7164471517519
