objective_1,objective_2
131.5915651478015,100.12007208085248
127.18415313346775,100.22395847212535
