global_step,eval/single_objective_return
100000.0,1024.9728758462816
200000.0,1041.088805684603
300000.0,1013.9815943807694
400000.0,1015.9953015913087
500000.0,1099.911477664282
600000.0,1114.2722071986577
700000.0,1069.0413415448677
800000.0,1045.2583762314157
900000.0,1605.4131417098783
1000000.0,1652.771309492783
1100000.0,1021.5344841510287
1200000.0,1265.1290584461447
1300000.0,1024.6166982660147
1400000.0,1027.7944290984603
1500000.0,1027.7485675123191
1600000.0,1024.361549143188
1700000.0,1083.4901638082563
1800000.0,1059.9304441433146
1900000.0,1027.1506406934452
2000000.0,1048.191899061234
2100000.0,1022.0516738473516
2200000.0,1164.0415594788028
2300000.0,1024.3928515927773
2400000.0,1054.904723329079
2500000.0,1081.2776144032275
2600000.0,1104.6036720068691
2700000.0,1043.921070980855
2800000.0,1059.2681741920712
2900000.0,1147.5835453427094
3000000.0,1030.188337039978
