global_step,eval/single_objective_return
50000,0.741425619862838
100000,-60.770922794841894
150000,-28.199990982144683
200000,-62.69063738038539
250000,4.047494859348561
300000,54.60006550038784
350000,-17.939529299093408
400000,-41.62861350639337
450000,44.681858153200636
500000,36.25488181101315
550000,-22.945430822223045
600000,3.6657677666904362
650000,-25.550282732614008
700000,-52.103365116141575
750000,34.398224809091175
800000,-18.79566074778961
850000,-45.61148267746164
900000,10.653110262950548
950000,-20.84036785837135
1000000,-36.78553391317877
1050000,22.021874224225215
1100000,-41.837572730279746
1150000,20.24385523718432
1200000,-49.74415502686713
1250000,-6.031162571901902
1300000,-24.97987524041737
1350000,13.357870057843911
1400000,-20.143956542939605
1450000,45.8441950523179
1500000,-22.334435516043413
1550000,-1.2089329674960112
1600000,-52.961672584335936
1650000,-37.9273458645382
1700000,-65.97021723313523
1750000,-1.8255018082525822
1800000,32.20475979450339
1850000,-11.877926997887343
1900000,23.771233992546243
1950000,24.857856645018558
2000000,72.73518638122306
2050000,21.454018378806396
2100000,10.795613192890627
2150000,11.638941908178111
2200000,-1.0163191790672386
2250000,23.253157311476045
2300000,18.12481445986704
2350000,69.86148514991268
2400000,5.412307422395614
2450000,1.1623683998932393
2500000,-7.7253354772782075
2550000,-30.847197481543958
2600000,-22.790741448397995
2650000,23.314413584806957
2700000,-17.503969480074275
2750000,-45.10997238116518
2800000,78.33056518536492
2850000,49.56889387825467
2900000,-29.726344621333638
2950000,-10.087586683406627
3000000,-23.48522495536703
