global_step,eval/single_objective_return
100000.0,256.2795519500767
200000.0,725.3530310719045
300000.0,417.9307383922458
400000.0,629.4640344343519
500000.0,560.5708915267317
600000.0,588.2323081623007
700000.0,729.9979125972168
800000.0,737.7050675855501
900000.0,794.9463054260935
1000000.0,1045.5421982382422
1100000.0,989.2670978667745
1200000.0,1000.2959660111953
1300000.0,1012.2238764509499
1400000.0,1003.3517240766254
1500000.0,1001.1835927093819
1600000.0,1002.0313207394647
1700000.0,1003.514607656021
1800000.0,1002.9145044675661
1900000.0,1003.5920262963615
2000000.0,1004.1158952401253
2100000.0,1169.6303465543417
2200000.0,1063.7179171570108
2300000.0,1007.5310923633158
2400000.0,1181.1207823507693
2500000.0,1200.540341047302
2600000.0,1113.666270250519
2700000.0,1166.4695753868841
2800000.0,1121.8626399951977
2900000.0,1220.5300276924593
3000000.0,1101.3092564425638
