global_step,eval/single_objective_return
100000,1057.4306727727576
200000,1050.3649665248636
300000,1043.8823797452171
400000,1055.9775932672505
500000,1045.6583419810472
600000,1040.4442130970563
700000,1043.082283046298
800000,1043.302621804586
900000,1186.4732166192064
1000000,1053.772185521036
1100000,1045.5855988031622
1200000,1043.2242010196796
1300000,1041.6869294051558
1400000,1049.1483694508674
1500000,1059.9136486379643
1600000,1134.3406550813584
1700000,1184.8471334260744
1800000,1053.1127373566885
1900000,1056.0307128977777
2000000,1192.643715097679
2100000,1042.9151870131784
2200000,1040.0113423581097
2300000,1042.8961879065228
2400000,1040.1509545159702
2500000,1043.6479412580038
2600000,1053.4177096259214
2700000,1059.3319838581763
2800000,1037.5982666077805
2900000,1063.3996096022443
3000000,1074.7859556004462
