global_step,eval/single_objective_return
100000.0,243.66286219539006
200000.0,358.70710488838824
300000.0,544.5898961077312
400000.0,1270.1101865896328
500000.0,912.6369346577479
600000.0,988.0195289061803
700000.0,1181.2128382229153
800000.0,1153.5977586365811
900000.0,940.8320051337075
1000000.0,945.5291602298114
1100000.0,989.5478249324382
1200000.0,1009.3763899618016
1300000.0,1038.2538170635826
1400000.0,731.7956967469953
1500000.0,1322.7001589110039
1600000.0,953.9140559276087
1700000.0,748.3516321343246
1800000.0,879.7933202618846
1900000.0,928.9107262169557
2000000.0,1190.705896073569
2100000.0,1083.905088930736
2200000.0,1020.9347189948797
2300000.0,996.994967445514
2400000.0,1121.6976563591973
2500000.0,1088.343682925396
2600000.0,995.9474443510226
2700000.0,1411.907359289346
2800000.0,1287.6489353739164
2900000.0,1307.9927706965584
3000000.0,1314.9155504275068
