objective_1,objective_2
-12.497788039989691,-72.0827406524117
-41.27971240044759,-69.72310867819635
-12.890281936803529,-70.89331033441941
-3.1516965475908956,-98.10799442020522
32.40355412824223,-254.1046813503764
18.935677694613148,-248.17067480428804
20.613693862105553,-251.65576642698528
