objective_1,objective_2
19.007045002683306,-70.12610234496921
17.310929083900977,-69.77621958588716
16.26296249714099,-67.14856915490464
21.40509001176521,-96.35374386009741
23.813045508221116,-99.30927053661557
34.05031030771373,-236.71553468137375
37.143119940967786,-238.7370910782422
28.166064279238004,-233.2610284643979
28.982039416071473,-233.8342660467353
38.95225319962155,-244.5858921823969
