objective_1,objective_2,objective_3
18.577571973198783,2.7761295756715545,-0.3616814695410475
16.220962099100166,2.8265156772339513,-0.3112953679786503
9.025837144618787,-0.17437293079744054,-0.17437293079744054
8.358449686743208,-0.1306411721268049,-0.1306411721268049
