objective_1,objective_2,objective_3
6.446000795929237,2.124777778149276,2.0547714768173364
6.066386842230013,1.7728973006328637,6.096711217227308
6.387294038402855,-0.5454145594595171,23.66932762079008
9.562204103486962,-0.10728143899644588,-0.5092204635703311
10.106622712889203,-0.35001795225952065,-0.35001795225952065
9.065048889947937,-0.5841371437403875,-0.05689523926685993
