objective_1,objective_2,objective_3
14.0610316504155,3.33534832178023,13.156506524576695
17.41282470905522,10.544195909525948,12.428367294845978
