objective_1,objective_2,objective_3
15.239452636204073,-0.3112953679786503,1.7570518896285827
13.291143039934605,3.309856385022979,1.8020750954051497
16.53067857689283,4.291231866155848,1.7305939103062535
13.277299037825234,3.327645378415024,1.8020750954051497
