objective_1,objective_2,objective_3
22.320875330320153,4.38210240064116,10.94588823354517
19.73641668455044,4.569085519930542,6.721362786600038
20.334777528910198,11.883681311180846,5.331306818937024
22.824729662739976,11.634865164694899,0.5430109711715047
23.212645938803387,13.252525150614577,-0.4119647444347035
24.631160785328,6.3179385215459325,0.23541231292377712
20.92881296497814,12.215692371926739,-0.3616814695410475
