objective_1,objective_2,objective_3
18.958622302709205,1.2341159842927596,4.66336005772308
19.196526997854964,1.1882157356842318,4.66336005772308
