global_step,eval/single_objective_return
100000.0,1180.5657713327687
200000.0,1169.1769466432252
300000.0,1212.5654699542304
400000.0,1180.0664004859264
500000.0,1197.0234994053571
600000.0,1329.2608407876016
700000.0,1605.132489140807
800000.0,1176.2822746755414
900000.0,1334.8926783716888
1000000.0,1700.8494623607937
1100000.0,1767.5213307963693
1200000.0,1883.0244098088544
1300000.0,1850.0278898435631
1400000.0,1723.7871470782065
1500000.0,1843.0619717673471
1600000.0,1777.9625614632089
1700000.0,1746.9418225542452
1800000.0,1762.5968078774367
1900000.0,1741.778424822788
2000000.0,1757.677711745215
2100000.0,1748.929133713339
2200000.0,1798.3277907195866
2300000.0,1674.8173235261218
2400000.0,1756.785484055463
2500000.0,1702.6788382112047
2600000.0,1747.0153714201128
2700000.0,1711.4941631262811
2800000.0,1703.682592378642
2900000.0,1724.8441092179314
3000000.0,1712.693907638916
