global_step,eval/single_objective_return
100000.0,-0.6454662700078687
200000.0,0.644279970448464
300000.0,1.9155999980937128
400000.0,2.6662117154049185
500000.0,-0.3081620255751123
600000.0,2.81774762170041
700000.0,-1.7358568999033004
800000.0,-2.210475072736293
900000.0,-2.987688515060564
1000000.0,-2.412811437215733
1100000.0,-0.7432553627951076
1200000.0,-0.1701629642822731
1300000.0,-6.032751728413552
1400000.0,-7.331448822857346
1500000.0,-10.31177363283995
1600000.0,-3.706801602859725
1700000.0,-8.06931785840278
1800000.0,477.53512394216244
1900000.0,171.24046695399124
2000000.0,-8.01700355427904
2100000.0,-5.596234533103866
2200000.0,-10.115530769856232
2300000.0,-4.6486559502351845
2400000.0,394.50715253955116
2500000.0,316.8123796888158
2600000.0,245.03595267918342
2700000.0,-11.878796354492795
2800000.0,-10.065074200489379
2900000.0,-15.76484490016237
3000000.0,-8.390917187993672
3100000.0,-5.957530924857023
3200000.0,-8.273903964387666
3300000.0,-8.504234853445105
3400000.0,8.698764990033588
3500000.0,248.37330239527802
3600000.0,-5.975148095368867
3700000.0,-4.2175052491662886
3800000.0,-6.812686856286649
3900000.0,-7.959869147719681
4000000.0,19.603032743321542
4100000.0,-6.272990117392492
4200000.0,-3.9904421541912614
4300000.0,-4.121669876269112
4400000.0,-5.843990552594324
4500000.0,165.6009723078996
4600000.0,68.23732145743686
4700000.0,-6.229203366508094
4800000.0,86.34739700551637
4900000.0,-10.9951663884446
5000000.0,-12.148258316376886
