global_step,eval/single_objective_return
100000.0,254.12964462327938
200000.0,1.65015749963325
300000.0,0.8050357475616328
400000.0,0.49754410824244943
500000.0,-0.8668104474302208
600000.0,-2.4071622780230175
700000.0,-1.1685059107506892
800000.0,-2.5698482819964616
900000.0,0.3347337892164188
1000000.0,-0.6727809201865735
1100000.0,-0.33687635977889374
1200000.0,-2.42635928943617
1300000.0,-1.2135478199530518
1400000.0,163.03288167632536
1500000.0,-1.1273888093987594
1600000.0,889.514183559111
1700000.0,376.66344928356074
1800000.0,382.6913663402396
1900000.0,857.2381825605845
2000000.0,-10.093483095549356
2100000.0,-6.05477153802949
2200000.0,-1.3993959743870454
2300000.0,-12.081565762879091
2400000.0,-8.923464269330085
2500000.0,-3.2918040073800268
2600000.0,-3.0999425393744993
2700000.0,-3.640051900930913
2800000.0,-4.179666171715217
2900000.0,-0.2733328013523586
3000000.0,-0.5469898131600216
3100000.0,30.297938208414145
3200000.0,-17.221095777662605
3300000.0,2.3642397838806177
3400000.0,-1.2523791495287155
3500000.0,0.6600234057034592
3600000.0,-2.198198782178681
3700000.0,-0.6027458391811756
3800000.0,-1.5687953612045247
3900000.0,0.7929087865429258
4000000.0,17.139269279941924
4100000.0,0.943614093898345
4200000.0,0.4749991736273562
4300000.0,343.0652608072025
4400000.0,280.9112264957557
4500000.0,598.8228564516361
4600000.0,187.942642253508
4700000.0,0.12465080080658897
4800000.0,336.6836805171231
4900000.0,365.91421414455664
5000000.0,317.95208279082317
