global_step,eval/single_objective_return
100000.0,1426.818113264538
200000.0,2077.4151050607084
300000.0,1529.7145115286266
400000.0,2461.2871000739497
500000.0,2502.5026390519965
600000.0,2227.232233982003
700000.0,2452.6085065601264
800000.0,2413.340422942131
900000.0,2470.35698678243
1000000.0,2629.661142261899
1100000.0,2501.3217942290435
1200000.0,2425.5356749412654
1300000.0,2380.4658456401867
1400000.0,2443.9599348353545
1500000.0,2413.895863992271
1600000.0,2612.908230955462
1700000.0,2589.1991716063644
1800000.0,2512.8154534200353
1900000.0,2544.9785586633175
2000000.0,2461.3148071775113
2100000.0,2534.762111766727
2200000.0,2279.324653181229
2300000.0,2405.5135573097914
2400000.0,1831.7101026364244
2500000.0,2474.0751080074324
2600000.0,2346.4531874411196
2700000.0,2370.7202566026476
2800000.0,1423.0989234180743
2900000.0,1928.4855761725541
3000000.0,2308.077915362106
