global_step,eval/single_objective_return
50000.0,-38.346126357012835
100000.0,-79.51042025244139
150000.0,-72.46685227843878
200000.0,-49.86320308894955
250000.0,-113.61113783739351
300000.0,-160.74271706380506
350000.0,-204.07983690799668
400000.0,-245.0310713727734
450000.0,-208.26316144667754
500000.0,-115.56325676283537
550000.0,-28.400157806752684
600000.0,147.67538093740984
650000.0,-159.01702412969001
700000.0,-189.9128955346222
750000.0,-106.94757328323476
800000.0,-258.0046375240413
850000.0,-143.8363686015316
900000.0,-172.10669806454672
950000.0,-183.38926515916165
1000000.0,-255.51410289230915
1050000.0,-37.12644793514582
1100000.0,-80.49950243800922
1150000.0,-39.02176939918303
1200000.0,-234.0647772368681
1250000.0,-257.69011527834687
1300000.0,-207.2479718050109
1350000.0,-224.6934922437128
1400000.0,-266.53474349074787
1450000.0,-441.3081800963132
1500000.0,-222.03134916251457
1550000.0,-111.43615587545989
1600000.0,-156.3516065043916
1650000.0,-203.4330203493747
1700000.0,-217.37695901547826
1750000.0,-224.3998881732948
1800000.0,-395.836926197905
1850000.0,-306.70003514890476
1900000.0,-286.71846436863774
1950000.0,-272.673010270422
2000000.0,-218.65975127482565
2050000.0,-290.7644209464106
2100000.0,-417.0137710306757
2150000.0,-366.1094514679485
2200000.0,-315.7799928896651
2250000.0,-415.6217289550177
2300000.0,-448.8524664715068
2350000.0,-282.96395438194816
2400000.0,-282.697667666999
2450000.0,-528.3826779195474
2500000.0,-205.30941756692013
2550000.0,-293.6613781560263
2600000.0,-381.2755865706059
2650000.0,-275.4978789080552
2700000.0,-225.37112385253312
2750000.0,-197.6680025298522
2800000.0,-320.9291513351474
2850000.0,-280.5302525033318
2900000.0,-397.2855635164735
2950000.0,-332.4658341133536
3000000.0,-324.1106058247672
