{
    "MOHalfCheetahDefault-v5": {
        "0": [
            -2.2604006389264595,
            836.3096779666181
        ],
        "1": [
            -431.7984010564299,
            -0.0009221661688412
        ]
    },
    "MOHalfCheetahLight-v5": {
        "0": [
            -43.17366369805072,
            1061.307059341699
        ],
        "1": [
            -560.9442606158043,
            -0.0009221661688412
        ]
    },
    "MOHalfCheetahHeavy-v5": {
        "0": [
            -1.1669017349271569,
            228.44478601503275
        ],
        "1": [
            -474.6768196249304,
            -0.0009221661688412
        ]
    },
    "MOHalfCheetahSlippery-v5": {
        "0": [
            -0.8348468663324784,
            791.0208144418235
        ],
        "1": [
            -424.6196736816355,
            -0.0009221661688412
        ]
    },
    "MOHalfCheetahHard-v5": {
        "0": [
            -18.66783951986224,
            512.321407939579
        ],
        "1": [
            -413.31928528144,
            -0.0009221661688412
        ]
    }
}