{
    "MOLavaGridCheckerBoard-v0": {
        "0": [
            -1323.0126867369104,
            107.33586502075195
        ],
        "1": [
            -433.71237854709295,
            218.76215887069705
        ]
    },
    "MOLavaGridSmiley-v0": {
        "0": [
            -1032.8942598727158,
            270.69044494628906
        ],
        "1": [
            -433.71237854709295,
            225.50174689292908
        ]
    },
    "MOLavaGridSnake-v0": {
        "0": [
            -860.8560231233766,
            234.21388816833496
        ],
        "1": [
            -345.93999076612414,
            220.5411500930786
        ]
    },
    "MOLavaGridIslands-v0": {
        "0": [
            -1691.1169121283383,
            124.23237419128418
        ],
        "1": [
            -433.71237854709295,
            204.70165252685547
        ]
    },
    "MOLavaGridLabyrinth-v0": {
        "0": [
            -1414.3869692886285,
            250.0454330444336
        ],
        "1": [
            -303.3670912278126,
            226.9515025615692
        ]
    },
    "MOLavaGridMaze-v0": {
        "0": [
            -1526.3784222067,
            237.33114337921145
        ],
        "1": [
            -433.71237854709295,
            203.5929992198944
        ]
    },
    "MOLavaGridCorridor-v0": {
        "0": [
            -793.4801398683029,
            265.6644287109375
        ],
        "1": [
            -433.71237854709295,
            240.20966625213623
        ]
    },
    "MOLavaGridRoom-v0": {
        "0": [
            -1221.0622601697146,
            263.860782623291
        ],
        "1": [
            -433.71237854709295,
            215.7504994869232
        ]
    }
}