{
    "MOSuperMarioBros-1-2-v2": {
        "0": [
            2.4000665604698503,
            24.08674434243585
        ],
        "1": [
            -0.5841371437403875,
            6.523824974428862
        ],
        "2": [
            -0.5841371437403875,
            85.77539329600404
        ]
    },
    "MOSuperMarioBros-3-2-v2": {
        "0": [
            2.806234970115385,
            29.48470828018617
        ],
        "1": [
            -0.5841371437403875,
            3.911786641510889
        ],
        "2": [
            -0.3933529398660648,
            333.08626989447697
        ]
    },
    "MOSuperMarioBros-3-3-v2": {
        "0": [
            7.356361158453247,
            29.117828100919724
        ],
        "1": [
            -0.3833216343835846,
            22.312103191856295
        ],
        "2": [
            -0.4760091406271445,
            20.547306773689343
        ]
    },
    "MOSuperMarioBros-4-3-v2": {
        "0": [
            3.704923599600506,
            18.984727172411997
        ],
        "1": [
            -0.1946448018161373,
            16.310477496124804
        ],
        "2": [
            -0.3500179522595206,
            44.93959263432771
        ]
    },
    "MOSuperMarioBros-5-2-v2": {
        "0": [
            5.2327632513397555,
            26.12207044661045
        ],
        "1": [
            -0.5841371437403875,
            10.544195909525948
        ],
        "2": [
            -0.5841371437403875,
            31.51780390413478
        ]
    },
    "MOSuperMarioBros-5-3-v2": {
        "0": [
            0.9964654722093712,
            21.71461871266365
        ],
        "1": [
            -0.5841371437403875,
            2.9181536538526416
        ],
        "2": [
            -0.4702375813693299,
            16.094012478366494
        ]
    },
    "MOSuperMarioBros-7-3-v2": {
        "0": [
            3.0764209927875306,
            26.75826046615839
        ],
        "1": [
            -0.5841371437403875,
            18.456111102364957
        ],
        "2": [
            -0.56192176255801,
            20.272910146794015
        ]
    },
    "MOSuperMarioBros-8-1-v2": {
        "0": [
            4.162795901919893,
            20.77702496466518
        ],
        "1": [
            -0.5841371437403875,
            0.5844662953168154
        ],
        "2": [
            -0.3727733584226163,
            158.1678514489904
        ]
    }
}