{
    "MOSuperMarioBros-1-2-v2": {
        "0": [
            5.658546431943216,
            24.08674434243585
        ],
        "1": [
            -0.5841371437403875,
            6.523824974428862
        ],
        "2": [
            -0.5841371437403875,
            85.77539329600404
        ]
    },
    "MOSuperMarioBros-3-2-v2": {
        "0": [
            5.476352725288142,
            29.48470828018617
        ],
        "1": [
            -0.5841371437403875,
            3.726304597221315
        ],
        "2": [
            -0.4365994905370782,
            102.41305612551514
        ]
    },
    "MOSuperMarioBros-3-3-v2": {
        "0": [
            7.762911028629673,
            29.117828100919724
        ],
        "1": [
            -0.4119647444347035,
            22.312103191856295
        ],
        "2": [
            -0.3616814695410475,
            20.547306773689343
        ]
    },
    "MOSuperMarioBros-4-3-v2": {
        "0": [
            7.4087321168016524,
            17.782879892736673
        ],
        "1": [
            -0.1743729307974405,
            16.310477496124804
        ],
        "2": [
            -0.3500179522595206,
            44.93959263432771
        ]
    },
    "MOSuperMarioBros-5-2-v2": {
        "0": [
            4.968085326356287,
            26.12207044661045
        ],
        "1": [
            -0.451076149667528,
            10.544195909525948
        ],
        "2": [
            -0.5576784292615906,
            31.51780390413478
        ]
    },
    "MOSuperMarioBros-5-3-v2": {
        "0": [
            2.045576094707541,
            21.71461871266365
        ],
        "1": [
            -0.3727733584226163,
            2.9181536538526416
        ],
        "2": [
            -0.3727733584226163,
            16.094012478366494
        ]
    },
    "MOSuperMarioBros-7-3-v2": {
        "0": [
            3.184866324450995,
            27.808577623218294
        ],
        "1": [
            -0.5470080986338279,
            21.45335976034403
        ],
        "2": [
            -0.4760091406271445,
            20.22957515918747
        ]
    },
    "MOSuperMarioBros-8-1-v2": {
        "0": [
            1.9721901190200473,
            26.813922122374617
        ],
        "1": [
            -0.5841371437403875,
            0.7815420578699559
        ],
        "2": [
            -0.2500384755177688,
            162.51738874590956
        ]
    }
}