objective_1,objective_2,objective_3
151.52820931343518,239.6720026043265,60.86507956247431
