objective_1,objective_2,objective_3
103.3008181730505,60.28166522691378,94.59020138451673
103.86800835620946,60.27151011270699,94.92461570668154
102.33453216723859,61.1753811918592,94.80445227982204
118.99140908627707,219.17367436754046,26.89857095936237
103.43101968170117,60.580024730092084,94.1758358224272
104.42065614085801,59.40247494417188,94.58455694548299
103.51031173483203,59.45236948082993,95.13316400753112
154.73035304077555,230.38086173751734,-3.308805559916883
157.11037078521045,37.61397735336785,42.061620167620774
