objective_1,objective_2
-1.181597448382174,-336.67512761146634
0.0,-433.71237854709295
