global_step,eval/single_objective_return
50000.0,-55.58438238723569
100000.0,-47.45774379325619
150000.0,22.6613599923876
200000.0,-3.499470449213939
250000.0,88.31765425353481
300000.0,40.50321376718639
350000.0,61.308872149699276
400000.0,104.93556827121544
450000.0,100.42593228427457
500000.0,135.38446867425677
550000.0,112.1879684788023
600000.0,122.0704759204065
650000.0,160.18905661890793
700000.0,225.8625528752475
750000.0,121.93659405103566
800000.0,99.65391217773171
850000.0,202.02812994532633
900000.0,186.71022634750247
950000.0,111.41385082574246
1000000.0,186.6462297708753
1050000.0,121.0628389207322
1100000.0,208.07529809217732
1150000.0,198.1505444247639
1200000.0,238.81963756800104
1250000.0,160.8265399351356
1300000.0,155.7743895195743
1350000.0,191.85846710899517
1400000.0,169.93438962115198
1450000.0,246.98802928031674
1500000.0,170.27178847463466
1550000.0,153.83824841043617
1600000.0,189.88691820834285
1650000.0,246.770807373135
1700000.0,233.98928788011443
1750000.0,247.49197247697143
1800000.0,215.93671324229894
1850000.0,191.39655472350427
1900000.0,218.9185284361875
1950000.0,252.56513621589494
2000000.0,248.82480759562122
2050000.0,210.1607728263054
2100000.0,239.96765370863145
2150000.0,232.88125306966145
2200000.0,226.8502549697865
2250000.0,137.40660075804823
2300000.0,226.98223793261053
2350000.0,199.99754332963556
2400000.0,145.39734686157092
2450000.0,173.81072604116827
2500000.0,130.6309532976644
2550000.0,241.7409065880516
2600000.0,169.20460116938312
2650000.0,194.95703052870033
2700000.0,214.21986937061223
2750000.0,233.70158633789333
2800000.0,233.91421345508311
2850000.0,187.82835375378872
2900000.0,194.3118208255399
2950000.0,201.24736636236986
3000000.0,239.82111380826396
