objective_1,objective_2
0.9776555109790006,-0.004153022917401715
0.954848652577633,-0.004152690370790056
0.7126887327740978,-0.0040831200613320505
0.06914022646408124,-0.004063774266091549
0.2546805299378586,-0.004076942346021635
0.905564583255922,-0.004152385746242482
