objective_1,objective_2
5.954570732720654,-0.2114598193579124
4.2868442857331335,-0.20550349141234883
2.3380901941935015,-0.00704862266199721
2.5466177420709397,-0.009098373508836043
