objective_1,objective_2
0.47840372090581057,-0.004144887251701485
0.5168143694389562,-0.004145824416962112
0.11685554987661843,-0.004143774137184654
0.006878787039836976,-0.004076515942969273
0.4002000159151482,-0.0041445778467423455
0.020071858277142033,-0.004143113952092535
