global_step,eval/single_objective_return
50000.0,216.7530783039062
100000.0,12.031149335932042
150000.0,0.13476214002257336
200000.0,-5.767376152742131
250000.0,116.60378447147018
300000.0,17.64370350250195
350000.0,41.182286973472685
400000.0,-21.27403120484871
450000.0,70.1050101469211
500000.0,58.321052618904474
550000.0,258.06728118079207
600000.0,279.65948642577297
650000.0,279.8830444509099
700000.0,257.364343350273
750000.0,159.01945577226053
800000.0,89.36996358441631
850000.0,217.2724234141382
900000.0,28.53517969807021
950000.0,288.231461596483
1000000.0,207.57474202456342
1050000.0,255.30828313000305
1100000.0,279.41649915537545
1150000.0,251.19865642001378
1200000.0,282.8549615825507
1250000.0,265.25354428286727
1300000.0,258.76739391243467
1350000.0,255.8862311788805
1400000.0,24.865282945602672
1450000.0,18.86724156727975
1500000.0,287.9375184217228
1550000.0,1.8135835708783787
1600000.0,-28.20841975826778
1650000.0,21.394445326021398
1700000.0,22.54886617147001
1750000.0,276.722883765736
1800000.0,-60.214167522782624
1850000.0,37.427815802266934
1900000.0,46.02327656736844
1950000.0,16.529374593470536
2000000.0,38.411316578420895
2050000.0,18.552905305905156
2100000.0,1.0353605699650217
2150000.0,1.2537273609496395
2200000.0,39.35767894873112
2250000.0,164.41465789660643
2300000.0,195.22183269029813
2350000.0,37.22575483629433
2400000.0,222.85076295164393
2450000.0,252.64032478119995
2500000.0,2.0116445090766035
2550000.0,10.873060673313773
2600000.0,247.29972647907508
2650000.0,206.28652346042412
2700000.0,-0.021526536881793845
2750000.0,243.24145250872235
2800000.0,134.78831406765116
2850000.0,217.16377777221567
2900000.0,300.96649425712957
2950000.0,25.043843464936984
3000000.0,270.22224260915505
