objective_1,objective_2
126.32112545605219,73.16798810048962
126.9968994422218,70.43594198381957
