objective_1,objective_2
137.55888883630763,66.01499220739775
134.52144225154592,68.57220536811063
132.73374994267417,74.30826728016325
