objective_1,objective_2
113.71747534375451,63.26622498335111
114.24793576256498,62.37576679702573
121.4711383852737,61.05717923664829
102.15069584705999,64.76153677628106
103.07496396657992,63.77768716214392
104.32609903456145,63.61279003613208
123.21805776097192,51.6667352230304
