objective_1,objective_2
128.9364760717545,72.01678546398144
127.15481529220187,73.44101544191592
