objective_1,objective_2
81.61259838216027,198.489720365391
