objective_1,objective_2
-422.84968036053465,26.07928981237939
