objective_1,objective_2
-752.5950755139567,-64.69516344881177
