objective_1,objective_2
-307.86140660997967,-118.29502465426272
-1023.767093294995,-88.7123964665611
