objective_1,objective_2
-803.2532498657623,-31.85383430499418
-865.3511885665084,-31.655684168187705
