objective_1,objective_2
54.59095910360969,189.22800520269794
