objective_1,objective_2
-971.4383403534363,-146.86178531643742
22.874869183305083,-170.03816537190704
