objective_1,objective_2
-230.63422556005492,58.38426255492614
91.33092644777163,-303.3670912278126
