objective_1,objective_2
-1.181597448382174,-336.67512761146634
-671.2210231631043,-70.45871511005294
