objective_1,objective_2,objective_3
13.554729596646487,3.701698657220888,1.92093493157085
