objective_1,objective_2,objective_3
13.20325045537327,9.724412036379912,30.48756545812098
