objective_1,objective_2,objective_3
12.698828351086592,2.0432102990760903,3.589917895046702
12.182758652875753,-0.3833216343835846,7.963132091288165
7.34034698720775,-0.5391139379638205,22.365429305174782
9.685249866039786,2.0548738163576172,1.9601114851559451
8.969647980555669,2.0085913521409067,6.441187548896365
