objective_1,objective_2,objective_3
8.37568772521489,-0.21392314944777427,12.902298193790562
5.092338357740246,-0.1306411721268049,-0.1306411721268049
10.086164045022329,-0.3112953679786503,14.53099022519047
8.454640539839307,-0.5841371437403875,75.82695333422674
8.63865147826132,-0.5841371437403875,15.666546638643254
11.960996236892024,-0.3727733584226163,4.771069160445533
