objective_1,objective_2,objective_3
9.893008204464227,-0.17437293079744054,-0.17437293079744054
