objective_1,objective_2,objective_3
14.604487826894573,-0.5841371437403875,53.4453683967387
21.903703745480797,0.31306233831999764,10.079250236852017
