objective_1,objective_2,objective_3
8.169518215820334,-0.1306411721268049,-0.1306411721268049
10.769896618832773,-0.19464480181613739,-0.19464480181613739
