objective_1,objective_2,objective_3
7.960142674133292,-0.1306411721268049,-0.1306411721268049
7.945422806615085,-0.15305633445573485,4.803955234666719
3.7660388713663333,-0.10707082842942657,-0.10707082842942657
10.178377650663583,-0.17437293079744054,4.832709637903084
12.34400904783638,0.8536871762673354,-0.3727733584226163
9.356474543396601,-0.23225666622397415,8.346541952021182
