objective_1,objective_2,objective_3
19.28683984548661,9.888184916149184,5.041202289219679
20.685180695605982,7.885767695749732,5.342399161138182
20.62530032039499,2.2625846536319933,15.421097959893343
