objective_1,objective_2,objective_3
18.398328429194624,4.251672070223047,6.234146107845142
