objective_1,objective_2,objective_3
11.706890797313614,-0.5841371437403875,-0.5841371437403875
9.322250807909171,-0.3112953679786503,-0.3112953679786503
11.21805485555023,1.119652866753094,-0.35001795225952065
