global_step,eval/single_objective_return
50000.0,-1.7379440844005671
100000.0,-20.552327809922033
150000.0,-10.250990940094724
200000.0,-67.41365885407535
250000.0,-29.21227061336039
300000.0,-39.408671580971344
350000.0,0.07393176077331987
400000.0,15.119518185091366
450000.0,-23.46345529757015
500000.0,21.706099341297147
550000.0,-66.39796288674273
600000.0,41.15887265313711
650000.0,15.867774848553267
700000.0,9.217597476985631
750000.0,8.432284304486103
800000.0,299.4258626062607
850000.0,-37.74251083856056
900000.0,30.42267575719478
950000.0,215.63555350924415
1000000.0,-25.241546175385395
1050000.0,219.8932927617406
1100000.0,26.28206253952183
1150000.0,21.29764533916402
1200000.0,3.0076544667689546
1250000.0,-23.61106478565378
1300000.0,-26.574313451727278
1350000.0,-18.62993520753676
1400000.0,26.576990660372843
1450000.0,-41.74582585152142
1500000.0,16.221632655976137
1550000.0,-6.222277943873124
1600000.0,16.410290618032434
1650000.0,44.14808723684655
1700000.0,0.02941901677966996
1750000.0,-39.834464385734236
1800000.0,-4.030783055822766
1850000.0,39.826837364693745
1900000.0,2.2424265637879017
1950000.0,9.923597739202606
2000000.0,15.482049809287915
2050000.0,30.510539425607277
2100000.0,246.1708963809541
2150000.0,62.40651485155257
2200000.0,47.08293926900183
2250000.0,5.426859005595972
2300000.0,-34.51079490236029
2350000.0,-70.07302670215002
2400000.0,46.04801791879092
2450000.0,58.47313121156458
2500000.0,60.619434469106324
2550000.0,8.753347412781949
2600000.0,15.937134356778799
2650000.0,-16.012999382095373
2700000.0,-32.92327480723782
2750000.0,25.591745127501127
2800000.0,-54.72398844437856
2850000.0,-13.815612944487938
2900000.0,10.406960579035783
2950000.0,24.15610240480123
3000000.0,14.956046148547543
