objective_1,objective_2
3.786122398295138,-50.730218125036245
4.036204584168694,-52.499191136288104
1.4107901005197485,-50.70093846544567
6.1516829900887116,-54.12306043633818
4.598857811198942,-53.10817469297392
8.89144829223074,-237.4571394593092
