objective_1,objective_2
-0.26891713646888554,-45.441510051926784
0.473229122658125,-46.88751397695235
13.232268951837657,-229.56760993442376
12.373934541683663,-223.02340319095524
11.302878216060662,-213.52411608424646
12.725806375677061,-224.44685646996012
6.221552789922873,-74.17415287821123
