objective_1,objective_2
11.04737701526496,-49.901161289995706
6.739129939730324,-48.7340855162801
7.271318430081341,-49.707978308858465
18.908922936728953,-78.49385953960736
16.477388929073616,-77.58366277011763
14.209267975099198,-76.72462736017197
22.895367983579394,-79.33785270457194
24.35607479383574,-239.83937756917425
