objective_1,objective_2
78.86322120759674,-39.25559988370811
60.97748151777084,-35.48784237071878
-0.11578880609724189,-0.6243325538255323
1.2320034357945508,-0.8212598998812688
0.8699281238559571,-0.6909081588997795
46.141456359920475,-9.657829007301894
51.92316644262957,-9.850916065200902
44.567876555539804,-8.344179155360237
53.48383666344191,-9.862508403774653
