objective_1,objective_2
10.869269816670556,-49.164368111497325
16.210160967583867,-51.91956321260309
20.12430863471667,-77.68672373434657
21.15628380391583,-78.36441135043847
19.120195730093105,-76.5763579014679
35.116925023615835,-229.77278932939484
21.159918757198874,-219.63656202133166
25.365083862250717,-222.05508572372827
26.23288371095641,-224.5521893750103
39.66990934722092,-240.1527051657089
