objective_1,objective_2
2.66103104642699,-0.03469779383259004
0.7950650337655802,-0.004173506808045266
2.384205962061785,-0.004310323945497515
2.8013948653499634,-0.03542813002037317
0.7503999657459282,-0.00340956053310406
