global_step,eval/single_objective_return
50000,-25.669189271509325
100000,-5.75385482401262
150000,-18.56363546369984
200000,-20.53275836886003
250000,-17.46499330617337
300000,-19.86313342957581
350000,-1.781928739594008
400000,-48.56608093118213
450000,-38.54530575636565
500000,-8.678433194029964
550000,-25.122512114553203
600000,-30.201219095657876
650000,-6.688553544481891
700000,-22.424430526896117
750000,-38.50371074321701
800000,-29.194798920174335
850000,-23.42394657687197
900000,-2.5808063511216375
950000,-23.149975565755796
1000000,-78.19236782879159
1050000,-5.6661590424993165
1100000,-13.546725967958636
1150000,-6.74318535849909
1200000,-61.76542731751896
1250000,-2.922882241021682
1300000,-37.54662033644905
1350000,-23.434504609629897
1400000,-46.295555256290044
1450000,-38.35103689497056
1500000,-35.76072491274691
1550000,-16.643522076863093
1600000,-57.359203168158245
1650000,-32.60971952139276
1700000,-18.307401682488532
1750000,8.620435005134937
1800000,-88.7784102095619
1850000,-17.241424413005205
1900000,-43.21549109214817
1950000,-1.3738349094755193
2000000,-22.264690253455584
2050000,-82.80145019216263
2100000,-44.02058520417644
2150000,-31.136322024111948
2200000,-49.903826970199006
2250000,-30.480130362359887
2300000,-80.75356492945646
2350000,7.490142921590007
2400000,-38.39487319833363
2450000,-28.406361941115108
2500000,-63.52317725966796
2550000,-29.91157486991159
2600000,-6.813146814356045
2650000,-61.72489622053544
2700000,-12.967445188936551
2750000,-28.662307519113327
2800000,3.4289326016614723
2850000,-34.96943668351906
2900000,-18.531368832162627
2950000,-27.449554093138957
3000000,-28.73360237117724
