global_step,eval/single_objective_return
100000.0,1675.605096716497
200000.0,2234.7095861027615
300000.0,1855.3766285550082
400000.0,2384.854148056031
500000.0,2247.041042863141
600000.0,2391.682998248067
700000.0,2540.212001881128
800000.0,2504.641684069533
900000.0,2441.5014002789308
1000000.0,2617.838662169983
1100000.0,2327.830155752007
1200000.0,2423.382523785419
1300000.0,2464.053989071976
1400000.0,2634.320171693445
1500000.0,2387.5993696518894
1600000.0,2616.6462791277395
1700000.0,2607.530510374133
1800000.0,2554.8218438991494
1900000.0,2049.3668483742595
2000000.0,2329.1450582261045
2100000.0,1581.5862459097286
2200000.0,1504.659178740816
2300000.0,1533.1857250242224
2400000.0,1543.740064091885
2500000.0,2476.9957213261887
2600000.0,2532.02932321721
2700000.0,2348.454647240192
2800000.0,1408.6048565612598
2900000.0,1455.9634466524276
3000000.0,1548.4085223353848
