global_step,eval/single_objective_return
50000,58.88246069125941
100000,-13.928084219422672
150000,55.89867410193946
200000,2.5673256935208997
250000,42.76046139598432
300000,199.00456393528265
350000,81.76982923462536
400000,4.8238881434778875
450000,3.038745288486581
500000,194.09317488157396
550000,6.612661216555637
600000,232.77602433845024
650000,112.3033961128274
700000,-15.545559501583128
750000,264.9940942179269
800000,270.26666135879304
850000,73.01826265573334
900000,147.74684149395762
950000,174.03874483999624
1000000,122.58872021862473
1050000,119.83816727215671
1100000,222.79309536076494
1150000,42.642927308492126
1200000,144.47895727562639
1250000,232.26671182897553
1300000,16.22617918115516
1350000,86.817978057679
1400000,267.81185543801905
1450000,12.177419908461232
1500000,54.770489551109875
1550000,159.12970512185512
1600000,285.82745111743395
1650000,290.0244751329794
1700000,129.0149559234845
1750000,207.53357046481017
1800000,305.91684953176605
1850000,271.7364555359841
1900000,242.1566726868011
1950000,112.57247726984119
2000000,112.24335354635924
2050000,179.39035165913384
2100000,225.3414083162989
2150000,123.30497120062758
2200000,210.05735373172942
2250000,91.50797267498871
2300000,129.36899685493836
2350000,76.32310442460172
2400000,210.99789258109342
2450000,274.2979602154787
2500000,107.9143646040692
2550000,218.2207508341213
2600000,221.03883085411331
2650000,175.48901445596687
2700000,222.29399919786468
2750000,-12.784855554897817
2800000,85.09076660302856
2850000,162.65792627596454
2900000,186.6879950464941
2950000,248.91505570596382
3000000,140.05944752087515
