global_step,eval/single_objective_return
50000,-41.763576786590534
100000,-38.79070522686351
150000,87.53778257954576
200000,-19.8086805498574
250000,94.28180871854471
300000,184.67930296674814
350000,45.349847664660786
400000,143.46960198317288
450000,24.713523661977163
500000,53.461364566478665
550000,5.671564923042382
600000,46.27691463987955
650000,186.3661425793071
700000,173.35646373183468
750000,110.13438131580018
800000,77.36872214883111
850000,31.911266364459067
900000,106.86381753733237
950000,29.40379741274481
1000000,152.0860990054736
1050000,123.13221366551232
1100000,5.4466182568819335
1150000,94.53497095731103
1200000,133.84974042709817
1250000,152.5071268331609
1300000,150.3983742044319
1350000,205.86191241986052
1400000,35.55795496520062
1450000,141.4197538645143
1500000,151.1774797381073
1550000,107.86535441668472
1600000,150.5265524477344
1650000,136.33187950328778
1700000,137.561882975528
1750000,197.19256887887914
1800000,94.47149591325689
1850000,184.5044722270023
1900000,144.7307165310022
1950000,131.363924908995
2000000,83.7174246779428
2050000,184.2575460291938
2100000,183.683702998453
2150000,139.007136897626
2200000,142.13233107678528
2250000,104.7834915228455
2300000,148.5051045622514
2350000,135.4586528019122
2400000,158.9490999986025
2450000,143.51053824930526
2500000,170.05244725673245
2550000,171.90614774517982
2600000,143.94873050904351
2650000,168.34316227052298
2700000,174.46392315405046
2750000,163.7267377807878
2800000,155.79649430143076
2850000,146.58769451024693
2900000,177.33592022170538
2950000,169.6936420854292
3000000,193.61257064288088
