global_step,eval/single_objective_return
50000,8.801849124739121
100000,39.598775547572984
150000,-27.5021397987353
200000,23.756559089777937
250000,-12.683277526129359
300000,22.948726960092017
350000,5.616258664190951
400000,11.248493383995807
450000,-11.043816450945442
500000,31.03614270446144
550000,105.89674975258436
600000,267.8134193382481
650000,-9.686983173208489
700000,14.124713016491015
750000,168.4812899326695
800000,142.67487558085566
850000,140.7573390992527
900000,156.50224667716375
950000,287.6734949317799
1000000,209.58538836349106
1050000,156.86765802457919
1100000,275.215464056992
1150000,108.23210906572392
1200000,162.4971191171586
1250000,11.773399023563115
1300000,20.332525610598637
1350000,177.03102971148863
1400000,48.606890580795564
1450000,71.99387587028436
1500000,217.4819059702454
1550000,76.1129370161772
1600000,208.4946014377468
1650000,203.39754696956598
1700000,219.92939583803445
1750000,295.29604435832033
1800000,29.013065187460683
1850000,229.1685588780046
1900000,220.64163156554494
1950000,205.4615902412416
2000000,191.41595340958668
2050000,172.99711397627433
2100000,129.99615290783234
2150000,22.941680306930706
2200000,236.59791629457618
2250000,242.54166526886723
2300000,261.103691764972
2350000,140.97513141293825
2400000,93.57262008896356
2450000,69.41748170550045
2500000,259.6983150798824
2550000,258.3628219617341
2600000,101.4672089324931
2650000,180.94913727749184
2700000,135.4606588499567
2750000,173.22504389487406
2800000,100.28519485996821
2850000,252.39578925951872
2900000,154.89761557019463
2950000,262.43451379165464
3000000,209.3460547320423
