global_step,eval/single_objective_return
50000,-76.81377958028618
100000,-102.61880303815347
150000,-35.007907636600166
200000,-59.48879326505134
250000,-80.35356870391252
300000,-27.64197690202751
350000,-59.07762408933081
400000,-13.44751644189924
450000,-6.627800829620469
500000,29.682723352077886
550000,-20.879936122927404
600000,-33.212323755593644
650000,-32.57796385935693
700000,3.015930366063685
750000,-47.14361323235485
800000,-25.3608397309075
850000,-72.66572296670628
900000,-31.009079588655027
950000,-5.359150940752713
1000000,0.990662475050101
1050000,-47.93116670353457
1100000,-24.345774829856694
1150000,-44.70143261241219
1200000,-56.47907919760239
1250000,31.563736242294652
1300000,-37.4669327260919
1350000,27.866669386077064
1400000,136.0490635623933
1450000,-19.55570900544795
1500000,23.753690941819897
1550000,-9.986382799935797
1600000,-33.7511942972677
1650000,17.30893296347398
1700000,-28.376352563778028
1750000,2.910336577588552
1800000,8.566310963436408
1850000,-37.36309953489023
1900000,-15.156942171558455
1950000,-18.81467216769032
2000000,-2.111391964649613
2050000,16.857997695574113
2100000,-29.76885154715407
2150000,17.384857791362094
2200000,-45.09462184638072
2250000,-1.758594515908186
2300000,-1.2425321408382928
2350000,56.974845511084766
2400000,1.5740655166228805
2450000,-21.591976314486644
2500000,-7.500725116322286
2550000,60.00103354251212
2600000,-18.470683363087645
2650000,-21.42258380429604
2700000,9.248499310507142
2750000,2.5600639374256815
2800000,-5.281749883085624
2850000,-27.835518229891832
2900000,-26.88730651481862
2950000,250.0780388823502
3000000,12.40944103462698
