global_step,eval/single_objective_return
100000.0,198.08493627543032
200000.0,218.07577437851393
300000.0,229.82337164883455
400000.0,204.16632911183348
500000.0,242.74463093762142
600000.0,286.94357203616624
700000.0,388.2538694978456
800000.0,268.45195959289026
900000.0,347.88453963848985
1000000.0,392.4974830365543
1100000.0,407.08234575208974
1200000.0,467.6988049806795
1300000.0,525.1211073287192
1400000.0,433.8070688353106
1500000.0,427.7588660567186
1600000.0,435.97282297681994
1700000.0,446.2002494696011
1800000.0,476.87987097134044
1900000.0,434.4386409774731
2000000.0,420.77816233289803
2100000.0,506.94239455907655
2200000.0,483.6143685892304
2300000.0,330.9649953141759
2400000.0,499.2515020989872
2500000.0,459.67982144968937
2600000.0,445.3368848687977
2700000.0,446.73282540864574
2800000.0,325.1706841806592
2900000.0,438.72710960613733
3000000.0,476.9611126317527
