global_step,eval/single_objective_return
50000.0,44.17357757101058
100000.0,5.9468456962992775
150000.0,23.320907636114484
200000.0,41.648717718794074
250000.0,37.01830085553621
300000.0,-4.514719661805202
350000.0,13.723609446686652
400000.0,-21.93942449258708
450000.0,69.21750957624647
500000.0,-9.235186570460115
550000.0,29.496692541669006
600000.0,20.59223764882269
650000.0,38.88797080011045
700000.0,3.6066443340569094
750000.0,-25.732224951987064
800000.0,31.986997427840976
850000.0,23.290828017470034
900000.0,18.297891380569936
950000.0,37.17546708225166
1000000.0,19.101818314276443
1050000.0,-6.338865458036025
1100000.0,22.85584151011811
1150000.0,24.621954656348578
1200000.0,34.761534042864724
1250000.0,-19.872280000531248
1300000.0,-8.396841555013623
1350000.0,8.652113542486731
1400000.0,22.650697444664928
1450000.0,0.4877063634119594
1500000.0,8.440676717911671
1550000.0,22.2306605531778
1600000.0,-26.732012397026978
1650000.0,42.40086110846215
1700000.0,-2.748936836024072
1750000.0,27.84744875196617
1800000.0,43.721589864765406
1850000.0,27.703559849144384
1900000.0,12.439449256201542
1950000.0,18.12657484192475
2000000.0,20.465478564888897
2050000.0,6.880420577570362
2100000.0,-91.20658817416378
2150000.0,4.013601603946739
2200000.0,17.70045320313514
2250000.0,23.78200013537507
2300000.0,20.666260529632112
2350000.0,18.844932140355468
2400000.0,9.357714186739585
2450000.0,25.82096666204103
2500000.0,22.445914050276684
2550000.0,1.2452946022960134
2600000.0,-12.444132496193163
2650000.0,25.248353635074807
2700000.0,2.8154719397627446
2750000.0,15.581682521066654
2800000.0,22.376257076193454
2850000.0,25.739328335588397
2900000.0,12.088612780698185
2950000.0,28.171529174822865
3000000.0,32.49299307317048
