global_step,eval/single_objective_return
50000,-60.668192551455746
100000,-25.0265479976446
150000,72.20496722809462
200000,67.06351668259022
250000,52.791756037730885
300000,26.2264247563413
350000,82.98556036546191
400000,69.54006179191529
450000,141.4853128850849
500000,106.47736157069735
550000,185.6209819422786
600000,165.5489193220503
650000,106.93470856507186
700000,110.81512551494114
750000,187.88681973887697
800000,181.34389785335398
850000,151.08925604781706
900000,146.74534968615137
950000,136.7522922884164
1000000,182.18834217265783
1050000,143.2865526460121
1100000,105.95052504158893
1150000,236.01809121268826
1200000,13.847073864821976
1250000,73.88469739759586
1300000,59.54578982845164
1350000,123.63660280599052
1400000,202.6957929511222
1450000,80.64541307100927
1500000,84.59100228213453
1550000,119.95402992344555
1600000,14.891435815759749
1650000,123.71957465391864
1700000,104.54486947726585
1750000,29.347583295947153
1800000,174.33239440876122
1850000,89.22121214250159
1900000,70.44214256546522
1950000,68.56464505442014
2000000,57.05685184980798
2050000,65.64606454602793
2100000,45.19502487221385
2150000,170.15110289981703
2200000,106.120416381493
2250000,96.56556503361438
2300000,82.8522850358568
2350000,130.01884846754385
2400000,51.23255351787385
2450000,136.7126656323279
2500000,125.06082971872297
2550000,129.04257357009632
2600000,121.42023255336605
2650000,158.94679364912474
2700000,108.14558340966109
2750000,112.59418720977799
2800000,59.978845900880394
2850000,110.8714991357694
2900000,123.5911929149954
2950000,52.648537978975405
3000000,60.95235387531377
