global_step,eval/single_objective_return
50000,-50.946950872653886
100000,0.2388534775859057
150000,34.77732372798141
200000,-43.14043770893582
250000,91.48281844233577
300000,54.64904486503206
350000,4.377345861438391
400000,104.17989205521607
450000,14.65605560392659
500000,77.00203459900203
550000,58.11103927128485
600000,171.2911338779682
650000,-4.103156328454438
700000,92.20451398395005
750000,38.10154239375249
800000,6.332876366296901
850000,61.92655587283885
900000,-27.200346373161494
950000,43.632092138648794
1000000,84.96975491597847
1050000,124.64383468927925
1100000,70.21956504897878
1150000,63.22732725879159
1200000,154.28444682534217
1250000,168.1532167232641
1300000,114.07237349603989
1350000,204.62923297518873
1400000,88.06508437232222
1450000,97.76459367541332
1500000,75.29202125388855
1550000,88.4591380688101
1600000,51.17134980519102
1650000,115.19483624949407
1700000,134.7283685167257
1750000,110.34076661286122
1800000,113.01823528637057
1850000,78.05998108730859
1900000,105.1251731217814
1950000,171.73749783750026
2000000,73.91017120506291
2050000,74.16443488880151
2100000,126.0801962661609
2150000,100.33032149284315
2200000,108.7695851880549
2250000,103.2451497875224
2300000,118.68596797436663
2350000,110.66191117363202
2400000,94.15798973820193
2450000,127.4027470866374
2500000,121.03178733316068
2550000,142.94735577531392
2600000,125.88162816716029
2650000,133.06788531056665
2700000,119.0489676864845
2750000,223.9902573719432
2800000,137.88260640211132
2850000,115.7509334821972
2900000,74.49394380962934
2950000,105.40385516736596
3000000,81.70999033098764
