"objective_1","objective_2","objective_3"
"27.723449331446318","16.888624942366732","20.547306773689343"
"28.10182767920196","22.312103191856295","5.529992267023772"
"29.117828100919724","22.228625684510916","13.980075503699481"