global_step,eval/discounted_eum
100000.0,82.09538167767406
200000.0,84.40680568406334
300000.0,64.1710006509118
400000.0,84.60669869304354
500000.0,81.08596046066272
600000.0,85.24110126001393
700000.0,85.94097154851583
800000.0,74.84886579601505
900000.0,81.81261413901755
1000000.0,84.72117760511559
1100000.0,86.08146799928905
1200000.0,70.96334242363379
