objective_1,objective_2,objective_3
8.770292034339944,3.798745854986978,8.005232758844857
10.328355552859744,-0.15305633445573485,-0.15305633445573485
