global_step,eval/single_objective_return
50000,30.002624899593854
100000,215.94509561626603
150000,20.946642907489633
200000,-11.53269324512246
250000,5.831417448086626
300000,132.59009198632506
350000,150.50543579805174
400000,51.10979870488623
450000,256.1666353670847
500000,254.15042239562732
550000,185.98954725462193
600000,203.0506444498531
650000,44.734211134069
700000,40.864654309164706
750000,10.091784319215677
800000,75.39599738425272
850000,55.89595281212394
900000,250.15103624416764
950000,242.89189697100852
1000000,16.083352312689655
1050000,236.143431760819
1100000,231.5965080349888
1150000,170.8508476610246
1200000,24.8328540270126
1250000,177.78249240849163
1300000,33.74815507898137
1350000,22.599577423199264
1400000,1.8679657607042373
1450000,24.11475078931275
1500000,256.9365616294692
1550000,186.46274186375751
1600000,-6.051637285136678
1650000,43.77816840092896
1700000,17.62459314677696
1750000,80.73232394867614
1800000,25.587338308649052
1850000,98.1126735887681
1900000,248.0273272878257
1950000,18.214426419139357
2000000,187.15450514432473
2050000,-7.268250034890258
2100000,-4.96581960854904
2150000,73.19412712077494
2200000,63.17768435896457
2250000,203.8728759300185
2300000,-30.18263214936394
2350000,-16.555845858287512
2400000,-8.08214318466851
2450000,41.00957449646063
2500000,25.65761537291496
2550000,34.81050262299894
2600000,208.96448901363192
2650000,70.02983362952426
2700000,33.62888537244629
2750000,-19.6927430059483
2800000,7.510411768691114
2850000,212.51829737503772
2900000,1.3793496863602286
2950000,26.315569512289045
3000000,9.838157305655784
