objective_1,objective_2,objective_3
12.507848248258131,3.3621945625532774,1.7172860034646158
