global_step,eval/single_objective_return
100000.0,-29.683999281615677
200000.0,-0.6254120761872501
300000.0,-2.4912219723616214
400000.0,-1.9207017085493365
500000.0,-1.2058532496768481
600000.0,-2.1813438724162575
700000.0,-3.8946891973623856
800000.0,-2.501098878036402
900000.0,-2.3332344471900486
1000000.0,-2.2664916721156727
1100000.0,-5.164623488822178
1200000.0,-4.035359468421523
1300000.0,55.33681352398994
1400000.0,-2.3865767783068277
1500000.0,42.47145173992943
1600000.0,277.85969324878374
1700000.0,273.16260552076665
1800000.0,298.71122023912596
1900000.0,-2.5769163193444564
2000000.0,110.8509601776359
2100000.0,192.6765187533805
2200000.0,89.83725644160684
2300000.0,-4.627428165551026
2400000.0,112.03005484022272
2500000.0,138.28861468232938
2600000.0,12.999502929033127
2700000.0,-2.4476466466099245
2800000.0,-10.791532444000792
2900000.0,-9.339914876919925
3000000.0,-8.647348467771739
3100000.0,-5.345464853627061
3200000.0,-7.430179646435411
3300000.0,-5.80405459939797
3400000.0,-4.947554132610261
3500000.0,-9.415709011043777
3600000.0,-7.554889510491607
3700000.0,-6.024822274369664
3800000.0,-7.650709745864627
3900000.0,-6.304240065486914
4000000.0,-2.987041483570966
4100000.0,-2.889132776737179
4200000.0,-5.710412014727481
4300000.0,-6.433276757615457
4400000.0,-1.8110949063284916
4500000.0,-5.143082548325408
4600000.0,-1.4105911640229167
4700000.0,-3.519117948159221
4800000.0,-2.369998388726714
4900000.0,0.09178834517512569
5000000.0,12.620662561784242
