global_step,eval/single_objective_return
100000.0,-14.602018397806813
200000.0,-10.049732844671626
300000.0,-9.05660585338914
400000.0,-8.301867267967634
500000.0,-6.835902276441118
600000.0,-6.048014900156079
700000.0,-4.7849232666364925
800000.0,-7.963064568811565
900000.0,-10.45998240276729
1000000.0,-9.204121768133376
1100000.0,-11.103482059553619
1200000.0,-9.950462002362224
1300000.0,18.037121622779615
1400000.0,-8.308328079129103
1500000.0,-9.374574754341982
1600000.0,-5.751129425351288
1700000.0,-0.001317823736969723
1800000.0,-3.299809157982888
1900000.0,3.4018654477192563
2000000.0,153.0000412124952
2100000.0,-3.107177146978112
2200000.0,-3.3243090509856272
2300000.0,-6.869292407665574
2400000.0,-4.157944840744326
2500000.0,-4.087828695697812
2600000.0,-9.196065500725844
2700000.0,-6.60466391950356
2800000.0,-8.218848322591054
2900000.0,-7.040521709504352
3000000.0,-6.911490433857784
3100000.0,-6.272098395454256
3200000.0,-10.899333322703672
3300000.0,64.22999204834613
3400000.0,-13.727366082497213
3500000.0,-12.647013327095674
3600000.0,-14.102328598325983
3700000.0,-14.412797996238499
3800000.0,-16.31623226820698
3900000.0,-14.063052118016211
4000000.0,-16.615012487770876
4100000.0,15.066298014132721
4200000.0,-10.120234002063503
4300000.0,-8.139091217646547
4400000.0,-6.656328985943918
4500000.0,-7.302353394678586
4600000.0,-0.46833300340772954
4700000.0,22.669353034146063
4800000.0,-15.931592001718764
4900000.0,-9.413130712823067
5000000.0,-17.28462999647232
