"objective_1","objective_2","objective_3"
"18.404034227132797","2.9181536538526416","13.588042338378727"
"18.667073542252183","2.9181536538526416","13.54708927217871"
"21.31138158775866","1.3601775597780943","16.094012478366494"
"21.71461871266365","1.370725835673511","13.499172589741647"