global_step,eval/single_objective_return
100000.0,547.8722218690203
200000.0,662.9808999510283
300000.0,626.901755243932
400000.0,635.745037879682
500000.0,567.6580159400959
600000.0,617.746959523712
700000.0,571.4738175947762
800000.0,595.5244532104612
900000.0,661.5689958088731
1000000.0,653.5346150027846
1100000.0,632.1914278151826
1200000.0,728.4177313410064
1300000.0,848.6849972928492
1400000.0,687.6032965896786
1500000.0,527.340853093169
1600000.0,631.558274478052
1700000.0,608.7180368950495
1800000.0,614.6388368406008
1900000.0,472.6701878314238
2000000.0,596.2687586464523
2100000.0,652.7048975820691
2200000.0,653.8555472604439
2300000.0,632.4584214166374
2400000.0,510.3206217520364
2500000.0,608.4818286191714
2600000.0,549.5699629263695
2700000.0,487.09240033411135
2800000.0,482.6820301627622
2900000.0,519.4026490881464
3000000.0,455.06125444621614
