objective_1,objective_2
213.59543862560105,85.08488373306912
210.51779779347288,86.14572685420436
210.91633970646416,85.9068569927864
218.04617190245736,78.3282757918766
217.738480313445,80.90185020734486
223.5766392037775,71.87145184545192
238.1320030582405,69.28346380788513
234.21657443043804,71.82167054515044
