objective_1,objective_2
233.6154891859444,80.0254676149816
232.37519905131583,80.42573594894758
239.75532918031072,79.43401415321779
225.0492827190422,84.74200177174238
232.34287884003092,84.69568175932393
258.41773235398017,79.32176050671224
259.4582052501028,77.54019387313345
258.8065018300306,78.02465623117548
261.48710588710645,76.63949216476884
252.6679150329413,79.36864087616857
260.212226767938,77.47739784563737
