objective_1,objective_2
99.14258031271181,40.7899089900251
113.72733326417055,38.366950857397114
126.62933079347306,34.089821031262055
125.35857242880527,34.702531391282875
121.69254461614096,35.251569946508695
127.46278280775928,31.621807499591306
145.3775647306464,30.90389312697827
