objective_1,objective_2
62.419023308757616,-257.6280935030098
47.23194651003034,-158.04803400967958
45.40092999033185,-155.84774521044898
50.11057468362858,-163.3304715015696
55.38355327344725,-192.9373789055988
39.63328813988395,-148.83711944190424
60.451657266862014,-234.44367642795768
50.65117046065098,-174.81609147685896
55.606589106117006,-194.4727600151415
57.11983580007578,-208.26568856145133
66.41244698720604,-276.3678942831616
51.29492853542725,-189.39598265710586
