objective_1,objective_2
48.81367405724733,-154.816317893378
56.41490714030349,-234.61977418049196
49.55383965137516,-185.2370387013773
43.98517684860118,-152.45503755240227
54.6896392655071,-196.89389884864443
40.94150861550624,-146.12765045763757
49.565581544314774,-195.661710627628
49.48888933819602,-181.88438000052844
