objective_1,objective_2
40.74797196671615,-127.21422829521889
45.81929727987315,-177.0398071463949
48.375490914005965,-182.186312815972
46.22849248474219,-178.63095908151118
44.70777759036973,-133.3690132312153
36.01392650838327,-120.26636515063876
36.91284154390066,-121.28580398055696
