objective_1,objective_2
5.5680309606921945,-4.4525250733408255
3.276915309844404,-4.362924164886105
5.180793042305486,-4.38895601937416
5.929384693081201,-7.41785779909546
8.228027339306216,-155.32416522113633
