global_step,eval/single_objective_return
50000,-14.987856032979735
100000,-4.416467729215768
150000,-16.234162965355026
200000,-18.816663879022215
250000,-10.323957034913434
300000,-46.48134060549269
350000,8.45304712559846
400000,3.8332818372544324
450000,13.105210946829686
500000,113.2988897470106
550000,103.82796148584842
600000,3.048177495480701
650000,10.312748665560918
700000,-2.121693179606254
750000,-29.939458675711705
800000,29.08234921734541
850000,-0.6607743808373812
900000,187.20610172132524
950000,-26.15883046427058
1000000,34.789392965925856
1050000,-1.239250607151689
1100000,-3.8878316696709163
1150000,46.7294831383399
1200000,-0.4599859592198783
1250000,-22.14367716563241
1300000,44.15459011621323
1350000,28.1709273289581
1400000,17.59625367759429
1450000,19.531629046170906
1500000,-26.516650033102493
1550000,-26.133877953414
1600000,9.39426013317896
1650000,-18.4064588088724
1700000,33.46639273776117
1750000,30.64648284141066
1800000,-26.07397314323633
1850000,-28.03701057819579
1900000,-36.58466543151992
1950000,64.17643891301726
2000000,-17.188483571982943
2050000,25.043584671697786
2100000,5.422095640153842
2150000,96.25069893957138
2200000,198.77090307891618
2250000,-14.765606554208006
2300000,74.49292388703275
2350000,266.19823992420777
2400000,-2.023645144740428
2450000,233.3819038692523
2500000,86.23477347782713
2550000,220.53115597994434
2600000,4.017113723324314
2650000,14.225110335742576
2700000,252.99740922760532
2750000,188.7896301171274
2800000,7.734636622677343
2850000,41.62065660159942
2900000,8.333591731544331
2950000,223.906902871645
3000000,174.114215679589
