global_step,eval/single_objective_return
50000.0,37.883901441154805
100000.0,-51.20317403650572
150000.0,10.6587679619477
200000.0,72.003882924321
250000.0,61.9318079490148
300000.0,146.95060663541923
350000.0,91.44660492763055
400000.0,180.26024772219057
450000.0,116.60966951743137
500000.0,115.6266093739093
550000.0,202.1155892242262
600000.0,150.1241038397433
650000.0,157.88460701557196
700000.0,217.846229235973
750000.0,152.22290728297384
800000.0,145.5691439710876
850000.0,162.84502295133026
900000.0,220.0698160948511
950000.0,192.65760517000982
1000000.0,168.1291929596992
1050000.0,222.50397464474327
1100000.0,180.63245777186654
1150000.0,195.21957354064315
1200000.0,201.8163640993422
1250000.0,227.20526540975052
1300000.0,230.43709440768333
1350000.0,219.8002434571844
1400000.0,224.36482001911608
1450000.0,223.814082046942
1500000.0,261.76519413840714
1550000.0,181.0165970943269
1600000.0,237.5396253625504
1650000.0,169.11264334599622
1700000.0,206.08430604575528
1750000.0,230.97921657127213
1800000.0,265.11685785933884
1850000.0,218.85500686473938
1900000.0,246.05620321054676
1950000.0,190.3393624066874
2000000.0,190.56167431302455
2050000.0,242.70302147286475
2100000.0,224.26452996928097
2150000.0,213.4634247240985
2200000.0,251.21688632478498
2250000.0,169.91604096376264
2300000.0,244.88851271184768
2350000.0,188.78508095988389
2400000.0,198.3147561779122
2450000.0,228.05932040473618
2500000.0,243.83652431035154
2550000.0,251.8684847388003
2600000.0,229.0146974109137
2650000.0,206.0301599513081
2700000.0,234.07535493603154
2750000.0,227.9518465654873
2800000.0,243.80100858239365
2850000.0,249.53129410179955
2900000.0,246.3483705848351
2950000.0,241.96934312740223
3000000.0,226.91126968675394
