global_step,eval/single_objective_return
50000.0,-93.89254954625099
100000.0,2.1707093310076147
150000.0,44.72572994530149
200000.0,126.20088080088813
250000.0,44.877621303310136
300000.0,214.0302350342501
350000.0,211.05539431131615
400000.0,174.87798192530212
450000.0,167.10326702977548
500000.0,126.57859666163843
550000.0,196.95608986090087
600000.0,209.91485674751772
650000.0,206.4051928555673
700000.0,261.6104925084727
750000.0,256.11848716238745
800000.0,249.90983911420062
850000.0,207.19842038040133
900000.0,185.544493404303
950000.0,255.52984638137772
1000000.0,239.40349154236074
1050000.0,236.9150627987549
1100000.0,226.68375239141182
1150000.0,181.49845211335213
1200000.0,266.62943678987256
1250000.0,224.1519124317088
1300000.0,243.0638883294684
1350000.0,218.85654340597574
1400000.0,221.47611005269096
1450000.0,247.00139252945465
1500000.0,240.39396703383142
1550000.0,228.1938229725381
1600000.0,240.11807299460034
1650000.0,226.90610036190998
1700000.0,237.6376465835836
1750000.0,246.10297330528692
1800000.0,200.25741762330597
1850000.0,260.1357966073689
1900000.0,231.5695282119847
1950000.0,251.43774213477246
2000000.0,220.35818497361066
2050000.0,238.92176454448918
2100000.0,215.26752193243055
2150000.0,232.65924975204297
2200000.0,247.26027241166156
2250000.0,208.5074971921011
2300000.0,252.1743113407383
2350000.0,238.392997228362
2400000.0,251.80519657397608
2450000.0,231.05243100472472
2500000.0,245.39937051512862
2550000.0,243.91333174952518
2600000.0,241.00375745247896
2650000.0,234.15723513391276
2700000.0,240.5127791053329
2750000.0,241.3919286523038
2800000.0,231.13913307721023
2850000.0,239.9705323873252
2900000.0,240.9500682034598
2950000.0,180.55915212250088
3000000.0,262.6925421273434
