global_step,eval/single_objective_return
50000.0,-66.08554971163728
100000.0,-33.99445255526825
150000.0,-24.44137880459399
200000.0,106.44155291452618
250000.0,137.33926187289953
300000.0,107.92007804432728
350000.0,115.96089735225469
400000.0,147.40076116733846
450000.0,182.19527912193865
500000.0,126.2247691150804
550000.0,227.97043250255055
600000.0,225.4238995617453
650000.0,192.60181931991005
700000.0,169.1951369251145
750000.0,182.07039091241268
800000.0,179.51624518738456
850000.0,198.90063537296697
900000.0,178.91743221547102
950000.0,270.4403011790936
1000000.0,234.13621474775965
1050000.0,198.87685945266435
1100000.0,249.10504044325126
1150000.0,257.60289759914275
1200000.0,230.86746217922365
1250000.0,220.58878684698774
1300000.0,259.67503292658665
1350000.0,254.39844385123723
1400000.0,227.9899419951329
1450000.0,248.25421260283662
1500000.0,241.11003247546623
1550000.0,256.3564876781664
1600000.0,220.1247589210428
1650000.0,223.7956480262049
1700000.0,282.9175913924153
1750000.0,162.93757408080256
1800000.0,214.5365666757204
1850000.0,168.71841419010158
1900000.0,227.56369178053797
1950000.0,239.60869628201982
2000000.0,192.43663788923624
2050000.0,252.87172027573018
2100000.0,235.8771543065618
2150000.0,233.10791809694516
2200000.0,199.87897188244816
2250000.0,220.0469641895007
2300000.0,199.0854685668761
2350000.0,165.03737612154725
2400000.0,224.26557226319628
2450000.0,253.55440726315942
2500000.0,257.58960103120523
2550000.0,251.78681167711352
2600000.0,238.5529673830823
2650000.0,233.19260343882405
2700000.0,264.204762418573
2750000.0,237.59202353058305
2800000.0,224.42885986921982
2850000.0,238.33566182495906
2900000.0,255.8689697857079
2950000.0,245.28450747114562
3000000.0,250.69882446094772
