objective_1,objective_2
115.87907362426859,45.36408356318934
140.93541864523826,39.961188172983455
141.56849185355765,38.48635288293532
146.16895677169646,35.79098976811677
