objective_1,objective_2
221.32538782341945,88.49891548832784
219.15838918229124,89.03760303833666
223.11373627079212,84.29322028471461
235.09148640322172,62.36825639065798
238.63478156785322,53.697140250394206
238.0661949675694,54.09133910965395
227.61019885421464,76.17135885330836
224.84255307315107,83.43972197076678
