objective_1,objective_2
225.8676188245302,81.49527590738504
216.87365086084353,87.89845223902584
224.15487687163704,85.18878942990929
224.88488482648378,84.57425085776367
227.59819397379573,79.20628272170005
223.28758922689553,87.45343427381076
225.05226891846124,84.05644251633036
240.30167031113794,71.71079580386834
233.9360815671309,77.68332619594703
236.96610907722197,74.95273667613468
243.06655302723487,61.08496856911318
