global_step,eval/single_objective_return
100000.0,-379.1124734447782
200000.0,-129.85016741185046
300000.0,-156.6788060489533
400000.0,204.52440952909382
500000.0,70.97239356442549
600000.0,199.75462720321943
700000.0,95.58045870722972
800000.0,-40.478833739696555
900000.0,150.0138975444174
1000000.0,185.23051236347817
1100000.0,448.43308611534286
1200000.0,341.44788816763554
1300000.0,245.24190369762385
1400000.0,191.19382306438604
1500000.0,231.41701110987916
1600000.0,124.1259816939017
1700000.0,113.76441779061835
1800000.0,52.96539807044534
1900000.0,-60.96871833912469
2000000.0,-81.91423943221119
2100000.0,-24.661715767394192
2200000.0,150.23405967524064
2300000.0,126.02720485429026
2400000.0,145.22674959473653
2500000.0,-95.13735056369326
2600000.0,72.5535504808338
2700000.0,-125.27790824562086
2800000.0,65.28706431695774
2900000.0,-81.64309580044603
3000000.0,28.670522720142213
3100000.0,-3.0879289833182497
3200000.0,-137.63114605442638
3300000.0,-61.91966293245192
3400000.0,-37.64058987812924
3500000.0,-12.39570099478426
3600000.0,-171.10724925856422
3700000.0,-112.06615339845686
3800000.0,-43.93399183576465
3900000.0,-76.34394421845592
4000000.0,-141.11213919208132
4100000.0,-103.9592295686044
4200000.0,-197.3238825385243
4300000.0,-130.7415243994665
4400000.0,-150.91595389444
4500000.0,-165.2941135081032
4600000.0,-206.7156564599406
4700000.0,-162.5070094047544
4800000.0,-142.86310721653942
4900000.0,-146.77394089483147
5000000.0,-172.42884337839428
