objective_1,objective_2
205.33760414682433,61.40693112678464
205.5819924168863,46.18559584659202
