objective_1,objective_2
215.8259077650644,83.25718098652351
217.18914083339462,83.21674363122622
225.8271631475442,82.11687001146424
231.52384646793806,77.94884676020331
227.23361502114517,78.26148015676947
241.2580964187277,74.38405328183478
244.08328637991968,72.44325063548602
241.4902069844246,74.06334719672482
253.6866974984647,69.19963983457096
249.4614237408336,69.6178454390168
252.88591686595808,69.46384110550878
254.38091279307244,67.85374489047351
