global_step,eval/single_objective_return
50000.0,-53.6760409188099
100000.0,-23.113689600275006
150000.0,-18.917583990239272
200000.0,71.26261254073003
250000.0,94.84948400758591
300000.0,103.5266650782033
350000.0,144.4909502827073
400000.0,147.90484130609119
450000.0,172.93424485862644
500000.0,121.5398606968545
550000.0,126.39181714694455
600000.0,255.2373492241671
650000.0,181.46231940622852
700000.0,194.18329950526498
750000.0,201.55449217862122
800000.0,205.84600559982482
850000.0,167.97885844705453
900000.0,189.82425760325705
950000.0,185.34754338553864
1000000.0,243.68223873100965
1050000.0,76.35163564436377
1100000.0,257.355103292571
1150000.0,171.80440912316456
1200000.0,232.50615413391748
1250000.0,205.53537295048758
1300000.0,174.65327607564336
1350000.0,214.0259885784288
1400000.0,202.62927546555133
1450000.0,264.0138257777442
1500000.0,224.76970148969477
1550000.0,252.22280917354138
1600000.0,209.83632635786427
1650000.0,191.22913998452896
1700000.0,202.77603086620806
1750000.0,167.36290474676562
1800000.0,200.73482350098286
1850000.0,221.86799659884537
1900000.0,193.20949307615842
1950000.0,200.12126102441033
2000000.0,191.06378081476433
2050000.0,208.85713362445654
2100000.0,197.32308734170573
2150000.0,187.05408410401373
2200000.0,197.4031525410123
2250000.0,233.84765565429797
2300000.0,240.0787272048548
2350000.0,192.09468843721913
2400000.0,244.1875642997642
2450000.0,210.29848748945793
2500000.0,186.25595034002413
2550000.0,240.12375067007005
2600000.0,249.910274901629
2650000.0,199.43312819702015
2700000.0,239.77163843829393
2750000.0,174.64844647849424
2800000.0,174.52246036284603
2850000.0,244.73785831044188
2900000.0,219.09193102507575
2950000.0,193.28882153443334
3000000.0,178.81302557927336
