global_step,eval/single_objective_return
100000.0,-467.8143431922231
200000.0,-552.8220792293421
300000.0,-549.6096476754129
400000.0,-559.4587717874626
500000.0,-497.02135221079004
600000.0,-449.5696228588278
700000.0,-7.1192984089920115
800000.0,-9.056148606303676
900000.0,6.807146291767158
1000000.0,-80.03866579842665
1100000.0,-47.78564068335298
1200000.0,-80.78293828809394
1300000.0,-48.85237311703834
1400000.0,-122.09321484941265
1500000.0,-120.13115634940486
1600000.0,-115.41960132785186
1700000.0,-95.87089047365524
1800000.0,-81.62823280429191
1900000.0,-91.43692512724274
2000000.0,-79.62057672850898
2100000.0,-93.80875139327705
2200000.0,-125.13765947850678
2300000.0,-114.70208526822239
2400000.0,-140.83569995360307
2500000.0,-48.045204038512665
2600000.0,-103.6478080252223
2700000.0,-87.30078970759423
2800000.0,-90.12460583500118
2900000.0,-87.27706598608756
3000000.0,-67.2706932118892
3100000.0,-82.53654569868786
3200000.0,-67.1877318387138
3300000.0,-100.80483341731315
3400000.0,-105.15721456477596
3500000.0,-144.42637178883012
3600000.0,-99.49503624602848
3700000.0,-20.446074158854714
3800000.0,-101.59518840671062
3900000.0,-96.94045594533121
4000000.0,-74.03412311277614
4100000.0,-93.3408914645062
4200000.0,-113.31724976703967
4300000.0,-80.7954036693238
4400000.0,-126.4545670535916
4500000.0,-101.8271074059655
4600000.0,-94.69657183623417
4700000.0,-113.35695084930087
4800000.0,-105.74275686662213
4900000.0,-59.42183187445134
5000000.0,-92.01149510118417
