global_step,eval/single_objective_return
100000.0,-446.2113456694057
200000.0,-480.31007013648315
300000.0,-492.8800002147279
400000.0,-545.1940347747088
500000.0,-472.3141414884987
600000.0,-529.6335107933012
700000.0,34.215163862108994
800000.0,51.06855314965933
900000.0,88.15092462463019
1000000.0,156.6303294590066
1100000.0,145.49370286595834
1200000.0,162.57094288325646
1300000.0,152.06996577964173
1400000.0,220.05309892590338
1500000.0,228.21713941688031
1600000.0,226.5176583850336
1700000.0,205.50546419993822
1800000.0,228.6203878900492
1900000.0,223.80249696903638
2000000.0,212.1102765449763
2100000.0,244.60016038137832
2200000.0,207.98912429368565
2300000.0,216.53861237384208
2400000.0,219.52364098485896
2500000.0,202.45021320937434
2600000.0,217.00712456275068
2700000.0,230.28507856031342
2800000.0,236.43200445720444
2900000.0,216.74428994570917
3000000.0,237.5063557234759
3100000.0,221.53202113443575
3200000.0,217.25946053392914
3300000.0,228.4013800816831
3400000.0,235.3774144544061
3500000.0,216.4570805050725
3600000.0,216.67768577450406
3700000.0,120.52464801110571
3800000.0,111.07775601796907
3900000.0,126.80325407605793
4000000.0,130.89798247486902
4100000.0,97.74126483632344
4200000.0,144.8031972025853
4300000.0,126.75215574249873
4400000.0,97.1746816248744
4500000.0,128.13356407317747
4600000.0,90.63718895054652
4700000.0,126.75555821106249
4800000.0,130.72496240352584
4900000.0,117.14334931430145
5000000.0,125.55432348050185
