global_step,eval/single_objective_return
100000.0,-485.23782647435166
200000.0,-532.1309022499411
300000.0,-470.614978070499
400000.0,-510.5430767828508
500000.0,-539.215044252245
600000.0,-535.8639783787296
700000.0,-109.19244929623429
800000.0,-104.76284711570534
900000.0,-84.49685510492873
1000000.0,-124.76065280705909
1100000.0,-79.75743200697164
1200000.0,-79.01277611551961
1300000.0,-121.96268327986122
1400000.0,40.13876033987682
1500000.0,46.57336502344731
1600000.0,69.98274523575735
1700000.0,38.32403121703717
1800000.0,21.305105050483142
1900000.0,40.91469556258992
2000000.0,51.447837304985
2100000.0,66.92840625893186
2200000.0,50.189955582066005
2300000.0,63.90965375600852
2400000.0,76.50908715147217
2500000.0,134.94160120624832
2600000.0,111.26969096332202
2700000.0,127.49829568248978
2800000.0,93.13328671140121
2900000.0,110.1003234630402
3000000.0,145.18598500297412
3100000.0,148.67417599845254
3200000.0,128.10881698173662
3300000.0,100.46801601994544
3400000.0,173.42768983800448
3500000.0,88.96902774624306
3600000.0,120.05229919238184
3700000.0,159.55872599721016
3800000.0,257.8080510954635
3900000.0,274.7616219850036
4000000.0,263.4594098663393
4100000.0,259.9823094868666
4200000.0,290.6000288769813
4300000.0,266.9549708813621
4400000.0,274.97545333643836
4500000.0,274.2009394324669
4600000.0,267.4619718128987
4700000.0,294.8286733018578
4800000.0,285.5904613835182
4900000.0,257.70930890622475
5000000.0,251.70907331229873
