objective_1,objective_2
26.420844454149986,-9.450301856154804
26.270686805396952,-9.447485093081836
24.531208933982576,-8.81848414977907
24.5859916290891,-8.818486694489469
26.358720213717167,-9.450256318206195
30.332969549852233,-11.910807975927526
28.148425215288558,-10.075798866203485
29.65148716834066,-10.695026839455512
26.109488505873255,-9.379579222978132
28.0018462793238,-10.075774421816938
26.319605672522524,-9.450111508681971
31.12285231152059,-12.515859581173311
