global_step,eval/single_objective_return
100000.0,-450.6786287365084
200000.0,-476.39568507838516
300000.0,-413.5360049219067
400000.0,-470.36104246301915
500000.0,-470.3294433534257
600000.0,-486.54651156018065
700000.0,798.5441423720949
800000.0,535.467332938709
900000.0,746.8762415665819
1000000.0,737.7184636423236
1100000.0,720.7734304955419
1200000.0,488.1254979296222
1300000.0,531.5083530552563
1400000.0,315.3147483679509
1500000.0,464.1005368154785
1600000.0,706.25920318993
1700000.0,731.7919488585657
1800000.0,495.6099817486167
1900000.0,922.4945748637973
2000000.0,656.5575896918966
2100000.0,475.4168892614681
2200000.0,575.8397204897071
2300000.0,806.5440366789024
2400000.0,840.6920246360396
2500000.0,889.1944308422638
2600000.0,822.6725347357743
2700000.0,792.562418648071
2800000.0,822.390632510282
2900000.0,838.2807591669405
3000000.0,809.3000095732958
3100000.0,816.9692684338316
3200000.0,789.8932921271972
3300000.0,796.4262766560713
3400000.0,828.3698378367121
3500000.0,867.2273379018801
3600000.0,847.857859829769
3700000.0,839.4954537359598
3800000.0,817.1797075823616
3900000.0,829.6460505902854
4000000.0,853.1251006383054
4100000.0,777.8731642205555
4200000.0,800.1947114368462
4300000.0,797.2775795899023
4400000.0,837.2521552588277
4500000.0,845.213979281238
4600000.0,759.3463920968234
4700000.0,790.653230319543
4800000.0,813.772928564189
4900000.0,796.3399811039261
5000000.0,751.1203780897118
5100000.0,828.5392473611062
