global_step,eval/single_objective_return
100000.0,-488.2823059040667
200000.0,-489.08344410566264
300000.0,-485.05155021990953
400000.0,-409.74671112277883
500000.0,-507.451413606809
600000.0,-513.5797978042112
700000.0,732.9188335014418
800000.0,698.9992430462659
900000.0,444.55613043255687
1000000.0,398.8866110046588
1100000.0,770.6877725239627
1200000.0,617.6975253489022
1300000.0,679.6690574762328
1400000.0,689.8023819111403
1500000.0,693.7993568343805
1600000.0,712.2158600272344
1700000.0,703.5734199727929
1800000.0,730.054906723399
1900000.0,674.4599269369534
2000000.0,757.9153306296398
2100000.0,685.9396014462354
2200000.0,716.3779069349671
2300000.0,328.3500773508376
2400000.0,584.0176284209988
2500000.0,207.5662016713124
2600000.0,436.5276117289013
2700000.0,506.46634932294353
2800000.0,440.31275418681736
2900000.0,589.2184147739574
3000000.0,344.2111451242253
3100000.0,211.645784433906
3200000.0,264.5471881445168
3300000.0,222.05803066711496
3400000.0,370.2249613466549
3500000.0,517.8738538922146
3600000.0,767.2680491872246
3700000.0,716.8373646226983
3800000.0,551.715890890265
3900000.0,608.0251298757798
4000000.0,149.23009933112607
4100000.0,219.7538773475263
4200000.0,696.3686735659776
4300000.0,336.17005780633275
4400000.0,440.58599371535445
4500000.0,374.7034538198613
4600000.0,406.09076316530616
4700000.0,411.7544658214564
4800000.0,451.9451758586457
4900000.0,392.03250144352245
5000000.0,422.64019393902055
5100000.0,377.10640124206014
