objective_1,objective_2,objective_3
10.129864528293135,-0.19464480181613739,-0.19464480181613739
7.202886162577448,-0.17437293079744054,-0.17437293079744054
12.177367392455839,1.12481909974854,-0.4205922525228696
4.354655710341945,-0.10707082842942658,-0.10707082842942658
7.097706928211161,-0.17437293079744054,4.782638638325014
8.807764498361845,-0.2820400564754103,8.109682048211738
