global_step,eval/single_objective_return
50000,310.19510172839045
100000,203.87940317011478
150000,123.29092819842245
200000,101.5461397822488
250000,232.74973879466216
300000,190.63736916265825
350000,159.62176207898392
400000,184.2388315614615
450000,134.11468516318683
500000,113.94608633350944
550000,205.03072999666156
600000,234.38408644794114
650000,224.32572002838742
700000,244.80648586366252
750000,250.80809433775454
800000,206.4552217430056
850000,203.39838812512022
900000,241.37627692541372
950000,178.22388203738444
1000000,189.17959527040642
1050000,189.0529256029293
1100000,247.9196050434215
1150000,259.4824467612525
1200000,190.7152092685485
1250000,268.123463585991
1300000,216.69700868408137
1350000,212.65040952339254
1400000,275.4751669663946
1450000,257.7553251157153
1500000,265.1738496604977
1550000,281.8158658596736
1600000,258.2893107617643
1650000,289.64359014220383
1700000,207.88427588317103
1750000,249.43761294474803
1800000,199.9636692428919
1850000,235.2405390603561
1900000,-11.801911957517802
1950000,214.6445345273922
2000000,305.2435523358965
2050000,213.47237296900795
2100000,154.07880178658445
2150000,147.26261523729838
2200000,319.91784874756013
2250000,276.64872112469
2300000,181.45136968846194
2350000,235.01690018895894
2400000,85.69054870649501
2450000,276.6001705422576
2500000,277.06277972093005
2550000,189.88570703896414
2600000,135.68026661481667
2650000,80.54770320950996
2700000,172.35241268811492
2750000,206.20673465202518
2800000,51.08667204845395
2850000,13.895054856417786
2900000,66.81050495738913
2950000,82.15755697985546
3000000,-2.1098934072878137
