global_step,eval/single_objective_return
100000.0,138.0231659376042
200000.0,140.71323222515025
300000.0,168.10205242519356
400000.0,150.44506959280142
500000.0,164.10717512280306
600000.0,170.13589862335593
700000.0,168.0921494856568
800000.0,184.07685980308105
900000.0,173.5916492534879
1000000.0,182.9218989824389
1100000.0,182.57810579533526
1200000.0,171.53878526649072
1300000.0,173.54333083294847
1400000.0,194.31297841487148
1500000.0,172.4990190985103
1600000.0,172.94189739414526
1700000.0,161.18161863065887
1800000.0,192.65407290669964
1900000.0,148.60068331103994
2000000.0,160.09345030528894
2100000.0,172.87388172506448
2200000.0,187.17914000118634
2300000.0,174.33498195318435
2400000.0,159.1875063069837
2500000.0,179.1758490203503
2600000.0,165.23785227882868
2700000.0,174.67904869481623
2800000.0,178.81365741312067
2900000.0,193.2042081182386
3000000.0,171.0433878222506
