global_step,eval/single_objective_return
100000.0,774.6091622608698
200000.0,951.5416101012164
300000.0,1058.123635757308
400000.0,1009.7810538170667
500000.0,1074.056797006308
600000.0,1091.0093967654798
700000.0,1053.9117608927218
800000.0,1036.9222518132144
900000.0,1044.133109780771
1000000.0,1068.2878108778991
1100000.0,1041.1216114154577
1200000.0,1065.9286906924895
1300000.0,1017.4053917866646
1400000.0,1021.3533649953957
1500000.0,1015.8057051148264
1600000.0,1013.1049971205036
1700000.0,1110.0534105768584
1800000.0,1016.6091485669388
1900000.0,1039.2652999809577
2000000.0,1017.9338857967166
2100000.0,1018.0098537456522
2200000.0,1017.3746940362329
2300000.0,1096.9310702711246
2400000.0,1075.1233559634595
2500000.0,1017.8753191597418
2600000.0,1017.5007660945148
2700000.0,1422.5911418804337
2800000.0,1262.776203744745
2900000.0,1204.8975560467204
3000000.0,1200.498759513174
