global_step,eval/single_objective_return
100000.0,1352.8193906911758
200000.0,1207.830133718356
300000.0,1289.1966916853346
400000.0,1625.6692009372714
500000.0,1410.4858127254479
600000.0,1721.5292990443943
700000.0,1576.6503316772673
800000.0,1586.0941503448987
900000.0,1677.7650224450988
1000000.0,1502.231038276153
1100000.0,1446.6133650274685
1200000.0,1465.2545111373554
1300000.0,1481.7631051691021
1400000.0,1418.229016871643
1500000.0,1553.5814831936236
1600000.0,1455.3046768042386
1700000.0,1665.1038355095152
1800000.0,1495.6259014410648
1900000.0,1685.9996277744413
2000000.0,1499.660595280491
2100000.0,1550.90365724153
2200000.0,1482.479285001152
2300000.0,1558.3884274587076
2400000.0,1565.8639600728718
2500000.0,1465.7636186548114
2600000.0,1489.3570497111139
2700000.0,1425.888784530848
2800000.0,1502.0797872681633
2900000.0,1543.9350822050383
3000000.0,1756.2594342955267
