global_step,eval/single_objective_return
100000.0,1398.5430736244148
200000.0,1404.8761970184878
300000.0,1457.995491703622
400000.0,1632.7773009329137
500000.0,1525.5411254951691
600000.0,1620.6627884667944
700000.0,2080.27714917446
800000.0,1228.0400573857632
900000.0,1348.6716425978525
1000000.0,1401.9527473972173
1100000.0,1856.3666663597462
1200000.0,1728.751085234583
1300000.0,1704.628250556178
1400000.0,1631.6634491457608
1500000.0,1699.76350936878
1600000.0,1574.3455277292721
1700000.0,1642.4149204839543
1800000.0,1699.4539152333634
1900000.0,1634.5411172419065
2000000.0,1442.6713269288257
2100000.0,1719.3105644181178
2200000.0,1640.0266986531856
2300000.0,1693.916874577889
2400000.0,1716.5971120287413
2500000.0,1675.8209092951747
2600000.0,1632.6993758445362
2700000.0,1676.080120837109
2800000.0,1500.7211252343063
2900000.0,1676.3440150243716
3000000.0,1747.9319180516345
