objective_1,objective_2
1.8856158312321538,-17.911627257899717
8.503270779757095,-19.087194005041148
4.927876670879453,-18.706012210815846
5.523229157878651,-18.79045986687708
8.914233695732674,-20.480112511282925
13.086995517338643,-27.646883482496225
14.210556573488319,-35.08743661311931
20.31779267465669,-39.30436669044022
