objective_1,objective_2,objective_3
17.411633663014506,1.745311758710919,5.215527898099936
15.70073888831008,1.2922730156764202,202.21188854186525
