objective_1,objective_2,objective_3
10.642267536144777,2.9157140440270988,7.146188995996521
15.95650040169146,2.779718943110619,17.44592178994435
