objective_1,objective_2
-380.14999748974964,-260.7876307035144
-942.6130287765249,-90.58863417528636
-171.3531713803925,-433.71237854709295
