objective_1,objective_2
-793.4801398683029,49.58681926801005
-345.66735880721404,-258.16760298515555
-637.2489318855903,-160.4601041198372
-251.71000722799621,-433.71237854709295
