objective_1,objective_2
-32.92216126437519,120.45428415011183
91.33092644777163,-303.3670912278126
