objective_1,objective_2
50.376227618375054,228.6840539032611
