objective_1,objective_2
-285.68294386543573,-72.07350574181757
-250.88523355710768,-433.71237854709295
