objective_1,objective_2
-10.040914895143345,174.77902611972303
