objective_1,objective_2
-651.237600993062,-222.66270281948468
-446.51760499707467,-255.65938982991918
-920.9609145220807,-115.88088811028038
-437.4303319380058,-336.67512761146634
