global_step,eval/single_objective_return
100000.0,370.80017151258863
200000.0,78.58934370229068
300000.0,35.48959741687731
400000.0,98.5982657360357
500000.0,70.92224843440006
600000.0,102.85502048312087
700000.0,81.32599897762802
800000.0,55.51882345189756
900000.0,58.90953020563995
1000000.0,171.27791299997804
1100000.0,134.48910743059136
1200000.0,345.8438874286527
1300000.0,319.7918130918588
1400000.0,337.32832737637153
1500000.0,171.9757622261414
1600000.0,492.3773107788655
1700000.0,321.84150711389935
1800000.0,380.9154270093228
1900000.0,361.4855153753015
2000000.0,360.7978432888967
2100000.0,188.48911165056967
2200000.0,180.41223087775867
2300000.0,211.31852664322417
2400000.0,256.63485935248065
2500000.0,182.7993178882426
2600000.0,150.65413336807865
2700000.0,215.67654979344516
2800000.0,247.23129619749096
2900000.0,297.4345794295123
3000000.0,216.97960648783365
3100000.0,55.12207992988863
3200000.0,218.08190159877162
3300000.0,322.9253864787244
3400000.0,619.2144906305147
3500000.0,434.02625142259575
3600000.0,396.0317326463915
3700000.0,290.877009223101
3800000.0,494.1920947699888
3900000.0,553.7225894551063
4000000.0,270.90253438156344
4100000.0,168.65528400724043
4200000.0,212.1534395583721
4300000.0,208.11045161292023
4400000.0,243.5505427241372
4500000.0,348.3326635410975
4600000.0,161.05336942200074
4700000.0,293.0087761407961
4800000.0,82.48529796912382
4900000.0,141.3882815794676
5000000.0,101.84514346358068
