global_step,eval/single_objective_return
50000,-54.21382452116482
100000,-116.5617783676512
150000,87.17009511098792
200000,-32.92214848078105
250000,-81.13048283224258
300000,-9.941664377322724
350000,-37.56631669083987
400000,-30.61613305180667
450000,17.041760354562328
500000,18.399109111787084
550000,-65.93134407584066
600000,37.88490504929209
650000,-57.78836055013849
700000,0.5611559546487541
750000,229.82692655315455
800000,-22.98411403710297
850000,244.71677356334698
900000,-58.33043941848581
950000,-20.536357208154357
1000000,36.804193407373674
1050000,0.6426862394738464
1100000,48.56036399225272
1150000,-46.24705376158846
1200000,-32.53312996573817
1250000,-56.737991518867744
1300000,-30.9846862827398
1350000,60.29096637143772
1400000,-28.078303906366827
1450000,-36.53658401041352
1500000,38.457056686695836
1550000,34.859933114540155
1600000,-57.241756821538274
1650000,1.5782858487252724
1700000,-30.023583149600512
1750000,-72.47920653230705
1800000,-13.690316446895196
1850000,-54.7963558149751
1900000,18.916963073443554
1950000,38.94579986103105
2000000,28.593900876516244
2050000,-1.7088442685152643
2100000,3.673404096533474
2150000,9.75836199916887
2200000,-34.15345308807697
2250000,53.28472635960935
2300000,42.21006765719795
2350000,-4.174759572719196
2400000,36.80074487101632
2450000,1.720207116901193
2500000,19.92845288275467
2550000,13.474111999960826
2600000,-7.930746800781463
2650000,41.23834131499112
2700000,-18.998062870394733
2750000,-28.99178178381692
2800000,-1.8684468082273753
2850000,53.872689855270096
2900000,-71.74075770860452
2950000,3.878916711512659
3000000,-20.785567575407384
