global_step,eval/single_objective_return
50000.0,-315.21922753492015
100000.0,-253.0222813170439
150000.0,59.85414572215444
200000.0,-42.99473734909532
250000.0,304.63130903330443
300000.0,44.12308540555503
350000.0,46.63685278483345
400000.0,-5.423807515680565
450000.0,-46.154452985178864
500000.0,-12.62889555024131
550000.0,-54.668662410526366
600000.0,-23.23576094326009
650000.0,-50.594561811113664
700000.0,-47.02737387905117
750000.0,6.431304178131455
800000.0,56.93772558721648
850000.0,-49.88942343749426
900000.0,2.6325805269740528
950000.0,38.99386745536199
1000000.0,-8.053084852202815
1050000.0,-33.113832243695825
1100000.0,-34.64809350037085
1150000.0,15.010313627649651
1200000.0,-36.6383487690034
1250000.0,-41.86262345307085
1300000.0,14.035762420116498
1350000.0,248.35468127106168
1400000.0,49.94976076420147
1450000.0,31.540484374067347
1500000.0,24.213113700259527
1550000.0,-37.586255225187415
1600000.0,-11.514115359106086
1650000.0,23.529687834530463
1700000.0,26.093263923256117
1750000.0,-51.99417308241124
1800000.0,-71.35865474011618
1850000.0,-56.591136946221184
1900000.0,-70.09283475810048
1950000.0,67.4330280466275
2000000.0,23.409179106304308
2050000.0,7.93284513414639
2100000.0,55.97984462340861
2150000.0,42.22868983016983
2200000.0,-68.0610674533176
2250000.0,13.652754822390506
2300000.0,-46.460858241262144
2350000.0,-34.155023621045046
2400000.0,-87.9912139814837
2450000.0,42.774010320735215
2500000.0,-25.156845469291014
2550000.0,-16.008973796933674
2600000.0,-23.129790315341552
2650000.0,32.37523913055563
2700000.0,7.0029043785784495
2750000.0,-12.214164321239934
2800000.0,-4.943826955852444
2850000.0,47.94252107560743
2900000.0,-14.856920425877263
2950000.0,-0.3645628797363827
3000000.0,-42.47279867212916
