global_step,eval/single_objective_return
100000.0,-14.777594579519691
200000.0,-38.118283108084825
300000.0,16.73707071947101
400000.0,-18.63864597781688
500000.0,49.604036173632714
600000.0,890.2625629979426
700000.0,979.6171635256985
800000.0,964.1624373680437
900000.0,907.975547969119
1000000.0,826.1002727238032
1100000.0,924.7768480946439
1200000.0,1013.0226202690286
1300000.0,1080.9226256643046
1400000.0,1043.24572142006
1500000.0,1061.5430481577755
1600000.0,1085.6247375431244
1700000.0,904.0611715961666
1800000.0,974.8085281535599
1900000.0,988.0728910420148
2000000.0,965.690828744732
2100000.0,896.2611628265734
2200000.0,831.1139993889874
2300000.0,896.3430690623547
2400000.0,566.379031947278
2500000.0,644.4142973432452
2600000.0,652.565564860809
2700000.0,635.3327027011215
2800000.0,827.227937802769
2900000.0,566.16129504423
3000000.0,633.2447717146127
3100000.0,990.2972958162567
3200000.0,773.6540837644119
3300000.0,835.8214331979952
3400000.0,713.2043421512623
3500000.0,854.1867165617125
3600000.0,717.5837367961344
3700000.0,470.6350708169919
3800000.0,13.660611930661252
3900000.0,892.5677328980039
4000000.0,787.759239927979
4100000.0,862.3877295693668
4200000.0,747.0742228664388
4300000.0,675.4756485501987
4400000.0,717.020738288975
4500000.0,774.694595790396
4600000.0,610.7463564340071
4700000.0,713.1959186075677
4800000.0,660.8551768571932
4900000.0,565.4481219188049
5000000.0,524.0973463880705
