global_step,eval/single_objective_return
100000.0,940.5836602921245
200000.0,1103.5285428897078
300000.0,854.4881456986398
400000.0,991.1721123789335
500000.0,1352.1339179003128
600000.0,1092.7029955007488
700000.0,823.7956686178901
800000.0,1218.3554730293654
900000.0,1389.82196091312
1000000.0,1452.9542424787157
1100000.0,1468.8661287998348
1200000.0,1554.8806918504076
1300000.0,1395.0097874436365
1400000.0,1242.6166896296465
1500000.0,1375.1360603569283
1600000.0,1241.390996210689
1700000.0,1251.0292432429192
1800000.0,1257.522306963509
1900000.0,1357.2943665316948
2000000.0,1252.4348677972966
2100000.0,1045.4584274394506
2200000.0,1089.7747897891172
2300000.0,1090.0499789905684
2400000.0,1141.5229570442461
2500000.0,1185.7207141782983
2600000.0,1280.2500438832624
2700000.0,1279.5970424907946
2800000.0,1247.8308074915817
2900000.0,1306.9773146290454
3000000.0,1266.9366485063906
3100000.0,1194.993308969221
3200000.0,1359.6661697716777
3300000.0,1263.1327135504066
3400000.0,1259.9828375181846
3500000.0,1194.905333806374
3600000.0,1342.8821112327832
3700000.0,1221.614704480951
3800000.0,1328.8859800891291
3900000.0,1379.427064990822
4000000.0,1252.4832132356726
4100000.0,1305.6024661680997
4200000.0,1330.4893316241826
4300000.0,1307.05351774156
4400000.0,1311.5276819258008
4500000.0,1391.417222747192
4600000.0,1466.1354976841346
4700000.0,1461.7897987038618
4800000.0,1375.8379268372305
4900000.0,1307.1097963034858
5000000.0,1327.6358117199711
