objective_1,objective_2
9.928723845109104,-16.304630429470805
20.168982275210144,-19.73093551287833
38.55026402946858,-35.662759360855866
53.49836330157766,-46.54027439527602
0.7090910161234102,-0.23317102802736467
0.09312964224941078,-0.2169948276475532
0.3408833217421766,-0.23035901799140834
0.9929662421652498,-0.25235571854247735
0.2651600628176927,-0.22975175418529795
4.313391497095925,-2.7456027085993426
4.807384035594647,-3.537401618712647
69.99154576492442,-223.628548370832
