objective_1,objective_2,objective_3
16.111655010786524,-0.2820400564754103,-0.2820400564754103
14.380246140704708,1.695578157984541,-0.23225666622397417
7.488722412281795,-0.1306411721268049,-0.1306411721268049
10.92182386401375,-0.17437293079744054,-0.17437293079744054
10.876211245486472,-0.17437293079744054,4.934373695771812
