objective_1,objective_2,objective_3
14.480075693069153,10.553714336003393,6.502252702761748
13.76277066777256,12.07596511346171,7.017197123462184
