objective_1,objective_2
6.195048183152765,-6.312813324027069
3.9634848377941316,-5.478611606415945
4.268520726671955,-6.241813380418697
1.8675538680714494,-5.258889836090372
10.069320359210602,-16.049096983366812
8.024036359462576,-14.577904332653834
7.515647133684992,-13.017690298453966
14.435810873108398,-20.93825736651515
30.672675906435014,-47.86701730923758
