objective_1,objective_2
2.705315189697319,-3.750839392700617
3.5590941543369845,-3.7893413045171336
2.9924455325786976,-3.786943694905779
2.8295781778087727,-3.752475676983792
2.5942546807982994,-3.6878298824527804
3.671386552272037,-3.873428571917098
11.158755693804647,-156.64961066094295
25.059219193848516,-310.1265101864827
30.41462379764091,-319.12238833064396
33.66065836548447,-383.0315136210496
31.508923229007927,-356.9000223874899
