global_step,eval/single_objective_return
100000.0,172.89107363188418
200000.0,339.03594932767754
300000.0,266.1736436013605
400000.0,114.75029535432145
500000.0,151.19928086132188
600000.0,303.70358477346014
700000.0,260.3449079525783
800000.0,297.08887416804043
900000.0,189.3591929922676
1000000.0,157.8534808983741
1100000.0,396.700462922553
1200000.0,162.33654291750875
1300000.0,285.1610787282873
1400000.0,149.31487803718602
1500000.0,763.3326508759931
1600000.0,434.9039307290807
1700000.0,354.1543370606066
1800000.0,219.02930921197694
1900000.0,396.8124022974656
2000000.0,290.718500025106
2100000.0,429.973191331596
2200000.0,395.33478192403254
2300000.0,374.083212775825
2400000.0,325.74304686441457
2500000.0,430.63834630197596
2600000.0,439.2179855634327
2700000.0,450.5624785823307
2800000.0,246.8392597110722
2900000.0,209.76271901182446
3000000.0,269.26027668962115
3100000.0,163.55804390377645
3200000.0,227.6306272295501
3300000.0,443.3046074804235
3400000.0,71.9375523696841
3500000.0,249.7103702294673
3600000.0,576.1460296113189
3700000.0,239.2950227790225
3800000.0,173.19578382001396
3900000.0,369.28765912581514
4000000.0,185.8199380523779
4100000.0,397.0722806649749
4200000.0,318.032831846928
4300000.0,232.22625804073667
4400000.0,273.9925550923282
4500000.0,487.02416490608493
4600000.0,328.2283320801836
4700000.0,192.79161286747444
4800000.0,326.5702384440087
4900000.0,328.6592242103764
5000000.0,520.1495199199178
