global_step,eval/single_objective_return
100000.0,339.12533805429155
200000.0,261.00186831465766
300000.0,306.67220204295796
400000.0,316.2289324745884
500000.0,395.56152260295886
600000.0,286.16486023272716
700000.0,552.0951148788504
800000.0,499.30540329600507
900000.0,234.36616029250968
1000000.0,451.87099681261003
1100000.0,431.2462428150368
1200000.0,211.57461344720403
1300000.0,350.58977933551137
1400000.0,307.0189102528199
1500000.0,309.6984145345252
1600000.0,115.07542901024972
1700000.0,412.5486255069545
1800000.0,633.6411065152315
1900000.0,388.1453620632431
2000000.0,363.6431409739996
2100000.0,327.43687500238116
2200000.0,248.91234456330773
2300000.0,466.0514268443521
2400000.0,263.4263515682119
2500000.0,230.2806836924471
2600000.0,1172.5003481071526
2700000.0,397.1592784830102
2800000.0,341.74564970558
2900000.0,396.93691992577135
3000000.0,221.21362860579407
3100000.0,706.5157307537509
3200000.0,196.5204932844216
3300000.0,113.73418370977419
3400000.0,510.4035970071319
3500000.0,118.40592029440045
3600000.0,166.22617850426636
3700000.0,393.6093304937078
3800000.0,429.53145305973027
3900000.0,437.14471084802153
4000000.0,306.70713645001393
4100000.0,220.84893963592128
4200000.0,175.7867668564114
4300000.0,396.9424247843499
4400000.0,461.5692318274103
4500000.0,697.4554005384687
4600000.0,811.8626394491746
4700000.0,186.59724871129762
4800000.0,874.1654832634648
4900000.0,236.27262560689866
5000000.0,409.979099829852
