objective_1,objective_2,objective_3
57.97540640996765,66.88838877205144,40.08107232759412
98.92530052718031,11.176423366504165,55.990042115111486
80.1008571034299,39.681539371595186,48.63791513409036
76.02758895165475,74.92567335721883,39.67999047559053
79.84946224829956,71.13572223888121,32.73871207852361
99.13854350647739,65.71859157883276,46.30562942141438
93.05193084989509,23.830985803877358,53.71554106130397
102.8910257849235,18.796376603209318,48.22458012713359
98.25077719921113,9.675464302797009,57.20128693553736
