objective_1,objective_2
-683.4925203119215,-241.69054572070615
-909.2355255844762,-148.78423603741533
