objective_1,objective_2
-8.7987835616197,134.51448633260912
