objective_1,objective_2
-239.42366403476206,60.42180559571082
