objective_1,objective_2
-1208.6798131299154,-167.18896713756843
-1179.0211945139263,-192.61456549099478
