objective_1,objective_2,objective_3
19.02788583086084,9.369004202971542,13.132512270427258
