objective_1,objective_2,objective_3
16.603919613157828,8.697977549898441,-0.3112953679786503
8.495671369418595,-0.1306411721268049,-0.1306411721268049
18.217310542147718,4.743314318502357,-0.3833216343835846
10.322795188941944,-0.19464480181613739,-0.19464480181613739
