objective_1,objective_2
4.525644167265059,-59.48462310950297
3.882239740532101,-56.994492322182815
3.532009719818993,-30.47846707714009
3.3697873857182175,-22.190769009355154
2.6525092755395407,-17.126264805700078
2.904206766422103,-18.51717455463723
0.960189849566782,-15.441636643357928
1.549254393317636,-15.93287794807066
3.104782284115631,-21.03683941554735
