objective_1,objective_2
1.9482608981228464,-5.172187597796159
2.4119195390448187,-5.173524969194708
1.2216167964690954,-4.939451636088973
3.5676090109959007,-9.624376069772763
4.091485599986358,-44.55098958281039
4.98596212033329,-68.48405303761547
5.500105528085832,-77.42589480923054
5.637801866056191,-86.11171503480027
6.9460523070887135,-100.92643890997917
11.114522769313185,-103.58655756600041
18.05140371673219,-119.97240957509915
18.29908614668465,-123.936513374733
