objective_1,objective_2
1.585781969992495,-88.91186726340644
0.3270287578782664,-17.83129557005804
0.44437701076191505,-18.14140776914349
1.2566896887938448,-18.87776275702028
