objective_1,objective_2
2.8761582781963297,-5.224971526967698
0.9379523727907493,-4.830796051594987
3.027583442933352,-5.311459114471783
5.081225091374971,-9.684057785105534
5.323283680930105,-42.813677314689144
21.5623574124849,-82.47386941261324
23.396618705583435,-88.46828028935762
28.55975108337098,-88.59718365646904
30.037766071050523,-90.55586026853308
40.4588709263084,-100.79198123187463
