objective_1,objective_2
-0.21368635371153127,-17.55651428819333
-0.643470942007337,-17.160551701264637
0.5595158222506006,-18.261716505654913
0.8410227211434048,-29.29359920258612
