objective_1,objective_2
8.082403448557738,-403.758864116208
27.186394566156515,-414.30824942744255
21.335924307914844,-411.1146318018027
-12.622813655542606,-396.9201027665182
34.798123963944754,-428.74338729340633
-9.148760957398997,-403.5047640257159
12.784863230013977,-405.3574686921487
