objective_1,objective_2,objective_3,objective_4
-49.98370298991989,100.65490754071524,0.0,0.0
-36.237201786049695,38.77169013365494,0.0,0.0
