objective_1,objective_2,objective_3,objective_4
-36.60323412732293,-79.50809310667152,0.0,0.0
-46.12219674180955,30.385605644646404,-1.8776340903971387,-3.7649863172248565
-47.058664158564994,33.04769664689621,0.0,0.0
-51.51371174238033,80.29945398043942,0.0,0.0
