objective_1,objective_2,objective_3,objective_4
-47.058664158564994,39.76017583045767,0.0,0.0
-59.29664464014994,111.316623356098,-1.3448366359943704,-3.9541927647253186
-40.47319726783239,31.38901354563781,0.0,0.0
-38.878391807422695,9.679643448978513,0.0,0.0
-41.29496711338882,31.82916209575874,0.0,0.0
-50.998574624956525,44.29998004722478,0.0,0.0
-54.71566423907612,110.41573020646966,0.0,0.0
