objective_1,objective_2,objective_3,objective_4
-57.535474997692845,114.3184797886379,0.0,0.0
-42.559012338865465,89.58964099924407,-1.24711377214552,-3.0194569185043703
-41.712087993322044,73.47478829824234,-0.475340042005707,-1.3980658820076899
-49.483865960020694,49.0893581095585,0.0,0.0
-40.47319726783239,32.63045186048165,0.0,0.0
-36.972963764972654,-19.090081699992894,0.0,0.0
-53.6268225207185,62.67282614724054,0.0,0.0
-44.75232137638107,36.5132675581968,0.0,0.0
