global_step,eval/single_objective_return
50000.0,-26.76230010266334
100000.0,21.638181654371664
150000.0,40.626097397466694
200000.0,44.848189760925756
250000.0,56.932644591919505
300000.0,18.375167402796098
350000.0,113.55556152119061
400000.0,97.82539792528348
450000.0,60.73622436045427
500000.0,120.58924144968663
550000.0,123.02660189271369
600000.0,227.8387442029573
650000.0,145.8698363228571
700000.0,238.8477728183243
750000.0,136.90935618880775
800000.0,131.0123966718668
850000.0,229.9377094696751
900000.0,131.78920437541828
950000.0,52.83124363944207
1000000.0,163.84186636467354
1050000.0,231.08536762541735
1100000.0,163.7281737689851
1150000.0,189.13961422454304
1200000.0,214.53468878843267
1250000.0,203.31741705506101
1300000.0,201.73723717863862
1350000.0,176.56068833037088
1400000.0,135.82246084870707
1450000.0,192.3938483074753
1500000.0,170.8706237848851
1550000.0,249.06166570322142
1600000.0,242.34783210867653
1650000.0,85.01212849051004
1700000.0,182.90800870258985
1750000.0,165.26391369823145
1800000.0,179.49092989855112
1850000.0,163.17651720295822
1900000.0,151.93900146355276
1950000.0,204.87442780951224
2000000.0,186.90012334632712
2050000.0,249.5294442849991
2100000.0,193.4959730408725
2150000.0,251.5717251950427
2200000.0,205.15687358012124
2250000.0,197.45124874901654
2300000.0,190.99414047212844
2350000.0,153.9178167623083
2400000.0,259.2960731220377
2450000.0,136.1357156802272
2500000.0,139.54903282888512
2550000.0,194.66998895360985
2600000.0,133.95097237634175
2650000.0,120.76654052963393
2700000.0,179.6251853537188
2750000.0,182.5523069238863
2800000.0,139.76865883712952
2850000.0,201.31880563332953
2900000.0,253.70453582235132
2950000.0,198.94795767643723
3000000.0,224.6361961247319
