global_step,eval/single_objective_return
50000.0,-47.96335797781559
100000.0,-17.535256724930157
150000.0,17.97743675139525
200000.0,89.999686928656
250000.0,38.28040966803748
300000.0,83.29368871281035
350000.0,62.65178317376912
400000.0,79.28286083179482
450000.0,143.48353593685883
500000.0,163.49991021183322
550000.0,126.52625067269682
600000.0,148.73506328346994
650000.0,192.71637009993225
700000.0,199.99145447287216
750000.0,152.56635296155807
800000.0,229.4620491169133
850000.0,242.3401906187441
900000.0,198.18636345680682
950000.0,179.58131039865913
1000000.0,246.36713876374114
1050000.0,195.24135250979646
1100000.0,261.5567852127897
1150000.0,262.21130932573436
1200000.0,187.29788675824753
1250000.0,63.900238802749165
1300000.0,154.19228716968934
1350000.0,178.67957926857682
1400000.0,270.6752340773228
1450000.0,142.10942569437026
1500000.0,187.52896165902075
1550000.0,239.52986049318525
1600000.0,82.10565376663968
1650000.0,201.6044078762411
1700000.0,241.00304203431443
1750000.0,150.43487856557962
1800000.0,176.89231348629303
1850000.0,244.20712500895579
1900000.0,189.19179356280304
1950000.0,239.9446120439456
2000000.0,187.23451971325764
2050000.0,169.14258868460183
2100000.0,167.16127137223376
2150000.0,175.94927179545
2200000.0,191.70601249752082
2250000.0,132.25995145657893
2300000.0,243.0634631586744
2350000.0,130.91048992955172
2400000.0,179.7956068334573
2450000.0,168.58311610079863
2500000.0,170.94256238308077
2550000.0,238.2012882605762
2600000.0,181.70049842445226
2650000.0,132.64672671796671
2700000.0,156.83999593331728
2750000.0,196.2078256716723
2800000.0,194.27709747208903
2850000.0,185.85519792699193
2900000.0,197.36872374412064
2950000.0,164.99056644881162
3000000.0,248.93030054349592
