global_step,eval/single_objective_return
50000.0,-82.36458627816486
100000.0,-17.968727018247215
150000.0,-53.101283967570396
200000.0,-55.75737849813045
250000.0,-28.179020232358873
300000.0,-1.770242235610226
350000.0,-30.650500778772187
400000.0,-39.047194181377506
450000.0,-34.62722762498015
500000.0,4.137992291840237
550000.0,-47.536967570448915
600000.0,16.53511387441447
650000.0,28.888220338850306
700000.0,-7.661064289613941
750000.0,47.76508711662166
800000.0,9.420652318642073
850000.0,23.573038821165174
900000.0,21.79504639125944
950000.0,7.422672616083252
1000000.0,50.437277304158286
1050000.0,21.959219355903567
1100000.0,11.908682913266961
1150000.0,69.89673563808763
1200000.0,128.01779122459612
1250000.0,73.9230354509685
1300000.0,-28.158796310861465
1350000.0,144.1128654892452
1400000.0,25.722443683258348
1450000.0,73.80694280709204
1500000.0,128.59216655107912
1550000.0,45.30796679674082
1600000.0,50.1149254136514
1650000.0,32.46244041291125
1700000.0,-4.718872478762603
1750000.0,57.77743236400115
1800000.0,36.71600885485395
1850000.0,22.40400929364127
1900000.0,98.84073278931078
1950000.0,42.3650518578322
2000000.0,78.22929843713301
2050000.0,-4.010118990330821
2100000.0,87.76285449692446
2150000.0,34.12020941728086
2200000.0,92.31669587144705
2250000.0,31.150471569694098
2300000.0,7.257036286930008
2350000.0,85.60223027200702
2400000.0,-3.7929268829889224
2450000.0,112.92463514007936
2500000.0,96.50523005969998
2550000.0,12.336418787824119
2600000.0,48.619042261186905
2650000.0,95.29298805978826
2700000.0,9.360878059941811
2750000.0,13.295614590372486
2800000.0,-17.11991131567026
2850000.0,52.87512907225179
2900000.0,54.85670533439276
2950000.0,-11.573280300646445
3000000.0,95.73273830503123
