objective_1,objective_2
-25.20764594483381,-407.3909995238394
0.16262588438785813,-425.04477020129355
5.826813443543078,-452.82873498901944
3.0692489631095525,-431.4845894498537
-15.706822085422502,-421.23766398228554
44.050996259074076,-459.4774969702506
57.35343405339445,-537.3700155641855
64.95312193565329,-553.5945481445993
86.12425408937477,-557.1679371954658
97.12467820514127,-560.9442606158043
