objective_1,objective_2
1.2645375811203812,-15.565177002049293
0.13124140146343363,-15.38876593390456
0.33425254250540454,-15.49351625773761
0.5132167692032056,-15.496432491370474
1.566313939832296,-15.993489014908212
25.510916534232443,-108.56371623282762
133.30295943414578,-420.2561211467387
156.05155472328494,-424.6196736816355
