objective_1,objective_2
2.3999030362344396,-5.173035772036676
5.58465626638455,-5.871640597414347
4.257812588462276,-5.197451392615114
8.00658781914629,-7.86878646590714
8.621031381041174,-14.704748727660004
10.106678658240366,-17.57269337302934
14.781560521959799,-23.38513684808233
13.529353580473568,-21.668284889956084
11.077309278871155,-20.10220479427658
21.347467645389305,-30.74167189501483
26.953544024740598,-49.22349249309874
29.078704922125617,-56.39167429815026
