objective_1,objective_2
3.031975696404354,-14.351116966251368
2.7834074711127044,-11.714354911327376
3.2732310049126925,-18.289663630526576
1.8862707577536877,-11.646111523692525
2.9714498975711567,-12.798326328044066
3.4681625097943867,-37.2603624776424
8.519514086827309,-109.81990831012654
9.860102012919716,-258.68140565089317
13.274940992752459,-270.87177776417286
