global_step,eval/single_objective_return
100000.0,-2.863446195116392
200000.0,0.23134007791561795
300000.0,-2.0148900359354105
400000.0,-5.838569359430286
500000.0,-6.223927172972477
600000.0,-1.7992675871494204
700000.0,0.07028487915633294
800000.0,-2.3098205394826055
900000.0,-1.8204100576544788
1000000.0,-2.1557790869517794
1100000.0,-0.09280778304299231
1200000.0,-4.7919710678448135
1300000.0,-0.3248070148483262
1400000.0,-8.177493927942672
1500000.0,-508.3758138939222
1600000.0,-438.8757437212248
1700000.0,-501.72190774918306
1800000.0,-475.07661033195285
1900000.0,-503.15183389665526
2000000.0,-498.51635351259415
2100000.0,-464.5008858297958
2200000.0,-481.43782396289913
2300000.0,-541.8903264338101
2400000.0,-542.2146563913243
2500000.0,-500.16976333126456
2600000.0,-502.39804269036847
2700000.0,-500.9813449094211
2800000.0,-503.5138183391734
2900000.0,-333.3848804215774
3000000.0,-592.6670511708238
3100000.0,-492.4496728699322
3200000.0,-495.3975935984227
3300000.0,-492.40805392710365
3400000.0,-457.0690692982099
3500000.0,-508.89755286349003
3600000.0,-498.16613342342885
3700000.0,-407.2607601599973
3800000.0,-490.7201440010386
3900000.0,-397.1602538397993
4000000.0,-409.3371842011772
4100000.0,-475.55925428863395
4200000.0,-470.1339677190592
4300000.0,-434.67761702993397
4400000.0,-483.08875257069343
4500000.0,-447.38893182158904
4600000.0,-380.85382699250823
4700000.0,-407.7225076692909
4800000.0,-495.40891407260034
4900000.0,-485.47219117182345
5000000.0,-416.46752888320793
