global_step,eval/single_objective_return
50000,52.461287253486006
100000,28.119866673374332
150000,4.811157430923899
200000,-32.531064424671456
250000,-8.841526784467888
300000,150.95724754815808
350000,49.60217866385403
400000,18.296473370485714
450000,-8.362770408583188
500000,-16.356651001205833
550000,18.957057449564076
600000,-41.371306767357694
650000,-6.188691067501338
700000,-54.995074737475235
750000,21.639160992590448
800000,-40.79913417383554
850000,28.48848443631809
900000,12.83012837730169
950000,27.609692061348056
1000000,-22.773351896671045
1050000,28.17113038064292
1100000,9.894571097325212
1150000,5.493207375135584
1200000,16.864735793158687
1250000,-7.950605940596219
1300000,61.00490208609543
1350000,-45.520204617893725
1400000,117.8625967497631
1450000,-13.530882210291026
1500000,207.01694993408665
1550000,-4.148515261684264
1600000,14.711738838295886
1650000,22.181565126292398
1700000,70.61988634571345
1750000,9.423563886439453
1800000,17.696733835763382
1850000,-30.657426130155386
1900000,24.409093092015027
1950000,126.92277090322654
2000000,1.7172906751300872
2050000,11.079354532461068
2100000,27.73662257802802
2150000,-5.012763041630748
2200000,39.78471356182601
2250000,33.428678658033505
2300000,241.3872177790703
2350000,-11.204686356152266
2400000,1.9793015840784705
2450000,23.57429556838666
2500000,-11.272256546889324
2550000,159.6497567769322
2600000,30.82015909527206
2650000,17.46208532837467
2700000,215.2863977574517
2750000,3.719022339444109
2800000,21.88366528088119
2850000,35.67846021121571
2900000,-26.29243265774484
2950000,-6.050338409703656
3000000,24.069266462471518
