objective_1,objective_2
9.457049569701368,-218.87041644643674
14.74587240510024,-223.66716352949976
9.106608671022666,-215.72458667391612
1.8805620528966493,-213.35578196829428
3.5103819108539716,-214.53630168648334
14.832478860856975,-226.11148468771302
5.559939483296921,-215.71526206667218
10.996533892042653,-221.52968275087983
