objective_1,objective_2
225.34440319064072,-374.35249619743996
265.8012094179952,-430.6123313321925
137.95116703945686,-371.60827477878485
83.2538116048475,-357.1696950759838
23.77140618573278,-349.7583416474404
58.374932824238954,-352.0083911353846
234.23678267826446,-385.6348087018459
5.468262043409481,-347.27953198277464
129.60536729747164,-370.02112396457136
335.33814523407295,-465.4928292813757
245.81356038748328,-395.4079751604355
279.31714024282434,-446.25096169182007
