objective_1,objective_2
1.3923149487393611,-224.79028242043563
-7.596102787451206,-207.39472323800413
-2.3381535852257995,-211.55996267165568
-5.565361357586369,-209.21952928438523
-2.089960837565944,-217.22864311203043
-10.68314015623918,-206.50670952261444
