objective_1,objective_2
212.3600935969301,64.78635284996082
217.08528548167882,62.180715872095675
212.75237082429135,63.305369607493326
218.02523134313165,56.3374100914947
210.35900678225323,65.80879755774528
213.87121939961088,63.076852406896656
217.49640722121785,59.31968230572537
