objective_1,objective_2
226.05439198131398,70.64408308124057
237.28074723417743,57.46592313285023
233.7213342358593,65.6555585542076
228.87476073876505,69.32345615829169
229.73572214973942,67.3717221353852
230.13995638279138,66.39620210519783
238.00010078793395,51.28850654618943
