objective_1,objective_2
20.17253901948358,-427.6782268170583
26.13137865535873,-435.3575011832545
18.749471812395605,-426.91462298816305
48.818353870081275,-460.1351516089254
32.39891242391426,-450.3703244513408
9.715259556527911,-414.72002688800586
58.61384885994222,-485.65858629968113
71.5309622305563,-513.0079401099141
41.92315578882251,-452.8092590794798
