objective_1,objective_2
-0.6036220848133953,-11.347916466218322
0.3533883014144852,-12.397535982667808
0.46564447011342125,-13.200246030309696
-0.5476152139857481,-12.245854104785673
63.6470005382997,-391.1766745863151
44.838126489674266,-363.1195223156601
51.81294379195451,-379.65490071163293
49.748886962147864,-377.733234862446
77.89553655517105,-412.9081576397586
127.20564348945463,-474.67681962493043
53.927626821035346,-389.94642341544153
100.30302270329966,-439.815453778271
