objective_1,objective_2,objective_3
12.227913861229544,2.8724709390898027,1.6502727180679868
17.464932965759264,5.302807785461654,1.2445664138770507
