objective_1,objective_2,objective_3
18.533373077927987,2.553249434986333,3.5177027750591066
20.37773581538867,8.736423940154625,3.2993475713158156
16.092861701338332,3.5831162114980564,4.132105772692473
