objective_1,objective_2,objective_3
16.135412829296442,8.798727734149129,12.971963942449602
