objective_1,objective_2,objective_3
13.116783598163103,1.6483998480214035,3.186113256186802
13.843142284889206,1.6007764761335974,5.554081341143878
