objective_1,objective_2,objective_3
10.210360131156271,-0.42548257344395,28.28323596265503
8.355185921325724,-0.4119647444347035,52.58722410044649
13.558385141192023,1.539557540021946,27.321144586138907
