objective_1,objective_2,objective_3
14.855612582354135,4.170447884881816,1.5585385059320922
