objective_1,objective_2,objective_3
17.323425150046756,1.75397729009825,20.899815978117527
18.367785238994248,-0.31581580438027546,2.38193947377073
18.045015411997145,0.5103528271496061,3.1271243602737773
18.49668367073346,0.3827544480950383,2.2993310520834984
18.104808594030576,0.1600267621519945,10.761068964963632
17.76786362590999,1.3004944067336581,17.446736758713246
18.26636511810951,-0.3203362407819006,6.332436362106928
18.237843021033395,-0.31581580438027546,7.364525628978399
