objective_1,objective_2,objective_3
16.37665560272785,0.5543713454432639,7.763512932845375
18.103534024642315,0.7370712069792231,-0.3833216343835846
8.657987258866347,-0.3248566771835257,10.719493334517187
16.797061312330815,4.6483670677059346,-0.4814978360537345
18.580845151961306,-0.3933529398660648,-0.3933529398660648
17.33263619852645,1.5376389276831712,1.5178762523104068
15.986219547126936,6.184439850354805,3.9555744887197886
20.8340146472882,4.088787959452053,-0.4287969268701473
