objective_1,objective_2,objective_3
20.369010794264305,5.945070449801067,-0.4577868097368925
17.401123904903663,2.925122306063899,12.866012571236597
18.106580219327636,0.7613352968143893,8.286970557694175
19.58723056041716,11.509709416198772,5.207247667653936
