objective_1,objective_2,objective_3
12.478273978137482,3.6899480810206904,-0.2662721622020834
12.048090013919742,7.3580074841916705,29.11385636233961
