objective_1,objective_2,objective_3
15.987580221683295,-0.5202450843163214,5.292718486814925
13.58314366731856,8.446244138122891,-0.35001795225952065
14.537940082118324,-0.37094327060478777,14.405064775090745
15.039463766591728,-0.5051604735138681,7.455827018917291
14.765894082331032,3.7286490962149776,8.917895752893417
