objective_1,objective_2,objective_3
16.480961950456177,8.372723802564277,1.3229070060690609
11.7880091098626,8.308914834365156,4.815635033327605
