objective_1,objective_2
161.5420443506673,132.83980616474005
