objective_1,objective_2,objective_3
10.517727614819261,0.19701336073328699,3.0069490461863086
11.706487117420277,-0.47744652590972403,17.99062621240038
10.390981903842569,1.667693439288607,-0.5403381361946135
12.594964616365237,-0.5130814737167205,6.520731359807113
10.756306828149583,-0.3727733584226163,3.114225003962773
