objective_1,objective_2,objective_3
4.4451625356617575,-0.4119647444347035,6.756206946873776
11.068241057182668,1.144814141829089,-0.3248566771835257
2.30993901192624,-0.15305633445573485,-0.15305633445573485
10.386771504975746,-0.19464480181613739,-0.19464480181613739
7.603220908858142,-0.33775334730097945,4.282505527529952
