objective_1,objective_2,objective_3
10.740141611534279,-0.19464480181613739,-0.19464480181613739
13.086041910629291,-0.2662721622020834,-0.2662721622020834
7.563418902013827,-0.15305633445573485,-0.15305633445573485
