objective_1,objective_2,objective_3
11.956247837692965,0.7584324975510446,1.3828405179820435
7.476528797548874,-0.451076149667528,16.864815522774304
9.962622066385507,1.0740065774559704,-0.33775334730097945
7.538470416420173,-0.4287969268701473,11.744194798213268
10.039941689058614,1.032075895930764,-0.33775334730097945
7.307455652441575,-0.29703516703721944,4.323223707793711
8.559407806558973,2.966275196903599,-0.3833216343835846
9.271867868126286,1.4135463850148986,-0.3833216343835846
