objective_1,objective_2,objective_3
10.344839773487195,6.113623472718609,3.61259318260985
