objective_1,objective_2
119.99498283001657,193.41641014201133
