objective_1,objective_2
222.50350323070074,219.54176010588512
