objective_1,objective_2
91.33092644777163,-303.3670912278126
-451.96964565280496,50.46917127386642
