objective_1,objective_2
-8.519096029838689,194.48809909696232
