objective_1,objective_2
-10.270084025696857,156.35374226244176
