objective_1,objective_2
-78.81094019962532,-433.71237854709295
-92.20908538493596,-373.05536458822775
-296.82289563469385,-260.7876307035144
-564.1646298097214,-61.04871639869492
