objective_1,objective_2
-51.9587677343053,179.997841413419
