objective_1,objective_2
114.35360126250487,54.27912226975473
116.08771607501089,50.700595833573715
103.94318467860106,63.19721616559018
119.93142435420854,44.82305780710295
100.59301996070118,66.50147419703012
105.57999562964537,58.275453550500224
107.81046171946153,56.807998400709046
117.23321782960272,46.46908552775517
