objective_1,objective_2
138.3902543868918,71.28647597766181
122.11772071819014,72.80717975677557
133.73231936840813,72.54831294894849
