objective_1,objective_2
135.29537431059538,58.88202084032952
125.230134566121,60.742766030178835
114.8970819925834,70.07252893760325
125.32258779074043,60.630550359768804
