objective_1,objective_2
0.7152371232664456,-0.25081975966571013
0.8048262667877089,-0.2516504338466081
1.1214024485468777,-0.2523712417163215
-0.8062941593966546,-0.001216106353216605
-0.10629608162890929,-0.001351200720208139
