objective_1,objective_2
242.1366844177246,225.50174689292908
258.86651611328125,215.72368335723877
270.69044494628906,192.12224054336548
