objective_1,objective_2,objective_3
138.40101655371728,59.2555497846826,5.956552623464577
114.81395440382485,26.4843009229738,8.067416414726019
123.4945918120493,33.323914299860526,7.351756089521388
138.35691254631558,45.59425944662602,6.0516875107428785
129.9688522818436,24.14368367147547,6.503461548599219
143.16454517369317,82.93701631553017,4.862523186768914
128.3381649727468,12.954614086857328,6.63248885344359
108.93581664941496,45.18378678620322,6.283744688633311
116.2615330319201,83.91297727858758,-0.193788140682393
