objective_1,objective_2,objective_3
78.7580446325941,45.851382698333445,25.59785048660016
80.80114758393835,32.70311382993153,26.23046405963495
81.39021217117376,32.97919298546507,20.860881695052388
78.03442184250967,60.3155244573638,7.474247925964559
65.94859276241868,39.663989436827215,32.786851695777806
78.08194424507985,34.29311018000957,37.6374992405984
77.82221290889125,37.15044595661272,36.26318794514108
70.32069458927548,46.97498729134591,32.134411281693204
