global_step,eval/single_objective_return
100000.0,1129.6188148170356
200000.0,1058.764051648304
300000.0,1460.6382093339157
400000.0,1682.4282865494142
500000.0,2235.555923596776
600000.0,2307.6256786927206
700000.0,2195.7449831597096
800000.0,1995.3736441165636
900000.0,1192.4386001480943
1000000.0,1504.0159259717975
1100000.0,1660.2383164574135
1200000.0,1470.1718736719467
1300000.0,1350.9793819637387
1400000.0,1249.013189453136
1500000.0,1332.7208287233316
1600000.0,1342.1553101808054
1700000.0,1382.419911623524
1800000.0,1640.1880970446628
1900000.0,1958.0681981572297
2000000.0,1630.3832013328079
2100000.0,1696.8456414110758
2200000.0,1587.758664826316
2300000.0,1536.184012644423
2400000.0,1591.2152920895508
2500000.0,1580.7303242636124
2600000.0,1585.8667936943305
2700000.0,1622.7904566772886
2800000.0,1493.3252851891382
2900000.0,1709.1367519696857
3000000.0,1461.9470935994636
