objective_1,objective_2
141.28629738594472,120.65462033417556
