objective_1,objective_2
74.47747691029768,47.87940274453145
