objective_1,objective_2
201.6884541896487,0.4776920443339847
