objective_1,objective_2
-405.7125492780718,-258.0596828430373
-28.99375682171842,-336.67512761146634
0.0,-433.71237854709295
