global_step,eval/single_objective_return
100000.0,994.9856270176859
200000.0,1105.1748304524515
300000.0,1388.589709965041
400000.0,1490.977389448601
500000.0,1256.0153318075252
600000.0,1025.6918651067506
700000.0,1167.6844602072047
800000.0,1178.7943049555138
900000.0,1404.6315241333846
1000000.0,925.367911922718
1100000.0,937.4147615189814
1200000.0,1329.4621576180962
1300000.0,1530.9140145743622
1400000.0,1196.8439030688576
1500000.0,1294.7461863293322
1600000.0,884.6877617538406
1700000.0,1386.576147818916
1800000.0,1330.9001065525938
1900000.0,972.4463043035743
2000000.0,1246.9516523210955
2100000.0,1166.9183647679388
2200000.0,1148.8844341255365
2300000.0,1249.654386523654
2400000.0,1184.8458079276588
2500000.0,1104.1022018705396
2600000.0,1051.8107649382875
2700000.0,1395.9349409878957
2800000.0,1408.9807475719256
2900000.0,1580.0147698622873
3000000.0,1190.8158269884536
