objective_1,objective_2
132.66619916078324,33.38863942936903
118.92195759159256,35.447288951743936
164.41632424991835,33.11782656506663
121.47947583768493,33.75327520532915
