objective_1,objective_2
211.04246880304996,85.85315032125298
219.74837975326943,75.48097495728165
223.8963979989487,62.37136194189324
217.23080803756866,78.61865708319478
212.86467340273515,81.73491021513479
220.84693847494418,75.33355498967005
215.8433865565127,79.09167488120073
218.97116252943889,76.19126403020277
221.07171328026595,69.10009018061965
221.76481343169795,68.91727066766772
223.72048207087917,67.9329251150182
