global_step,eval/single_objective_return
50000,12.418138629615285
100000,47.186860429515406
150000,62.18483010270771
200000,-25.046688353081223
250000,34.362399707359884
300000,19.035145876914925
350000,-4.7744857930581475
400000,37.69089007134505
450000,12.216845976436446
500000,25.823427477862708
550000,-20.00145302015615
600000,26.26798229581719
650000,-7.8814582420689305
700000,-7.6967954146125095
750000,-7.480576621911979
800000,-23.905026794361476
850000,-6.344990639787909
900000,30.079160724683618
950000,1.0383812581780916
1000000,-6.152938466808379
1050000,-33.712675117982386
1100000,-22.277065155697656
1150000,-9.666764010121284
1200000,3.7509966731825415
1250000,-10.557666373133301
1300000,22.533191169343468
1350000,236.4592333259142
1400000,3.4244109262983873
1450000,235.25110477968568
1500000,12.601570613702535
1550000,36.23793827198452
1600000,3.163283036778836
1650000,39.995624036548804
1700000,35.970752040555396
1750000,-17.453415447380294
1800000,194.41828022956773
1850000,4.543294923188753
1900000,226.2500709135269
1950000,4.280112374793376
2000000,247.8566187548833
2050000,-1.1296864364696262
2100000,19.90670752600286
2150000,-8.989664881309821
2200000,-19.694116243439467
2250000,15.474719389109296
2300000,1.1685083998832937
2350000,11.216258235444727
2400000,26.007758948465792
2450000,20.451241233229325
2500000,15.229864098937028
2550000,-33.00790704576855
2600000,0.19993190860874677
2650000,59.07551188706651
2700000,205.13085309973565
2750000,-8.54332829965243
2800000,1.5221176015295725
2850000,-20.55331695312023
2900000,-15.275090908572679
2950000,107.63045014986788
3000000,37.99667780305484
