global_step,eval/single_objective_return
200000.0,1297.8504048164796
400000.0,1307.3608048000692
600000.0,1085.9550318286792
800000.0,1416.4707758842824
1000000.0,1305.1080953613123
1200000.0,1408.560401919572
1400000.0,1572.4448622581194
1600000.0,1551.0195041648565
1800000.0,1554.0651977746902
2000000.0,1411.7294836102308
2200000.0,1306.4126776539558
2400000.0,1272.832544767212
2600000.0,1080.6877753872268
2800000.0,1000.674302206384
3000000.0,1168.5316326613797
