global_step,eval/single_objective_return
100000.0,-565.2566464447063
200000.0,-545.5645617243379
300000.0,-559.0429004249202
400000.0,-542.9993011165895
500000.0,-566.5004916197324
600000.0,-558.0776441875935
700000.0,192.5043742166967
800000.0,194.07291692969793
900000.0,140.59307988682366
1000000.0,155.4161525561969
1100000.0,156.84011219611347
1200000.0,180.3859024597747
1300000.0,138.0046804204373
1400000.0,510.70434778674417
1500000.0,516.6584960603107
1600000.0,497.6882509237824
1700000.0,494.8472831844403
1800000.0,493.0152001871347
1900000.0,504.1366599047772
2000000.0,499.23837517222563
2100000.0,495.45628780303434
2200000.0,497.1683065517885
2300000.0,495.570869732189
2400000.0,503.07961033930553
2500000.0,332.69564901625563
2600000.0,347.11634131465865
2700000.0,672.5473757659067
2800000.0,685.1869186797443
2900000.0,677.3131251266364
3000000.0,681.8560228147278
3100000.0,677.2412580533926
3200000.0,685.6457814580037
3300000.0,676.6467505528979
3400000.0,674.66642852922
3500000.0,678.2352166016793
3600000.0,678.7520068532283
3700000.0,685.2938823518074
3800000.0,676.5651309578011
3900000.0,670.2566633865399
4000000.0,686.2842527010935
4100000.0,676.7618270454252
4200000.0,679.455745653337
4300000.0,673.4273192510739
4400000.0,677.2450899868348
4500000.0,677.1129900946427
4600000.0,680.5862692993645
4700000.0,682.9440422630769
4800000.0,676.1867032002505
4900000.0,676.7226324978601
5000000.0,683.5098408404422
