global_step,eval/single_objective_return
50000.0,-149.3840435407488
100000.0,12.920724617485448
150000.0,32.769563395960745
200000.0,-8.500264007335687
250000.0,-29.857428333717717
300000.0,-20.810783882099933
350000.0,-3.944283601992106
400000.0,59.61971679917622
450000.0,-41.94797446896847
500000.0,45.43818023342755
550000.0,13.661633979204646
600000.0,7.3674445057253335
650000.0,-3.237048864189444
700000.0,29.474327932503535
750000.0,139.4385125144078
800000.0,124.78397165249598
850000.0,125.6891010740266
900000.0,18.417819428436747
950000.0,133.74530791940384
1000000.0,126.91082243803903
1050000.0,144.18731575684063
1100000.0,52.73463336331023
1150000.0,112.1936865794981
1200000.0,67.59560392352924
1250000.0,40.32050000679506
1300000.0,226.96527189650237
1350000.0,226.29603253010504
1400000.0,210.0741975167594
1450000.0,113.26447129051544
1500000.0,65.76571038848881
1550000.0,74.4541678121342
1600000.0,186.68207752875182
1650000.0,200.60312325315476
1700000.0,144.99201213327655
1750000.0,173.23205251187605
1800000.0,54.92611603721498
1850000.0,92.7269898873781
1900000.0,138.845098890701
1950000.0,20.881998089192848
2000000.0,81.15999245997268
2050000.0,27.06009652703534
2100000.0,56.52049581747438
2150000.0,106.05184501614413
2200000.0,215.56508618268253
2250000.0,122.00649379695646
2300000.0,180.614034312533
2350000.0,63.02631651228976
2400000.0,24.17314810604031
2450000.0,196.14509348105372
2500000.0,114.14961104546224
2550000.0,100.42433931134946
2600000.0,48.89672580877455
2650000.0,123.31397044520432
2700000.0,129.13583048211453
2750000.0,47.77405884649694
2800000.0,161.64574044802438
2850000.0,91.91518547082173
2900000.0,126.56883155590121
2950000.0,107.19666382971863
3000000.0,110.64590423388589
