global_step,eval/single_objective_return
50000.0,-145.5068531124233
100000.0,36.958742958723406
150000.0,62.77070069102026
200000.0,15.395842621335897
250000.0,-0.8857364028225249
300000.0,57.25182476370454
350000.0,-18.251979947119384
400000.0,-1.7996678030769773
450000.0,-21.231443753026504
500000.0,-22.977821293247562
550000.0,43.12679707508149
600000.0,46.10305372109089
650000.0,51.55981980859947
700000.0,-1.3730764678715872
750000.0,-19.380778329859236
800000.0,6.864213183157153
850000.0,-19.518149016220896
900000.0,11.74606848206685
950000.0,257.1556523299972
1000000.0,92.13072945777583
1050000.0,182.4601381131247
1100000.0,37.64000098679561
1150000.0,199.41245305597886
1200000.0,130.84251027355944
1250000.0,125.5597179090129
1300000.0,139.77348691642678
1350000.0,158.11250936428038
1400000.0,158.26456683297647
1450000.0,244.62515264532422
1500000.0,136.90879231090875
1550000.0,122.74217567451919
1600000.0,245.28662124290636
1650000.0,214.91032923221178
1700000.0,132.79386868630428
1750000.0,221.32254357579126
1800000.0,193.66485807043628
1850000.0,218.40207332935975
1900000.0,238.27455013418495
1950000.0,259.4227993327092
2000000.0,229.92758883136716
2050000.0,204.05012712328067
2100000.0,155.56464893645042
2150000.0,250.02867773778
2200000.0,231.71901821566797
2250000.0,190.63193969882863
2300000.0,202.30085750782507
2350000.0,177.9138225390572
2400000.0,227.89521882756767
2450000.0,126.13125583636153
2500000.0,179.96019659083962
2550000.0,221.68457285673767
2600000.0,172.11214943743056
2650000.0,173.8802634722625
2700000.0,188.62121524406206
2750000.0,238.69497997194685
2800000.0,228.3231542885605
2850000.0,207.6391822191271
2900000.0,223.12562879930528
2950000.0,210.38756186491668
3000000.0,172.16277383562922
