objective_1,objective_2
125.70190920192712,45.48217038674268
147.55443980585866,45.03195814393251
174.78596146091442,37.82641995145717
164.46577565884343,44.24714957241435
166.4646397535525,39.39802273223838
