global_step,eval/single_objective_return
50000,27.701692633810623
100000,0.1614434968507794
150000,-72.94326789218044
200000,139.4035647131047
250000,14.507044225143886
300000,176.13926965851635
350000,213.31317467766772
400000,18.308751723694144
450000,28.02886567636932
500000,147.0334764515601
550000,164.21237988681963
600000,23.960250049843566
650000,42.210858077451604
700000,23.523133178947518
750000,149.21700811202936
800000,74.25108003716852
850000,111.7269136903298
900000,181.26867949827772
950000,31.986902113336185
1000000,104.04660052959366
1050000,247.99673114918474
1100000,214.28325917916015
1150000,130.9140040451696
1200000,21.75396593421658
1250000,-0.30535235229056923
1300000,278.8910760583536
1350000,113.4979941969168
1400000,-4.653429218106311
1450000,119.54746394949674
1500000,68.31878613073428
1550000,212.46221249448547
1600000,4.088965443483971
1650000,58.039399371882325
1700000,41.07142494926677
1750000,51.5057899975871
1800000,212.23571211466015
1850000,43.5426314784433
1900000,122.09151238173277
1950000,25.18062667811091
2000000,-6.648351368468681
2050000,2.3509711661597663
2100000,14.132615186967826
2150000,23.27954293530236
2200000,-1.9376662441361532
2250000,257.8112261948719
2300000,147.41851486336444
2350000,-14.709572809278242
2400000,-27.02627858282959
2450000,65.93356915059928
2500000,137.2616919494412
2550000,125.76516063039016
2600000,144.8190018616626
2650000,9.769723392281719
2700000,5.580715869974426
2750000,-0.3812150889370116
2800000,-14.199735586292007
2850000,14.861066256808499
2900000,298.55004305125163
2950000,149.54804908885296
3000000,195.43184070767015
