"objective_1","objective_2","objective_3"
"17.482507158536464","0.40304720075801015","93.26828876929358"
"20.113987841643393","0.5844662953168154","9.587779282592237"
"17.12610218441114","0.37096820771694183","158.1678514489904"
"17.150421463884413","0.36268063448369503","158.14513651421294"