objective_1,objective_2
102.76910463968913,82.1136436065038
