global_step,eval/single_objective_return
100000.0,115.36781254222817
200000.0,133.46557273885836
300000.0,131.31252142179235
400000.0,128.3148043475448
500000.0,176.5522411705909
600000.0,89.31985892614233
700000.0,183.63838622299588
800000.0,103.1465424193233
900000.0,89.4359710164472
1000000.0,140.23768428493898
1100000.0,1001.6370120118838
1200000.0,1001.703350068447
1300000.0,1001.4176404046494
1400000.0,1001.4625723431853
1500000.0,1001.5357517759413
1600000.0,1001.3858645180894
1700000.0,1001.3753635591275
1800000.0,1001.4540332941045
1900000.0,1001.9029078308555
2000000.0,1001.6834730505997
2100000.0,1001.4083796228657
2200000.0,1001.0576040170432
2300000.0,1001.4119284763749
2400000.0,1001.9724140260507
2500000.0,1001.9267446127004
2600000.0,1001.6645489647882
2700000.0,1001.3360848411771
2800000.0,1002.016728767897
2900000.0,1001.8185667789335
3000000.0,1001.6767999847975
