global_step,eval/single_objective_return
50000,25.00079264841638
100000,224.0588231188636
150000,299.4630940155079
200000,261.14369703667137
250000,197.82236008196924
300000,239.10407019902726
350000,5.020551589667434
400000,-10.72875547892894
450000,44.20742583920881
500000,-87.0718949127132
550000,-1.3771062506898062
600000,-115.61517056168925
650000,136.62943775333846
700000,223.7445905222766
750000,-44.09696591098766
800000,153.6326364726905
850000,-42.75932563554101
900000,-23.45564645319952
950000,-122.34206932801928
1000000,-68.83235595303687
1050000,-54.53052193961973
1100000,-87.89114638977168
1150000,-90.59811774876557
1200000,-99.9602382079595
1250000,-68.38566446727022
1300000,-42.347407380336335
1350000,-78.98795276689516
1400000,-127.2749126858391
1450000,-66.6290251818818
1500000,-22.39109933418463
1550000,-40.829403183285635
1600000,-89.88642034209491
1650000,-109.99920605235012
1700000,-82.38171369939572
1750000,-60.726101158063784
1800000,-101.05333076111069
1850000,-85.24505465412766
1900000,-96.89507652609527
1950000,-159.29244154419197
2000000,-177.91658985780685
2050000,-152.76501614107457
2100000,-116.80606069373569
2150000,-87.73895691243504
2200000,-82.49213750947533
2250000,-76.76332764356283
2300000,-93.29335590797992
2350000,-99.0021666668945
2400000,-109.32775289186839
2450000,-112.30613382088735
2500000,-110.12478735620074
2550000,-88.30573414676006
2600000,-178.51977482441487
2650000,-99.86042933303892
2700000,-101.23249710795588
2750000,-107.6013021434894
2800000,-194.0389098238852
2850000,-145.4091447544306
2900000,-148.24584976875911
2950000,-128.57710645270842
3000000,-126.8772171135267
