objective_1,objective_2
217.50232544363652,57.21950921273556
