objective_1,objective_2
281.6926760249203,75.60064579872926
286.26910260292567,75.32269286152643
281.132419826795,77.373063819015
