objective_1,objective_2
131.47185362169998,34.69978876167386
129.2505644020909,35.80193953915601
122.82716332181512,36.20305967994268
143.49481263020328,34.1375049668837
