objective_1,objective_2
261.3002649830282,57.9318315605482
260.5816481842163,57.98673352214553
259.61804546659783,58.20597999595336
263.0108938269679,57.35961512382014
259.2437000008653,59.42841052752402
255.1520885178802,60.090679577987444
