objective_1,objective_2
-72.38222005671058,53.231207165260656
-19.21386087150874,-433.71237854709295
