objective_1,objective_2
-641.8434857238202,-45.60408169362934
-78.81094019962532,-433.71237854709295
