objective_1,objective_2
-277.1946995605102,-55.16129720704212
-367.97043219662265,-9.891950054419155
-19.6029900125,-433.71237854709295
