objective_1,objective_2
-193.68138312627462,138.54433820676826
-78.81094019962532,-433.71237854709295
