objective_1,objective_2
82.42098222689475,194.73050212360792
91.33092644777163,-303.3670912278126
