objective_1,objective_2
75.82520416823274,179.77695643829617
