objective_1,objective_2
-222.49794350393705,55.19846754887066
-157.13127363357154,-433.71237854709295
