objective_1,objective_2
-162.19822198750452,94.60640593998941
28.955536896960016,-345.93999076612414
