objective_1,objective_2
-1526.3784222067,-200.98820900233824
-1087.6296590885647,-215.06534674168932
-44.334041181866475,-419.22956884495073
