objective_1,objective_2
-232.0000099023411,122.34009006500963
-1.181597448382174,-336.67512761146634
