global_step,eval/single_objective_return
50000,249.49702554819598
100000,182.34331931852188
150000,157.12604962942612
200000,205.8582687922667
250000,191.04713731280208
300000,241.9397509088722
350000,220.12132821035325
400000,135.9902082279877
450000,200.20287043192224
500000,243.36808138991591
550000,203.37778425438492
600000,246.3539599744675
650000,163.64316612418892
700000,221.6802168889146
750000,259.3671676677602
800000,238.4262472022721
850000,202.3989679574841
900000,240.2290946168625
950000,264.7290627498466
1000000,281.59913559496397
1050000,293.9019503875549
1100000,261.14164981575414
1150000,229.3019090193009
1200000,203.4143273031759
1250000,230.6538432863031
1300000,201.93501773076486
1350000,246.91804447042168
1400000,174.95649397563304
1450000,194.04052918864232
1500000,208.96582392199713
1550000,44.47063644217292
1600000,235.9952072012954
1650000,221.01304601800643
1700000,93.98910230205324
1750000,155.75800785997262
1800000,211.8899848369024
1850000,243.82538738744785
1900000,244.4135170274533
1950000,236.76840593726976
2000000,290.90901658481476
2050000,239.25063664425352
2100000,47.16348847303138
2150000,189.0665594252664
2200000,141.87584869424995
2250000,244.1469135244057
2300000,139.55949692868617
2350000,138.27115857118102
2400000,37.91763892563989
2450000,146.9423472499935
2500000,205.15218101327753
2550000,146.09864364934865
2600000,146.22878215297243
2650000,36.77484009695999
2700000,178.49886099842053
2750000,21.876892087431145
2800000,28.97072659416986
2850000,147.8638246847028
2900000,2.834790050310943
2950000,42.2141241081718
3000000,9.155374282369038
