objective_1,objective_2
1.6606122851655059,-2.9714463149147616
-0.8490994408401116,-2.8489048762983042
0.5796165464419711,-2.8675277519564797
40.01505000710647,-137.40574452457895
36.72551033196253,-89.11576899846541
9.968949671039235,-36.17775421406885
44.4595938782211,-215.72994362183198
93.12160100993944,-279.1985217803543
67.92944273048111,-263.0429803992282
