eum/MOLavaGridCheckerBoard-v0,eum/MOLavaGridSmiley-v0,eum/MOLavaGridSnake-v0,eum/MOLavaGridIslands-v0,eum/MOLavaGridLabyrinth-v0,eum/MOLavaGridMaze-v0,eum/MOLavaGridCorridor-v0,eum/MOLavaGridRoom-v0,EUGR/MOLavaGridCheckerBoard-v0,EUGR/MOLavaGridSmiley-v0,EUGR/MOLavaGridSnake-v0,EUGR/MOLavaGridIslands-v0,EUGR/MOLavaGridLabyrinth-v0,EUGR/MOLavaGridMaze-v0,EUGR/MOLavaGridCorridor-v0,EUGR/MOLavaGridRoom-v0
109.62904416555232,225.3955726529024,221.584074431024,57.65214732038038,162.4141509652735,192.90549436636377,180.12881382640887,193.85965279985345,0.67412785991516,0.9340425323557165,0.9928896627695735,0.35462036409664166,0.7061669951526335,0.9373164385577475,0.7795146314746554,0.86628887636119
