eum/MOLavaGridCheckerBoard-v0,eum/MOLavaGridSmiley-v0,eum/MOLavaGridSnake-v0,eum/MOLavaGridIslands-v0,eum/MOLavaGridLabyrinth-v0,eum/MOLavaGridMaze-v0,eum/MOLavaGridCorridor-v0,eum/MOLavaGridRoom-v0
7.9768799080159765,196.7782714533766,132.33147008700172,-15.020993727076146,225.69545637110227,92.20929553707587,182.96139047671073,113.0957219845882
