eum/MOLavaGridCheckerBoard-v0,eum/MOLavaGridSmiley-v0,eum/MOLavaGridSnake-v0,eum/MOLavaGridIslands-v0,eum/MOLavaGridLabyrinth-v0,eum/MOLavaGridMaze-v0,eum/MOLavaGridCorridor-v0,eum/MOLavaGridRoom-v0
63.13378422264318,192.23011532902729,156.42532843951554,70.38854964015798,221.03394142028952,92.20929553707587,175.2778983424271,94.46264714742976
