objective_1,objective_2
221.42368294360267,86.06613026160568
217.32246809285016,89.6996874504868
223.28562397390866,85.58432753716544
220.30862705437735,89.20267342442149
239.33146914886743,72.29779454781361
233.21260344481058,74.97958968896229
261.92975952839913,62.62885730202523
