objective_1,objective_2
152.12500300010046,135.41547644138336
