objective_1,objective_2
157.17255818843842,138.3769147992134
