global_step,eval/single_objective_return
100000.0,1573.5726368993442
200000.0,991.1006276753218
300000.0,2231.2545350544906
400000.0,2095.839896957902
500000.0,1244.4400259290783
600000.0,2434.9816404244657
700000.0,2688.308580513456
800000.0,2273.824654056984
900000.0,2727.1454669318546
1000000.0,2198.9793686861913
1100000.0,1929.510490056935
1200000.0,2150.985418165633
1300000.0,2316.2862851275386
1400000.0,2657.1936462811364
1500000.0,2538.515947903276
1600000.0,3194.2587025628363
1700000.0,2888.206069962961
1800000.0,3296.499764159495
1900000.0,3350.2846916984286
2000000.0,3135.0950371210115
2100000.0,3044.9853850593513
2200000.0,3134.5994116212146
2300000.0,3240.6676148487627
2400000.0,3115.202562041254
2500000.0,2099.766279620026
2600000.0,3220.4820243971963
2700000.0,3283.3110522880297
2800000.0,3126.717813769098
2900000.0,3234.317056435255
3000000.0,3193.020885481904
