global_step,eval/single_objective_return
100000.0,1052.9399055066228
200000.0,1026.202353279127
300000.0,1050.0508831119819
400000.0,1480.4249799609358
500000.0,1528.2824647844773
600000.0,1574.0245297101753
700000.0,1594.8842265494238
800000.0,1460.9117785832448
900000.0,1563.0288929468436
1000000.0,1587.3690108999222
1100000.0,1404.5540968543241
1200000.0,1340.4303342366397
1300000.0,1507.2493778805328
1400000.0,1519.3670966937723
1500000.0,1774.7940329359972
1600000.0,1580.1823000651098
1700000.0,1029.3612976003255
1800000.0,1090.0383743076459
1900000.0,1020.2718567646483
2000000.0,2155.7862598789484
2100000.0,1417.9531907124733
2200000.0,1225.1194426262855
2300000.0,1311.2114225420123
2400000.0,1780.9899133503143
2500000.0,1785.587579842054
2600000.0,2009.3744700962293
2700000.0,2199.8269773365523
2800000.0,2139.0922974590067
2900000.0,2157.5162871678667
3000000.0,2047.7638032355455
