global_step,eval/single_objective_return
50000.0,-55.33972256575491
100000.0,-64.98487076175641
150000.0,-8.38704399990424
200000.0,125.92535666878912
250000.0,53.09618951025794
300000.0,45.6924877174005
350000.0,154.6819303809278
400000.0,53.93536852704851
450000.0,180.250513335589
500000.0,203.61144358044606
550000.0,124.3462608892111
600000.0,216.93238146393324
650000.0,159.6337275606076
700000.0,82.03832924693577
750000.0,71.91102255385366
800000.0,77.87205577823576
850000.0,231.42842213772997
900000.0,212.4444986426375
950000.0,176.65218468903555
1000000.0,199.54753849444523
1050000.0,79.19239632045408
1100000.0,235.75852399868373
1150000.0,229.89325163124767
1200000.0,178.8313017208201
1250000.0,234.957283560024
1300000.0,226.12381022291552
1350000.0,235.42949336636767
1400000.0,225.58355536345
1450000.0,239.41053699909662
1500000.0,227.57459585379274
1550000.0,212.7992068371553
1600000.0,227.15672804695296
1650000.0,211.418049200826
1700000.0,230.82380210753436
1750000.0,147.63224217014817
1800000.0,241.8646137907934
1850000.0,229.12749704044774
1900000.0,235.90920252708315
1950000.0,238.42054725006182
2000000.0,138.96972198406343
2050000.0,237.94296529994236
2100000.0,221.535282761194
2150000.0,183.54639144911988
2200000.0,205.05126175801402
2250000.0,225.20646559168
2300000.0,238.1764699001645
2350000.0,226.20430015208882
2400000.0,223.7446959434995
2450000.0,225.5621804549834
2500000.0,230.58896032652015
2550000.0,227.37671464339064
2600000.0,239.65618958603574
2650000.0,238.3711520205974
2700000.0,247.90788806050745
2750000.0,252.05849842692686
2800000.0,222.53287585406233
2850000.0,240.24033820388382
2900000.0,235.10145518410673
2950000.0,232.22206710573892
3000000.0,231.5574621586224
