global_step,eval/single_objective_return
50000.0,-19.811701387062225
100000.0,-111.17719299536213
150000.0,30.83601534291954
200000.0,-73.43858675118483
250000.0,37.46908126878482
300000.0,-6.748975161577161
350000.0,49.15591898529218
400000.0,128.22044116404751
450000.0,166.0737669817315
500000.0,16.04104576922497
550000.0,95.8651203411876
600000.0,-37.696486513564174
650000.0,137.48538458597278
700000.0,208.26748045569857
750000.0,159.20277832859398
800000.0,63.52136257367202
850000.0,196.01039553326208
900000.0,203.45087764608814
950000.0,133.32319119346283
1000000.0,185.80157003710536
1050000.0,215.84199002761335
1100000.0,196.79018973770167
1150000.0,220.55633861285432
1200000.0,197.6014165473793
1250000.0,185.84442768559703
1300000.0,50.807760353793896
1350000.0,207.15964060035725
1400000.0,189.70792686569058
1450000.0,131.25063291783323
1500000.0,152.2348285086267
1550000.0,116.72101550017719
1600000.0,211.0965621283843
1650000.0,201.11951636830995
1700000.0,199.67586234835392
1750000.0,190.15126579691452
1800000.0,223.78587597385473
1850000.0,200.24629459540128
1900000.0,196.57906798110685
1950000.0,163.8412215905077
2000000.0,188.78696404865167
2050000.0,226.46078764357344
2100000.0,152.22366105788484
2150000.0,232.9815928461638
2200000.0,99.50926976389732
2250000.0,109.44813403456644
2300000.0,203.2988908448816
2350000.0,208.30137321001433
2400000.0,172.62487833673356
2450000.0,202.54683392074514
2500000.0,49.42655862152493
2550000.0,161.57959546257717
2600000.0,198.40249769093367
2650000.0,202.58905670287967
2700000.0,194.21106590931163
2750000.0,194.44997749218734
2800000.0,201.9145651895695
2850000.0,196.54739399047315
2900000.0,221.21661912900854
2950000.0,209.19292674442676
3000000.0,235.11154495801242
