global_step,eval/single_objective_return
50000.0,-109.60772571421437
100000.0,-92.38501570718583
150000.0,-62.39153756747544
200000.0,-11.394549853205731
250000.0,59.993619080616725
300000.0,-32.96685529158397
350000.0,-12.35296690853273
400000.0,-40.01649402662474
450000.0,-13.512496874472703
500000.0,27.97000772343274
550000.0,-12.750928039155136
600000.0,-30.73116387615051
650000.0,3.7781371530283137
700000.0,5.893655319766404
750000.0,-22.50276418680086
800000.0,-8.193098857642394
850000.0,-17.713911197352502
900000.0,-6.266068204626083
950000.0,92.3341952939879
1000000.0,122.31708530453291
1050000.0,65.13079808454893
1100000.0,135.35933311402695
1150000.0,48.038724494638636
1200000.0,22.15332765529515
1250000.0,95.96521243350526
1300000.0,109.31362415939654
1350000.0,100.14097742344273
1400000.0,123.18109706497076
1450000.0,125.97553213450915
1500000.0,174.6137646304152
1550000.0,209.67496994851385
1600000.0,183.36770472034866
1650000.0,249.51331998438158
1700000.0,218.01468004626145
1750000.0,179.6827930958869
1800000.0,191.20038310318586
1850000.0,147.23391106307162
1900000.0,201.7281726120721
1950000.0,217.71953940677594
2000000.0,179.912415781149
2050000.0,252.52472236677346
2100000.0,216.54772673715934
2150000.0,151.29295543560676
2200000.0,170.43174845629022
2250000.0,207.78643774161483
2300000.0,197.90817066199529
2350000.0,198.3509710134845
2400000.0,254.8968828133075
2450000.0,261.8111705572257
2500000.0,262.46683565234673
2550000.0,231.2384134503822
2600000.0,262.790591813382
2650000.0,254.79958630748973
2700000.0,240.12818711003538
2750000.0,216.10256583957184
2800000.0,236.55735655908933
2850000.0,236.0650304926249
2900000.0,224.7559300110425
2950000.0,229.3561074948753
3000000.0,253.5959751321062
