objective_1,objective_2
2.3225896253022587,-5.342169756620637
1.228854476640884,-5.1741705014615516
24.033068482778386,-88.0908050984767
19.37508250414529,-86.44404541868614
30.355464625366757,-174.2226454791274
11.47671267952345,-21.268347322010733
6.9435190929700195,-18.126247829173945
10.70406916345681,-18.888226847979517
7.921034140365651,-18.41638101658979
9.438072176030337,-18.517179170372607
