global_step,eval/single_objective_return
100000.0,144.12183519060588
200000.0,80.98607476362221
300000.0,63.49509910524135
400000.0,129.19761154220248
500000.0,137.02642203005723
600000.0,117.98652779764328
700000.0,88.31958344286909
800000.0,116.11701059389301
900000.0,108.0285219238743
1000000.0,131.47084035618525
1100000.0,848.6345705179624
1200000.0,904.6091317050224
1300000.0,793.9767076835691
1400000.0,840.0695124602422
1500000.0,826.2835540826186
1600000.0,727.9254381813646
1700000.0,732.0382593736741
1800000.0,888.5949634184414
1900000.0,835.6452853760436
2000000.0,765.4838259762759
2100000.0,775.3205246457522
2200000.0,810.7168860635306
2300000.0,971.8314283622832
2400000.0,819.7194349817981
2500000.0,823.4617913296435
2600000.0,808.5794498155418
2700000.0,842.6400112439679
2800000.0,822.2888317613716
2900000.0,1000.2794162149133
3000000.0,804.7982793519018
