objective_1,objective_2
331.5596524490914,-375.9543867660203
344.6961636154418,-388.6260816181222
161.09721451658433,-347.4244773771441
361.1665926763798,-429.35218031399324
230.48066651583443,-365.62969533964576
