objective_1,objective_2
9.789534084314111,-329.5913764401584
27.05025408044061,-332.29631291669426
16.661420932817467,-332.1625687151595
