objective_1,objective_2,objective_3
133.27063909174962,159.1829644717984,49.05478191048171
128.1633806778373,172.2196291352972,44.71051142715298
137.7121735693334,166.99285173316895,47.89058647502215
138.97655098445776,166.79780200435226,44.92352505401459
90.7131741220846,117.9997420388066,62.18720857979076
122.00991159995674,148.4984024398933,58.322930791122715
