global_step,eval/single_objective_return
50000,-20.902889228838333
100000,28.883581317779374
150000,12.602369271760793
200000,58.50030906011715
250000,29.715105866132717
300000,13.934753469221988
350000,36.74975483146153
400000,38.86406798790313
450000,5.684620277385974
500000,22.715758330551964
550000,178.23269616751486
600000,156.85811956902847
650000,191.37822809220506
700000,32.74140941943338
750000,-20.03574191146693
800000,49.623513153669876
850000,11.103912865700437
900000,1.630357645043432
950000,7.499215523403393
1000000,-18.699684334095977
1050000,-10.1465111400356
1100000,228.2591606076921
1150000,288.09659467181007
1200000,10.757028392083768
1250000,184.8160935759502
1300000,-3.7123695458165855
1350000,45.77567640938645
1400000,26.020472397790016
1450000,23.143824531472617
1500000,159.8494275072566
1550000,179.67417536958112
1600000,37.10086963598704
1650000,32.74570826928846
1700000,249.75505875354818
1750000,175.97116297584967
1800000,51.03754585364737
1850000,-9.15673433857907
1900000,6.876982929335483
1950000,159.55561330378146
2000000,22.996109078763027
2050000,271.24635083868475
2100000,252.6334025813286
2150000,26.119598173159233
2200000,6.501717876715347
2250000,278.7541797897868
2300000,39.12325043493141
2350000,18.286607438844626
2400000,33.40215357666219
2450000,206.86555784578627
2500000,15.147922709932033
2550000,23.841153004376793
2600000,287.72615983906974
2650000,15.746721002314189
2700000,236.18678514316468
2750000,-13.91312464254682
2800000,193.97895131116547
2850000,23.233205448758
2900000,43.81189917353325
2950000,26.99870707870663
3000000,214.36068828739332
