global_step,eval/single_objective_return
50000,12.621008084205016
100000,-10.23307491824724
150000,0.669493868623988
200000,30.281177041775095
250000,20.55453796323684
300000,50.361256232843886
350000,123.72855310444072
400000,239.2453223131779
450000,147.68186048023344
500000,91.74384764116665
550000,206.424089971671
600000,112.10669246634998
650000,144.21405765271885
700000,8.741331998232809
750000,164.54726377051176
800000,29.068556266646482
850000,154.0260778082957
900000,93.15179321382219
950000,89.50312408545535
1000000,31.555136386987726
1050000,158.36973768727984
1100000,150.08559615747544
1150000,54.11409343573675
1200000,160.12297788497753
1250000,163.06081048653715
1300000,137.88640461107775
1350000,95.26911339047923
1400000,160.49957001761314
1450000,62.796690082308345
1500000,38.75009854537731
1550000,7.711069009334139
1600000,-15.91271745382491
1650000,23.73956589395401
1700000,5.744726253886796
1750000,71.671079849399
1800000,124.82310511723966
1850000,177.73103887748692
1900000,220.00360682217666
1950000,46.72407056687564
2000000,149.36704640172974
2050000,109.59216280641597
2100000,119.16393253278369
2150000,99.95645239796436
2200000,104.63881925769532
2250000,153.3777929902283
2300000,172.90499253506724
2350000,156.28347369412
2400000,151.46436924187398
2450000,30.366799818261995
2500000,161.6477954587865
2550000,179.66085322365123
2600000,141.66470892639543
2650000,51.96181299292653
2700000,132.88353255106617
2750000,71.55964765255398
2800000,134.9828762404677
2850000,186.46515254536243
2900000,157.17607055075143
2950000,165.1273336917527
3000000,152.30687666516138
