global_step,eval/single_objective_return
50000.0,-57.85562157836965
100000.0,49.99873662926548
150000.0,84.52779485377705
200000.0,129.60787494414848
250000.0,136.06529451177576
300000.0,162.1757163905521
350000.0,211.58637042717692
400000.0,248.22466833723826
450000.0,186.78161064108536
500000.0,188.2791242903965
550000.0,249.06033061030794
600000.0,201.17910637570085
650000.0,220.27708259362572
700000.0,192.22284461960285
750000.0,234.0899608634496
800000.0,210.391592106961
850000.0,213.4577800959599
900000.0,230.02438339878162
950000.0,230.6048821665344
1000000.0,252.10380091385764
1050000.0,215.85989425036095
1100000.0,240.3708749938184
1150000.0,156.67211560938588
1200000.0,258.9326079839799
1250000.0,243.84386327960152
1300000.0,251.9516997361161
1350000.0,241.3019342156619
1400000.0,221.3762540626371
1450000.0,245.67705912592956
1500000.0,228.06446304352812
1550000.0,236.65149774481944
1600000.0,228.01094898610955
1650000.0,258.27945508544235
1700000.0,230.2891037234549
1750000.0,240.81917757783702
1800000.0,237.9787178791076
1850000.0,250.12507781666108
1900000.0,265.57469906263196
1950000.0,248.85081140571
2000000.0,246.63894439202627
2050000.0,249.68937417950673
2100000.0,221.01329815486534
2150000.0,238.44035553037284
2200000.0,222.17994439169152
2250000.0,234.2117698424053
2300000.0,237.95507807306427
2350000.0,231.98795182945076
2400000.0,234.5172379919656
2450000.0,238.5629321767101
2500000.0,215.20774106994568
2550000.0,236.95535086080343
2600000.0,240.3422991991932
2650000.0,210.29689883458892
2700000.0,217.39074022528257
2750000.0,216.4209390089634
2800000.0,227.63752245956692
2850000.0,183.30701588684738
2900000.0,225.51041408507982
2950000.0,221.87059109185083
3000000.0,245.42265248520397
