global_step,eval/single_objective_return
50000.0,26.209861910003962
100000.0,-42.51393594562636
150000.0,63.89346739546312
200000.0,125.75967643802392
250000.0,196.54929633745877
300000.0,125.59410087208201
350000.0,162.31083868003543
400000.0,164.39251567827222
450000.0,202.54294442027384
500000.0,167.9858066751581
550000.0,206.2340346193008
600000.0,127.96441483310068
650000.0,184.40445972732255
700000.0,213.86433316338307
750000.0,192.76442005544735
800000.0,217.83541206634362
850000.0,228.88156643267592
900000.0,186.0668666732797
950000.0,227.6497668683612
1000000.0,234.02617052933562
1050000.0,224.83203199695214
1100000.0,212.35502701985783
1150000.0,219.93088538979381
1200000.0,215.57808620194027
1250000.0,226.28360519396546
1300000.0,219.57420600710884
1350000.0,222.26623589706978
1400000.0,229.66100059227875
1450000.0,225.44536775738788
1500000.0,220.76629163805325
1550000.0,233.11811281377499
1600000.0,242.5859619342682
1650000.0,237.99814343542826
1700000.0,232.09690974448148
1750000.0,238.0856504741908
1800000.0,236.6117982759049
1850000.0,213.27575381534166
1900000.0,229.35953244733145
1950000.0,221.71537477200718
2000000.0,218.6191557713605
2050000.0,230.84456815094117
2100000.0,217.230527024816
2150000.0,227.67599578601312
2200000.0,226.65173502644035
2250000.0,193.07143058064906
2300000.0,222.58480270293475
2350000.0,238.4174848292817
2400000.0,216.787662817299
2450000.0,217.5247546165521
2500000.0,219.41968901257437
2550000.0,204.4609558321771
2600000.0,238.1436087112258
2650000.0,216.4068930735406
2700000.0,238.74567944305699
2750000.0,196.9916127451328
2800000.0,210.8355164270991
2850000.0,233.22451383117814
2900000.0,227.54588939981494
2950000.0,242.6626834424131
3000000.0,232.55001921821668
