global_step,eval/single_objective_return
50000.0,-57.73622358887243
100000.0,28.60434915081849
150000.0,51.857685026028
200000.0,20.151154879971205
250000.0,174.08492399183132
300000.0,89.81920318480267
350000.0,98.72528220647554
400000.0,149.65830890020948
450000.0,144.07071165746655
500000.0,95.88319075716086
550000.0,144.96967341252542
600000.0,148.11429726782973
650000.0,220.3754391135115
700000.0,207.2646321944619
750000.0,218.52434306910322
800000.0,136.2746378355174
850000.0,163.88489873551438
900000.0,150.55103711672376
950000.0,242.3160288310283
1000000.0,264.13452349255823
1050000.0,247.69842398832083
1100000.0,213.22092033268723
1150000.0,221.54401148266652
1200000.0,244.7409008562507
1250000.0,254.3436021088436
1300000.0,252.6355534295485
1350000.0,262.9262309019506
1400000.0,255.72660704419212
1450000.0,256.1876280312166
1500000.0,260.8882450566592
1550000.0,262.1047700220519
1600000.0,274.10772200779274
1650000.0,264.361033495334
1700000.0,255.4318038316249
1750000.0,219.21938681590115
1800000.0,281.5705393373934
1850000.0,261.8055090429442
1900000.0,256.53388223666406
1950000.0,261.731247082579
2000000.0,269.81944412476525
2050000.0,260.938107942606
2100000.0,232.3746263598254
2150000.0,237.82098439499487
2200000.0,266.11574002723165
2250000.0,224.46534973348676
2300000.0,201.59860873030826
2350000.0,233.04985423692725
2400000.0,169.37373068720947
2450000.0,233.8184572540435
2500000.0,263.54579840337675
2550000.0,244.41660406295273
2600000.0,266.92333855144335
2650000.0,240.36784125061385
2700000.0,247.58510545840554
2750000.0,214.27702618356275
2800000.0,160.16832854794865
2850000.0,257.3881236094427
2900000.0,258.80657428326276
2950000.0,240.13228097202742
3000000.0,202.36257433446536
