objective_1,objective_2
2.5538672643869327,-2.8778498414177323
1.7359628723401013,-2.7594179854980885
2.0207352213911545,-2.844865844704515
3.556217871368066,-2.895343123488937
3.715435362712088,-6.853304101946863
31.09964527860247,-137.89344491992057
31.641990665973786,-139.38452136444647
30.665286801017167,-112.91986598392228
