objective_1,objective_2
297.5861459609919,-356.1876907504156
303.6986704877348,-359.46912414005595
258.5434964885393,-345.319543105407
277.1607687180243,-355.485190308346
312.48167900166425,-360.7827437105973
323.64070276723953,-363.2665942682928
302.26422525537436,-357.62622513136466
271.19841544716866,-347.8846296111101
331.7032274923682,-364.6324043621391
