objective_1,objective_2
29.642974372418347,-289.6954573649206
5.283413713242145,-266.42205654837807
25.675273419317012,-283.24715678805694
28.614733812805106,-284.39581160166347
1.8196962304169482,-237.16248797174617
17.720039359812134,-268.8402634169442
23.529279887176727,-278.5827941547259
31.439994108848108,-297.41322874518244
4.649066047405665,-254.0433209605209
50.51362728861091,-309.0470415609296
65.91193256323886,-322.47809639994665
