objective_1,objective_2,objective_3
161.46663957962153,147.59046824998023,48.49061633973503
158.01186704201513,169.39787955883065,48.63263431925444
