global_step,eval/single_objective_return
50000.0,-25.055823257547793
100000.0,22.960982126586465
150000.0,-54.89348341495988
200000.0,-20.73987379936431
250000.0,20.618786672782676
300000.0,10.081802610625667
350000.0,107.43140967813076
400000.0,-38.60652356565199
450000.0,-10.821752499514076
500000.0,-25.46171642956515
550000.0,104.16198058075751
600000.0,-15.78968489962586
650000.0,-38.12724770735046
700000.0,8.145854330878857
750000.0,-42.40468740717402
800000.0,-67.92479346143779
850000.0,-53.25665916815467
900000.0,-50.55524561319844
950000.0,-28.870407418680873
1000000.0,-76.72738232538771
1050000.0,-80.67718451025384
1100000.0,-20.430219878661426
1150000.0,-72.00839814089898
1200000.0,-83.06668899669344
1250000.0,-76.11585714109529
1300000.0,-45.99240531732606
1350000.0,-67.96426556757748
1400000.0,-13.003868786871587
1450000.0,-79.69766134243818
1500000.0,-51.565642346944536
1550000.0,-58.28065608992743
1600000.0,-50.47863567135703
1650000.0,-55.00784842582645
1700000.0,-91.24183948651739
1750000.0,-9.665626919789322
1800000.0,-36.19585648214379
1850000.0,-18.511812296276474
1900000.0,-74.04437356209735
1950000.0,-48.55024133631925
2000000.0,-13.148687842008362
2050000.0,-90.31467661781782
2100000.0,-64.15557883264037
2150000.0,-106.03123989226341
2200000.0,-46.70503495873161
2250000.0,-30.4325135786509
2300000.0,-71.53559041974329
2350000.0,-70.81681332282024
2400000.0,-56.53179249600181
2450000.0,-100.30618960451649
2500000.0,-77.83099453840863
2550000.0,-78.86343545416182
2600000.0,-91.6643580942107
2650000.0,-34.91507591996809
2700000.0,-56.3120846147318
2750000.0,-72.64122084603447
2800000.0,-79.01743558816543
2850000.0,-42.385318559209296
2900000.0,-91.79968994040367
2950000.0,-27.029291739578383
3000000.0,-63.92317566155233
