global_step,eval/single_objective_return
50000.0,-77.0010409923037
100000.0,45.22291998434895
150000.0,-7.1263730170163315
200000.0,-20.582396177900566
250000.0,-23.26674765843152
300000.0,35.75950145799608
350000.0,-17.30202810446742
400000.0,24.715274022125037
450000.0,99.7977370438394
500000.0,-16.795714945301512
550000.0,40.95133538990455
600000.0,-3.505484166208686
650000.0,18.19812753653727
700000.0,123.5825683077132
750000.0,-2.599561140712268
800000.0,34.1729908360963
850000.0,-75.68128599094283
900000.0,36.450315567379604
950000.0,-41.11464390556317
1000000.0,-107.19679905129803
1050000.0,-89.4608450934642
1100000.0,-12.80297976526261
1150000.0,-87.69826325039057
1200000.0,135.86381010056758
1250000.0,129.87943833480477
1300000.0,174.59876880227705
1350000.0,114.40059211545054
1400000.0,52.24803068063144
1450000.0,58.111562784837886
1500000.0,-4.724868943108459
1550000.0,125.86595026074664
1600000.0,-16.12133629721431
1650000.0,40.95557344846888
1700000.0,167.51468031955838
1750000.0,-24.1261541762157
1800000.0,-18.162426729408175
1850000.0,35.51113229811149
1900000.0,19.955888274610054
1950000.0,29.43220425972998
2000000.0,69.39094295533623
2050000.0,-9.753660839407605
2100000.0,-10.153926737771986
2150000.0,54.3505303237922
2200000.0,77.8909566700947
2250000.0,41.022331112950255
2300000.0,-20.498080133406845
2350000.0,17.79382137480951
2400000.0,34.46454547797803
2450000.0,38.68223154305738
2500000.0,39.31609446821183
2550000.0,-9.272910667691841
2600000.0,-12.482088848722082
2650000.0,-8.288182330582316
2700000.0,-15.799894218388834
2750000.0,-19.24767989498767
2800000.0,-15.79853190938511
2850000.0,-11.874351635313923
2900000.0,-31.27136048782391
2950000.0,19.719943154524067
3000000.0,15.357682185741828
