global_step,eval/single_objective_return
100000.0,72.61818792734094
200000.0,90.29317254451306
300000.0,150.94901210505316
400000.0,72.81593415511507
500000.0,80.38491621929674
600000.0,64.17339333526937
700000.0,97.41722983756046
800000.0,98.384912929667
900000.0,67.16831704417504
1000000.0,58.87467546263973
1100000.0,1001.8645886662484
1200000.0,1002.0902576239664
1300000.0,1002.1349161831091
1400000.0,1002.0633601445228
1500000.0,1002.4107088582768
1600000.0,1001.4676639915054
1700000.0,1002.1073465721831
1800000.0,1001.8638179463073
1900000.0,1002.1160843776786
2000000.0,1001.8100823325177
2100000.0,1001.9638046593346
2200000.0,1001.8915619561704
2300000.0,1002.317062106458
2400000.0,1001.8717046263286
2500000.0,1002.1127187279274
2600000.0,1002.6156950524438
2700000.0,1002.1609722668966
2800000.0,1001.9579510443842
2900000.0,1001.6064567454852
3000000.0,1002.248753891691
