objective_1,objective_2
49.304381240586466,-16.554654034336572
50.36786793615298,-17.110216384777456
50.25129306298233,-16.778666594744983
49.51420945854629,-16.555774097138613
50.09568910761156,-16.666660314540778
49.23540840887766,-16.443767816934404
50.37004902623083,-17.111325246951477
48.87062002579345,-16.3317615367302
