global_step,eval/single_objective_return
50000.0,-119.34444215910412
100000.0,-187.7537838955752
150000.0,-159.3143706490799
200000.0,-151.431560350522
250000.0,-125.33743433870409
300000.0,-113.83546801515828
350000.0,-145.67442372835941
400000.0,-130.3101884508111
450000.0,-154.58683021477395
500000.0,-108.74381710469545
550000.0,-128.29047946551015
600000.0,-150.60099497509736
650000.0,-130.2140134250124
700000.0,-152.73363008106793
750000.0,-168.83437879287789
800000.0,-123.20597265852928
850000.0,-114.21756914100733
900000.0,-146.81296823115355
950000.0,-166.96859865075731
1000000.0,-127.87650282836162
1050000.0,-124.864690505126
1100000.0,-154.89080354170224
1150000.0,-140.25564443590443
1200000.0,-131.19389568788546
1250000.0,-153.3900901807527
1300000.0,-117.56298262764922
1350000.0,-164.58256708818126
1400000.0,-133.51624129493842
1450000.0,-145.59884677520563
1500000.0,-144.24798659362204
1550000.0,-156.45579307814035
1600000.0,-126.93293735796306
1650000.0,-135.6363696510082
1700000.0,-154.05177091550203
1750000.0,-121.32509599516175
1800000.0,-147.54731084617012
1850000.0,-115.15999566666903
1900000.0,-136.29817466289083
1950000.0,-164.24195222688536
2000000.0,-136.67351768931513
2050000.0,-152.43066265725503
2100000.0,-131.99562951159692
2150000.0,-146.75160873505092
2200000.0,-153.2461226881377
2250000.0,-147.68484929145913
2300000.0,-129.179432764017
2350000.0,-117.92307813545571
2400000.0,-126.73560372781556
2450000.0,-107.97653883030091
2500000.0,-140.4052949022399
2550000.0,-126.96843920451492
2600000.0,-155.03561326225963
2650000.0,-172.76215031359482
2700000.0,-148.66167277935136
2750000.0,-148.16754518473698
2800000.0,-118.92029592160584
2850000.0,-108.5124914544178
2900000.0,-124.27994064706704
2950000.0,-138.26389022004298
3000000.0,-148.42741652577462
