global_step,eval/single_objective_return
100000.0,862.5266692861298
200000.0,1093.9050654376665
300000.0,1119.122142269583
400000.0,1179.3001172881727
500000.0,898.267573789086
600000.0,2503.83423178826
700000.0,1208.0182478985928
800000.0,3564.7470965800994
900000.0,1677.6522201735952
1000000.0,2249.3414758590275
1100000.0,1618.307723830199
1200000.0,3147.345906717995
1300000.0,3490.147128175904
1400000.0,2663.007874901818
1500000.0,1454.715498875117
1600000.0,2311.4115376824648
1700000.0,2900.0220556571107
1800000.0,1405.5584868031076
1900000.0,1281.0241735376426
2000000.0,2361.469860818171
2100000.0,2343.467234042374
2200000.0,1675.8421753773666
2300000.0,3124.322602184475
2400000.0,2727.3225286181205
2500000.0,1537.3278206780076
2600000.0,1709.6950729808664
2700000.0,1673.2656903319341
2800000.0,1715.8649227336011
2900000.0,1448.3651638914891
3000000.0,2193.2049059306896
