global_step,eval/single_objective_return
100000.0,360.1402591977964
200000.0,648.3168374629887
300000.0,2871.8882800075735
400000.0,2109.710626849335
500000.0,1095.17007065063
600000.0,1866.7974290752582
700000.0,2761.758663612949
800000.0,2872.975601152916
900000.0,1961.2809268630028
1000000.0,1829.5919861598932
1100000.0,3699.6182551776647
1200000.0,3702.895752260019
1300000.0,2476.0439061218462
1400000.0,3676.4122836251745
1500000.0,2804.5725015882517
1600000.0,2682.091462181565
1700000.0,3362.8842153116116
1800000.0,3190.9345433228505
1900000.0,1612.5019422898881
2000000.0,1801.2658330507259
2100000.0,1928.4263374741026
2200000.0,3124.3515659857853
2300000.0,3818.485109750458
2400000.0,2374.1376690139964
2500000.0,1008.5206885913442
2600000.0,1225.9546499660416
2700000.0,1456.508656764706
2800000.0,3058.334663461424
2900000.0,1208.6645400157208
3000000.0,3177.7082615433587
