global_step,eval/single_objective_return
50000,264.10664876403587
100000,217.73759254117468
150000,237.52931364262014
200000,210.74585957740857
250000,200.93658395838892
300000,235.7893663201906
350000,200.8123471553323
400000,162.79969804607347
450000,257.3696664355896
500000,241.34254593373
550000,254.8984675837608
600000,232.71885044541025
650000,263.3856869467801
700000,204.88361542068122
750000,228.13361217271125
800000,230.20754478346413
850000,183.99323289045785
900000,207.75572686215432
950000,212.32066888479534
1000000,252.19576349339536
1050000,219.17889088354687
1100000,251.12726704164348
1150000,246.02168567519124
1200000,220.8724685854438
1250000,218.45134050015884
1300000,236.0238761525605
1350000,239.88956880972998
1400000,214.38335080809617
1450000,263.0471440750998
1500000,270.5473240528339
1550000,180.91480441868018
1600000,214.3959334475266
1650000,210.75463075251687
1700000,110.87906735092683
1750000,161.38739302799328
1800000,259.5878932459398
1850000,242.6995014077816
1900000,14.12786484198358
1950000,154.54546739942214
2000000,246.58197834648433
2050000,191.78081676608886
2100000,233.61033852776066
2150000,164.4892989649028
2200000,170.03179475964788
2250000,182.18474645797974
2300000,39.53410804288632
2350000,148.12697322017283
2400000,15.906714751657688
2450000,181.13246950319456
2500000,233.56686899337026
2550000,190.41348805131878
2600000,198.61690580960845
2650000,166.45645093313803
2700000,34.517576565817336
2750000,62.04024930107059
2800000,28.300122690074545
2850000,22.664113742556125
2900000,11.810087850208262
2950000,249.53185150400594
3000000,55.75163094096263
