objective_1,objective_2
128.62993715719887,102.11748563991206
