objective_1,objective_2
-164.4100898054299,133.4169214708391
-126.6697272077894,-336.67512761146634
