objective_1,objective_2
-1003.0244802716081,-104.37959812851383
-78.81094019962532,-433.71237854709295
