objective_1,objective_2
77.33001651908639,149.41193339809752
