objective_1,objective_2
224.4584551089916,226.95149756388457
