objective_1,objective_2
-1365.9166358396224,-185.34852903971284
-1286.022915048299,-230.26211781310562
-1.181597448382174,-336.67512761146634
