objective_1,objective_2
-104.14016051629591,121.81962647521709
