objective_1,objective_2
-647.2164548259883,-8.694365589384518
-436.8881447348907,-35.04730072162258
91.33092644777163,-303.3670912278126
