global_step,eval/single_objective_return
100000.0,1213.9648605100206
200000.0,1142.366606416228
300000.0,1072.3674236411823
400000.0,1089.3985282321619
500000.0,1393.748581176131
600000.0,1204.909365638737
700000.0,1143.370250112741
800000.0,1307.4141867886772
900000.0,1334.5174637655207
1000000.0,1282.5270616859498
1100000.0,1071.3191755344465
1200000.0,1092.5846241536
1300000.0,1131.0465000681647
1400000.0,1192.9929228033654
1500000.0,1258.1781911337243
1600000.0,1476.7620139870332
1700000.0,1081.9068857842103
1800000.0,1212.3813526831545
1900000.0,1224.6204126767868
2000000.0,1070.7293143091888
2100000.0,1610.898366671453
2200000.0,1282.8252272476886
2300000.0,1215.3465924195452
2400000.0,1823.2793441121971
2500000.0,1437.0062758462936
2600000.0,1094.3761471147855
2700000.0,1194.731960941797
2800000.0,1234.7232344025063
2900000.0,1098.980655719333
3000000.0,1201.063985895435
