global_step,eval/single_objective_return
100000.0,1027.4553606783097
200000.0,565.1163025533255
300000.0,1019.4618475943898
400000.0,1219.5076605768204
500000.0,1096.3585529352297
600000.0,1150.1672652668012
700000.0,1080.1537806370957
800000.0,1356.864545892899
900000.0,2153.8630517326887
1000000.0,1385.020166059066
1100000.0,1280.982603518583
1200000.0,1058.7687046267565
1300000.0,1169.07323650259
1400000.0,1616.8070594882804
1500000.0,1715.4719670918
1600000.0,1121.7199780217882
1700000.0,1325.0482331490082
1800000.0,1958.1976085610052
1900000.0,1892.9988397622215
2000000.0,1194.4948919456444
2100000.0,1083.4498356562258
2200000.0,1243.3248859345013
2300000.0,1144.1241554309718
2400000.0,1269.100367913292
2500000.0,1046.490239293259
2600000.0,1046.2651953651073
2700000.0,1172.514683463227
2800000.0,1336.9691685364053
2900000.0,1213.8984535286347
3000000.0,1869.9491903070996
