objective_1,objective_2
18.032263423126565,-336.67512761146634
