global_step,eval/single_objective_return
50000.0,-32.72566209464829
100000.0,38.47044544982112
150000.0,14.1853892170395
200000.0,203.08658505650806
250000.0,169.2395352048488
300000.0,144.19045033142305
350000.0,163.05975122694127
400000.0,218.90693210783894
450000.0,192.04451466952077
500000.0,172.38346938710225
550000.0,195.14960954807447
600000.0,171.4389125175782
650000.0,205.0867762188296
700000.0,215.61614126106383
750000.0,160.93656393302962
800000.0,201.31929174892844
850000.0,227.76887135975645
900000.0,164.42258441334621
950000.0,198.82477880736909
1000000.0,202.06392692476052
1050000.0,228.72732325376995
1100000.0,185.88186445515777
1150000.0,202.0282316674958
1200000.0,238.88641673030628
1250000.0,234.25015699830868
1300000.0,237.0440405959031
1350000.0,209.62571076756876
1400000.0,229.88625337057925
1450000.0,219.57289592304178
1500000.0,247.94005736326375
1550000.0,196.89006336724435
1600000.0,240.80061828985305
1650000.0,226.78595281677673
1700000.0,235.2743519188228
1750000.0,232.12944702687665
1800000.0,222.5166682607874
1850000.0,225.37981422920143
1900000.0,232.5972003316834
1950000.0,221.19119304813657
2000000.0,210.0602311958085
2050000.0,218.33921621304845
2100000.0,237.16906239281815
2150000.0,234.76076230598224
2200000.0,218.99367016039986
2250000.0,205.11093555684047
2300000.0,221.06458090645816
2350000.0,236.56522324361907
2400000.0,231.99991967439513
2450000.0,185.132766283786
2500000.0,223.87740463289552
2550000.0,230.1150014704695
2600000.0,226.83902788191773
2650000.0,233.44065997971325
2700000.0,216.7452488428718
2750000.0,234.45798603162285
2800000.0,245.16202620733048
2850000.0,237.1770311505863
2900000.0,209.27879651374542
2950000.0,207.2856947580787
3000000.0,204.583102981561
