objective_1,objective_2,objective_3
18.10306767614412,6.9725181745504115,1.408781644405855
20.536086384085547,5.626909654681718,4.256433266324843
13.389923278495635,1.525602070605143,6.088858051942438
