objective_1,objective_2,objective_3
12.55956721831545,0.18873453514793748,4.292804078912894
13.198132296927424,-0.3500082866768854,11.2806933247171
12.14979296329073,0.20706634261065937,10.665213054147504
9.403340876960685,0.2270294687948946,9.573216657626997
12.503838825996525,0.8936691285317436,6.565969279903811
11.872146374038522,0.15157242481828284,28.3424931924847
12.282600394348691,-0.13474681593130078,10.89887703023089
13.380966699951264,0.1756759709539281,9.643542722339431
