objective_1,objective_2,objective_3
11.935684463913224,7.145595590987661,1.6050937800721279
9.606707596363371,3.3136913310663263,1.856212058027651
