eum/MOSuperMarioBros-1-2-v2,eum/MOSuperMarioBros-3-2-v2,eum/MOSuperMarioBros-3-3-v2,eum/MOSuperMarioBros-4-3-v2,eum/MOSuperMarioBros-5-2-v2,eum/MOSuperMarioBros-5-3-v2,eum/MOSuperMarioBros-7-3-v2,eum/MOSuperMarioBros-8-1-v2,EUGR/MOSuperMarioBros-1-2-v2,EUGR/MOSuperMarioBros-3-2-v2,EUGR/MOSuperMarioBros-3-3-v2,EUGR/MOSuperMarioBros-4-3-v2,EUGR/MOSuperMarioBros-5-2-v2,EUGR/MOSuperMarioBros-5-3-v2,EUGR/MOSuperMarioBros-7-3-v2,EUGR/MOSuperMarioBros-8-1-v2
11.637867928434328,16.6863788589363,7.607259804970591,9.078309687259509,15.919543367555868,7.684429183352895,15.325486939035494,12.174229933531633,0.30281818085848894,0.3751460875594553,0.33249603101606745,0.35902884114064065,0.724050175096815,0.588204364400317,0.8917925435912468,0.20690019224198583
