eum/MOSuperMarioBros-1-2-v2,eum/MOSuperMarioBros-3-2-v2,eum/MOSuperMarioBros-3-3-v2,eum/MOSuperMarioBros-4-3-v2,eum/MOSuperMarioBros-5-2-v2,eum/MOSuperMarioBros-5-3-v2,eum/MOSuperMarioBros-7-3-v2,eum/MOSuperMarioBros-8-1-v2,EUGR/MOSuperMarioBros-1-2-v2,EUGR/MOSuperMarioBros-3-2-v2,EUGR/MOSuperMarioBros-3-3-v2,EUGR/MOSuperMarioBros-4-3-v2,EUGR/MOSuperMarioBros-5-2-v2,EUGR/MOSuperMarioBros-5-3-v2,EUGR/MOSuperMarioBros-7-3-v2,EUGR/MOSuperMarioBros-8-1-v2
10.854092812200472,28.438687098934235,11.324313711042375,17.7052794442369,13.512556816619684,8.58470484893095,15.58676810347696,17.113845071443592,0.2824242945934454,0.639363536611731,0.4949600065508713,0.7002080981943782,0.6145759902271147,0.6571159338899013,0.9069965364664253,0.29084860846340777
