global_step,eval/single_objective_return
100000.0,1293.9125460829096
200000.0,836.1911781266298
300000.0,781.9951441836986
400000.0,1277.3118605016905
500000.0,292.8962052781088
600000.0,-2.115224399430014
700000.0,187.77606070994574
800000.0,103.297188336118
900000.0,0.03549448906830517
1000000.0,14.485370872799747
1100000.0,125.09623600281012
1200000.0,157.7347123841356
1300000.0,129.19782900319566
1400000.0,219.845845623683
1500000.0,-1.1763091632267644
1600000.0,1113.269640766638
1700000.0,969.3553115210718
1800000.0,548.9043029359705
1900000.0,719.5598821083056
2000000.0,123.769480374486
2100000.0,706.0643065401532
2200000.0,189.46794672320635
2300000.0,19.00015305863418
2400000.0,-4.639558290006275
2500000.0,57.9695346039195
2600000.0,-2.0225879877069173
2700000.0,152.5526126764533
2800000.0,291.8450314771552
2900000.0,539.6176924077207
3000000.0,710.3121235699779
3100000.0,1151.49711485719
3200000.0,91.2817917551338
3300000.0,86.62676128256001
3400000.0,-6.056686639238741
3500000.0,229.25386184087705
3600000.0,1007.9393164339434
3700000.0,39.377696130913705
3800000.0,763.9535357023518
3900000.0,348.1712946196585
4000000.0,1632.2115246250858
4100000.0,700.8618605468373
4200000.0,1343.3054975837033
4300000.0,669.6633224657348
4400000.0,1279.205230623943
4500000.0,805.6225676822618
4600000.0,717.9340967148003
4700000.0,314.8509263769218
4800000.0,563.1705910415633
4900000.0,109.01553361219362
5000000.0,85.99669919059589
