objective_1,objective_2
-2871.515856980621,-433.71237854709295
