objective_1,objective_2
97.00423051112494,-278.76477896149095
