global_step,eval/single_objective_return
100000.0,1197.2041070558066
200000.0,1384.629269209184
300000.0,1244.7414643087209
400000.0,1057.331219593344
500000.0,1295.2480954455232
600000.0,1306.7943538959044
700000.0,1075.5191133424594
800000.0,1387.6963676777727
900000.0,1589.0781288303717
1000000.0,1569.4576003701375
1100000.0,707.4133283436863
1200000.0,841.1934861978855
1300000.0,1276.8693928719567
1400000.0,1410.0919411940304
1500000.0,1543.1610209444664
1600000.0,1595.929040585411
1700000.0,1437.3168583638455
1800000.0,1623.839009230508
1900000.0,1643.1844996058433
2000000.0,1530.748153900039
2100000.0,1375.7473334820431
2200000.0,1561.9035405212346
2300000.0,1326.663969605959
2400000.0,1552.2974561053934
2500000.0,1587.8893592429295
2600000.0,1663.8070454242395
2700000.0,1317.6760503390635
2800000.0,1657.2699575298934
2900000.0,1653.7318971737914
3000000.0,1644.6462771802883
