global_step,eval/single_objective_return
100000.0,1306.8655006423091
200000.0,1287.6338120686198
300000.0,353.6572050087554
400000.0,741.0776362092935
500000.0,1025.8772441551696
600000.0,1080.6217767646974
700000.0,1183.2156059911865
800000.0,1391.557378664804
900000.0,1311.0281368203744
1000000.0,1506.1908669122342
1100000.0,1366.3349723149306
1200000.0,1243.1533800445338
1300000.0,1112.2613823753027
1400000.0,1192.9219813559291
1500000.0,1356.7048726960295
1600000.0,1460.5272551829269
1700000.0,1413.0202278969878
1800000.0,1357.048196352989
1900000.0,1388.6157062196144
2000000.0,1361.7912593943445
2100000.0,2060.0279304827914
2200000.0,1587.1076890387333
2300000.0,1524.83613313302
2400000.0,1521.8195039409204
2500000.0,1493.8539345134338
2600000.0,1556.1885546592714
2700000.0,1611.8600397381801
2800000.0,1554.679716892333
2900000.0,1778.3979799441022
3000000.0,1736.690192663364
