objective_1,objective_2
-0.8348468663324784,-11.750905237524146
0.2295245964946638,-12.71570111328062
0.09374350086775181,-12.22711700463084
-0.23048974698870078,-11.9461352600004
0.6639445070945265,-18.174006701533123
