objective_1,objective_2
2.629310482320359,-19.99878923224974
2.670302888949325,-28.703338370416805
1.4859718466259486,-17.61446093898227
2.5030509241192664,-19.481575387626723
1.3854824185394004,-16.55953410478127
1.55743956398747,-18.94238816099861
