objective_1,objective_2
76.42484139433802,-543.574168776116
-0.40915207834941986,-500.80445825585076
2.458226563045177,-515.3303320198411
78.52619747949511,-594.1414099015777
