objective_1,objective_2
44.02533120768165,-585.838045566994
37.29961390958462,-550.6145072152367
36.012387557080146,-547.5111850044001
3.39628402647633,-507.45345373879695
3.3580690922955414,-502.4051830337616
-1.431090436914603,-501.1969954735625
1.552257132254231,-502.20257122960305
