objective_1,objective_2
13.977335074166826,-406.7832961880377
12.8789970530213,-404.5031979610816
-20.508439384760692,-376.5905321113823
-16.073948288781033,-379.95825245473554
10.31597172478963,-403.05177487775575
-4.965566574444294,-399.8830685341097
-8.791077994255591,-399.173031591377
