objective_1,objective_2,objective_3
129.73556653160952,97.95157062076916,-33.21379045804171
74.91338232738444,58.05802248373042,-30.763383505040498
127.60227775423773,105.67334594141403,-65.89069975803204
132.02776938744123,98.7086263175701,-41.03578195115258
126.79091396501562,112.39313701742509,-48.25976008942319
128.96982266814032,103.17384359650114,-34.77477501875895
