objective_1,objective_2,objective_3,objective_4
-39.66778064220253,-1.8976508798404215,0.0,0.0
-58.703678193748445,121.23751799987406,0.0,0.0
-38.48960788934847,47.44888643945913,0.0,-1.8770010218973587
-49.98370298991989,64.97203090320657,0.0,0.0
-55.26834771623851,88.67296207006524,0.0,0.0
-42.13342221547681,46.48186716564841,0.0,0.0
-41.712087993322044,14.844674192625309,0.0,0.0
-40.47319726783239,9.320218927248881,0.0,0.0
-53.09055429551132,72.88649156532085,0.0,0.0
