objective_1,objective_2,objective_3,objective_4
-43.09423239550007,-31.131981866117165,0.0,0.0
-52.81824992682361,25.35593719343625,0.0,0.0
-53.37834236232883,34.67678879327479,0.0,0.0
-45.59631479506512,-25.55616901456547,0.0,0.0
-47.356413919485206,20.083171088360668,0.0,0.0
-55.88505476030316,49.07044494354313,0.0,0.0
