objective_1,objective_2,objective_3,objective_4
-44.75232137638107,22.56826878711519,-0.5929664464014994,-1.7732092631931304
-61.729014094228795,103.83014626260452,0.0,0.0
-42.13342221547681,-139.657542882036,0.0,0.0
-50.48858887870696,98.74537711554714,0.0,0.0
-63.618548606387094,121.52350481429073,0.0,0.0
-62.98236312032323,113.86178398448621,0.0,0.0
-41.712087993322044,-112.68189979761313,0.0,-0.536268225207185
-49.483865960020694,27.761416849901707,0.0,0.0
-48.98902730042049,-121.36902881083115,0.0,0.0
