objective_1,objective_2,objective_3,objective_4
-47.4833238640353,14.641607287292851,0.0,0.0
-54.01304570680404,42.080891820948736,0.0,0.0
-53.67173545249788,35.00005133881367,0.0,0.0
-50.11105398899463,32.85356511738272,0.0,0.0
-43.438180524697025,11.98633298220629,0.0,0.0
-50.05764030249429,29.88066649765205,0.0,0.0
-46.7167122658836,52.093132440617524,0.0,-1.0128418463563045
