objective_1,objective_2,objective_3,objective_4
-56.96012024771592,106.28678608880662,0.0,0.0
-42.988901352389355,79.09744456279336,0.0,-0.9651368697469249
-44.30479816261725,71.57885431588494,0.0,0.0
-37.72366469235043,53.40103485593124,0.0,0.0
-55.82661385478638,72.4674140372535,0.0,0.0
