objective_1,objective_2,objective_3,objective_4
-51.52969940852046,19.744602221215224,0.0,0.0
-47.07529959156879,-76.8731561555264,0.0,0.0
-48.09139770455853,-47.12047819806533,0.0,0.0
-55.66842190561954,25.640689501704742,0.0,0.0
-48.58232728587207,-30.831666693855063,0.0,0.0
-50.08461342092611,-14.075451927550969,0.0,0.0
