objective_1,objective_2,objective_3,objective_4
-58.703678193748445,114.48149403034398,0.0,0.0
-46.12219674180955,46.54395136326973,0.0,0.0
-49.98370298991989,58.974963598034044,0.0,0.0
-42.559012338865465,58.64577433105969,0.0,-2.3721652696592916
-42.13342221547681,44.8246924834637,0.0,0.0
-55.26834771623851,88.75498915449916,0.0,0.0
-40.47319726783239,14.845063660901332,0.0,0.0
-53.09055429551132,69.63513251768234,0.0,0.0
