objective_1,objective_2,objective_3
9.559384784090636,-0.21392314944777427,-0.21392314944777427
1.3917234531920724,-0.58057574629451,4.0863524101003685
