objective_1,objective_2,objective_3
9.575152714163105,1.5038104576956548,7.675128022268366
17.15670517105016,1.2214779899878327,12.623122373416106
12.822288961342108,7.880836862148317,-0.29703516703721944
12.940043077033339,6.2210335570665345,-0.2820400564754103
15.185772116864277,5.918936469801557,7.063155677148889
11.055938470795128,4.033451790135846,7.2184265188304755
