objective_1,objective_2,objective_3
6.178188455859316,-0.5413205230322721,24.96213786332003
6.215455289070815,-0.249691658257815,1.9472184507053767
