objective_1,objective_2,objective_3
5.198663186787631,-0.08228577026834823,-0.08228577026834823
14.357383175376375,1.6572142273857224,-0.23225666622397417
8.171984578367878,-0.1306411721268049,-0.1306411721268049
8.079769848208054,-0.1306411721268049,4.927017988176755
10.213542092183522,-0.17437293079744054,-0.17437293079744054
