objective_1,objective_2,objective_3
8.079513496061166,-0.249691658257815,-0.249691658257815
18.230774187073642,12.40494139978186,-0.56192176255801
11.509138047553439,-0.44401965094804074,6.716631280468704
