objective_1,objective_2,objective_3
11.141965669837502,3.2805237880869296,4.150868794803831
10.342110544231208,-0.2662721622020834,4.447796517272557
10.22818663217649,-0.2662721622020834,6.395104402377763
