objective_1,objective_2,objective_3
12.073006779912644,8.625054874756902,26.8940125194754
