eum/MOHopperDefault-v5,eum/MOHopperLight-v5,eum/MOHopperHeavy-v5,eum/MOHopperSlippery-v5,eum/MOHopperLowDamping-v5,eum/MOHopperHard-v5,EUGR/MOHopperDefault-v5,EUGR/MOHopperLight-v5,EUGR/MOHopperHeavy-v5,EUGR/MOHopperSlippery-v5,EUGR/MOHopperLowDamping-v5,EUGR/MOHopperHard-v5
89.58304158373669,92.439286487018,87.75676610692028,88.83736278013228,89.57966812075658,88.20142889644046,0.4888018574213121,0.3908119204960931,0.5722794986394697,0.5301800388901622,0.4926152631334812,0.49752992926814743
