objective_1,objective_2,objective_3
16.806396524423917,4.934621903325949,13.820106553402246
