objective_1,objective_2,objective_3
2.806234970115385,-0.4365994905370782,0.5972370595054747
3.6001462239411426,-0.17437293079744054,-0.17437293079744054
4.6416265631365405,-0.4814978360537345,89.82823270749117
