objective_1,objective_2,objective_3
13.447041457886462,3.292988839213075,10.054039724182866
19.29278017764214,9.320418000168768,-0.39335293986606484
14.618894124936949,2.2844385452941034,9.330690034344217
4.465317099427542,-0.3833216343835846,12.133935114841188
