objective_1,objective_2,objective_3
10.071264487150247,-0.15305633445573485,-0.15305633445573485
7.777917731802584,-0.35001795225952065,0.888831061142144
6.499828610817929,1.148938291280215,0.4710739934474606
