objective_1,objective_2,objective_3
11.75936948822914,9.030860387018208,29.50266412183017
