objective_1,objective_2,objective_3
9.549265486270848,-0.15305633445573485,-0.15305633445573485
8.219841926465039,-0.1306411721268049,-0.1306411721268049
11.49362535325333,-0.17437293079744054,-0.17437293079744054
