objective_1,objective_2,objective_3
3.836605180783261,-0.29703516703721944,-0.29703516703721944
4.329487991636962,-0.3933529398660648,-0.3933529398660648
8.384413941276815,-0.5841371437403875,1.433718776543662
3.327048814542933,-0.1306411721268049,-0.1306411721268049
