objective_1,objective_2,objective_3
6.257782794819668,-0.08228577026834823,-0.08228577026834823
8.768742517942615,-0.1306411721268049,-0.1306411721268049
14.837286161620534,-0.249691658257815,6.385644863539106
