objective_1,objective_2,objective_3
11.248520008736346,-0.17437293079744054,-0.17437293079744054
