objective_1,objective_2,objective_3
13.896585525249682,2.470027069880214,33.47000375149167
13.233353527486477,3.1382190491848796,6.047426234311882
