objective_1,objective_2
119.12365072692118,-364.0962997002753
260.61785258583257,-377.30519151307806
184.17264251136254,-370.6557698975632
167.23537500049494,-369.593682535385
