objective_1,objective_2
-26.639252329194733,-355.05620568398916
112.03116394964707,-367.5241647789359
114.49942418441789,-375.71056903906674
122.92169442372615,-387.9426254862188
-31.706058000486586,-348.35949207488864
123.46917755370387,-389.47656088706793
-24.531115169854758,-358.80109973011776
131.51849130280488,-395.467177222805
