objective_1,objective_2
80.15564456316338,-339.3815363079273
54.75516835185007,-337.6551027488464
105.5960774407099,-351.55452806733365
84.38276619280325,-341.1842486980353
123.71052090588744,-373.9565630900374
114.75975391201948,-363.93045508544503
106.69867375642764,-359.5709253251468
95.23025388426116,-349.4414230546966
