objective_1,objective_2,objective_3
17.29893536903651,5.972172476845156,13.922447586161384
19.8618813143997,1.5616273064220672,9.39311083205248
15.378964636555377,9.540977437967825,-0.29703516703721944
15.398925516094744,9.513155927821519,-0.3248566771835257
18.063256476964487,9.45469097062146,12.384382067276055
