objective_1,objective_2,objective_3
17.40218898643871,-0.3933529398660648,33.259686761173235
20.771781413712485,0.5029789098411034,10.816024016590255
20.77702496466518,0.5029789098411034,2.8282147332367993
20.089009284452334,0.534806296824227,2.000386677793629
