objective_1,objective_2,objective_3
15.022747546036557,1.6588647999337978,9.037534276608875
14.461113525650347,1.6762997919676386,9.054969268642717
