objective_1,objective_2,objective_3
9.938002667648895,-0.23225666622397417,-0.23225666622397417
16.27425051279551,7.586159028339455,-0.35001795225952065
13.136144331694222,3.475011185349183,-0.249691658257815
13.09486829386459,3.567614059560397,-0.249691658257815
8.148341946654215,-0.1306411721268049,-0.1306411721268049
