objective_1,objective_2,objective_3
20.989271876330367,13.815101120287958,5.576382445661436
21.948316824625305,5.751579093074856,14.855178242353828
22.656583621399037,13.858050289056187,0.4784163885859995
20.041189298946833,11.616831992379861,6.4704546140296
