objective_1,objective_2,objective_3
20.844030889801477,13.821803754997791,-0.35001795225952065
23.59757055883521,18.272159735069547,-0.4028926115674108
25.424839857406653,9.264116647419835,-0.44401965094804074
22.472685197531362,7.263086699844681,3.005642470428253
23.139846920697202,4.211556070043751,3.4350772247292563
