objective_1,objective_2
-19.504975062437502,-433.71237854709295
