objective_1,objective_2
28.955536896960016,-345.93999076612414
