global_step,eval/single_objective_return
50000,23.282690559383752
100000,36.28464993881923
150000,6.765612662887833
200000,234.33767859595056
250000,11.291903236055333
300000,168.26427028517497
350000,-16.180375354925516
400000,23.550860049820756
450000,0.06221498053690766
500000,-22.658408341526226
550000,16.249528733812525
600000,3.0829730556309016
650000,18.66338446737629
700000,5.1400860155707875
750000,258.2633832430737
800000,-1.4579136893938909
850000,173.6126929796357
900000,10.324531225243916
950000,106.42644563196905
1000000,35.16936087682572
1050000,-2.2186738647102686
1100000,200.49959899782698
1150000,175.5794812906409
1200000,24.920022828231197
1250000,36.99212755894561
1300000,10.544542107370233
1350000,10.320183446589525
1400000,57.7272582094175
1450000,-2.2881890051008043
1500000,-5.686214138841763
1550000,2.185238900777847
1600000,-10.198592258312459
1650000,5.218428661128414
1700000,11.022172085641458
1750000,-8.255338510147538
1800000,8.618511571181386
1850000,-16.52855646642074
1900000,11.245454647648074
1950000,13.679636158083653
2000000,3.701374576224339
2050000,-12.16169168450108
2100000,14.189917366633878
2150000,20.36151848308039
2200000,66.20241136061476
2250000,7.011406538626801
2300000,12.337198299149705
2350000,24.48379768699988
2400000,14.423029416014373
2450000,-12.120648803464618
2500000,0.1921419535298554
2550000,-4.837521365367039
2600000,199.68766030638903
2650000,2.3758374617649736
2700000,-0.9612884289749104
2750000,5.802602090509339
2800000,-2.761422692718142
2850000,-13.756133585347172
2900000,10.33707038436566
2950000,-13.370109873321297
3000000,-4.98570911263468
