objective_1,objective_2
395.36160060558757,-34.9915380753552
394.2441259470972,-32.16184546072203
395.06497704160284,-32.64357868735355
