objective_1,objective_2
301.39326655290205,63.88144388930368
299.2461915722728,65.86210401542166
301.89222557817993,63.486618280725324
303.7906134928664,61.45636188147618
302.61292225883227,61.96340640696578
