objective_1,objective_2
3.840398303867711,-43.17179214042742
1.192607317329802,-15.52162144860272
0.9949505432204249,-15.474332793529872
2.488734647644184,-18.020759264283395
2.6351896033562023,-18.35798264165002
2.7818920194619303,-30.884359379734192
5.475710542435595,-85.84601412972305
5.128944936483808,-83.13082426748663
4.2965862829102965,-82.39203014018368
