objective_1,objective_2
6.687723541501276,-25.39127740359228
2.915220802316609,-19.672632323227006
4.352770786355362,-19.91897703430804
11.791951545947537,-54.83404262243704
19.824836383193855,-77.51750705593162
31.001707962694073,-86.70389428995504
