eum/MOHumanoidDefault-v5,eum/MOHumanoidLight-v5,eum/MOHumanoidHeavy-v5,eum/MOHumanoidLowDamping-v5,eum/MOHumanoidHard-v5
254.4780833744337,325.02564198996396,164.41064094940597,247.20354167271165,199.23612127126592
