global_step,eval/single_objective_return
100000.0,43.309522782361206
200000.0,39.937792256059346
300000.0,37.020537431136674
400000.0,39.47494856973331
500000.0,33.17352161583229
600000.0,33.1431205016675
700000.0,49.85064561846745
800000.0,40.65038607200999
900000.0,37.924631704994255
1000000.0,39.55830781441789
1100000.0,34.689575528537304
1200000.0,52.5525625770857
1300000.0,34.74257738799489
1400000.0,49.19213781593105
1500000.0,43.89474446109865
1600000.0,33.7195846291356
1700000.0,405.2282566611875
1800000.0,333.2458936645432
1900000.0,347.29484837345353
2000000.0,236.0619960024373
2100000.0,220.65954623384783
2200000.0,296.1478490375937
2300000.0,453.96953331275625
2400000.0,316.26032115530904
2500000.0,263.5917097683202
2600000.0,1010.4249962460551
2700000.0,1010.6208012433972
2800000.0,1010.2414609067398
2900000.0,1010.3971327525509
3000000.0,1010.0410219755437
