global_step,eval/single_objective_return
100000.0,30.77807075255847
200000.0,34.74444654763203
300000.0,34.27726021454763
400000.0,31.539123805177418
500000.0,37.71541326061067
600000.0,37.214117253386306
700000.0,35.17839066968449
800000.0,53.399513881859264
900000.0,39.51182562347068
1000000.0,27.433771330259002
1100000.0,27.820256526712228
1200000.0,50.77943686833595
1300000.0,45.76903182751509
1400000.0,47.71838649658067
1500000.0,35.8269332205473
1600000.0,34.97225912326959
1700000.0,995.938884363711
1800000.0,995.9097672461652
1900000.0,995.7346016710453
2000000.0,996.1054971538895
2100000.0,995.8435393533371
2200000.0,995.9724495371689
2300000.0,995.7642159915019
2400000.0,995.9623715450376
2500000.0,995.8675737614565
2600000.0,995.8676720509715
2700000.0,996.1402937402952
2800000.0,995.9285590122479
2900000.0,996.0102542071502
3000000.0,995.8797446611767
