global_step,eval/single_objective_return
100000.0,55.060154074976275
200000.0,33.43230322842378
300000.0,44.09426967360385
400000.0,53.39012907421676
500000.0,43.949274842918825
600000.0,60.36271287920529
700000.0,36.24601031204124
800000.0,36.904772154294804
900000.0,56.58513351903632
1000000.0,45.208808765860205
1100000.0,40.591035951038606
1200000.0,42.22590669512813
1300000.0,49.77200912077458
1400000.0,31.95396242658607
1500000.0,41.95654732433659
1600000.0,34.16552497243033
1700000.0,1003.3755185963394
1800000.0,1003.381530227085
1900000.0,1003.3489645302992
2000000.0,1003.5557212869874
2100000.0,1003.511634350918
2200000.0,1003.4143563645073
2300000.0,1003.3256121734117
2400000.0,1003.7382812791963
2500000.0,1003.3485724607947
2600000.0,1003.4296945944512
2700000.0,1003.326840845034
2800000.0,1003.4487728657484
2900000.0,1003.4907401942819
3000000.0,1003.375808410228
