global_step,eval/single_objective_return
100000.0,835.8918210478765
200000.0,862.5137584628196
300000.0,2044.3380065072938
400000.0,1569.2591016005224
500000.0,1155.9556655917884
600000.0,1340.0828118324832
700000.0,2025.1290688973322
800000.0,1185.2633846364392
900000.0,1163.039664758316
1000000.0,821.1642194536118
1100000.0,926.10539358927
1200000.0,844.2588570380077
1300000.0,1353.6857879731183
1400000.0,1103.5588272095754
1500000.0,1124.8327725390366
1600000.0,1302.3551492671631
1700000.0,1076.1933936670214
1800000.0,972.2912078441052
1900000.0,965.7209008934663
2000000.0,1135.7177391572836
2100000.0,879.8314656255154
2200000.0,1013.4736014533653
2300000.0,1098.2154942216357
2400000.0,1828.8288725122513
2500000.0,1073.9359392897989
2600000.0,1050.6423260662013
2700000.0,845.3004343117063
2800000.0,1044.1731872609826
2900000.0,922.6598108654629
3000000.0,1423.6619369806658
