global_step,eval/single_objective_return
50000.0,-205.81860513032507
100000.0,-132.25654477269742
150000.0,-75.47626816411807
200000.0,-112.37344316368583
250000.0,-3.513360438222878
300000.0,-43.38869485248313
350000.0,18.174576793197993
400000.0,-39.40572703758597
450000.0,-64.13871678577834
500000.0,-36.15398970940644
550000.0,-28.399729719871324
600000.0,-38.744326148882955
650000.0,38.84320484637111
700000.0,-18.345599522906593
750000.0,65.4623155547058
800000.0,33.74401796484333
850000.0,45.964662988806936
900000.0,113.02461880532933
950000.0,35.55651613555548
1000000.0,76.94391698451471
1050000.0,159.85046112794595
1100000.0,196.46023163912582
1150000.0,177.63443670700698
1200000.0,72.18372935944038
1250000.0,77.50100075668502
1300000.0,123.41170773686542
1350000.0,68.56465694652972
1400000.0,113.91182956647071
1450000.0,103.47527412635245
1500000.0,135.5598445693235
1550000.0,109.64322852081143
1600000.0,235.91668306586362
1650000.0,135.83629506581957
1700000.0,138.47624892941442
1750000.0,183.7627506949767
1800000.0,152.21264622977188
1850000.0,236.37422577392118
1900000.0,235.02405333605984
1950000.0,127.18416190512445
2000000.0,161.66302369804257
2050000.0,162.35588829943202
2100000.0,122.07062863450206
2150000.0,127.86223330988238
2200000.0,171.34249342565687
2250000.0,143.72752618964043
2300000.0,184.06170527514004
2350000.0,88.82987840984843
2400000.0,198.65486342321847
2450000.0,179.46021341503462
2500000.0,174.50345273862348
2550000.0,170.14941902091167
2600000.0,219.0175875056456
2650000.0,167.12399968441687
2700000.0,121.2540003636663
2750000.0,106.69100605490401
2800000.0,149.02929871549486
2850000.0,201.1219438916758
2900000.0,153.38542763395566
2950000.0,96.45911221350421
3000000.0,148.80387587386684
