global_step,eval/single_objective_return
50000.0,-226.6358893249444
100000.0,-84.16958501809908
150000.0,-1.3102329876710912
200000.0,-71.02165597931516
250000.0,-29.943582638604408
300000.0,-6.727847563012662
350000.0,-53.112333687402476
400000.0,-53.23669251620767
450000.0,-52.37318003421816
500000.0,-48.23144796961624
550000.0,-42.58057188151016
600000.0,-11.65466282989453
650000.0,-49.252784010332235
700000.0,-36.210413491140066
750000.0,-44.932189177196484
800000.0,-46.37580183345135
850000.0,0.8805668349239909
900000.0,-20.733026784162213
950000.0,-0.1922920610063727
1000000.0,-46.02715576838874
1050000.0,-41.9429888965438
1100000.0,-16.726115766096463
1150000.0,6.505147055088275
1200000.0,-26.326633263919927
1250000.0,-35.21717273980603
1300000.0,-6.83028541336451
1350000.0,54.57746531905097
1400000.0,10.668737130591586
1450000.0,9.11961187397834
1500000.0,126.82179344172309
1550000.0,124.5161520130727
1600000.0,-6.802577539172421
1650000.0,46.878960976659286
1700000.0,-17.04708670048577
1750000.0,-27.263490299419196
1800000.0,114.27230536694137
1850000.0,166.35849699903684
1900000.0,47.806636714500414
1950000.0,105.73707032177231
2000000.0,67.10987674963684
2050000.0,166.814090917644
2100000.0,79.29110699927081
2150000.0,219.22848393512004
2200000.0,260.922570010472
2250000.0,-25.617752430346115
2300000.0,155.2763544984129
2350000.0,-19.035339886131435
2400000.0,24.668237029337206
2450000.0,72.0399700574083
2500000.0,229.24545519891217
2550000.0,15.921280683195278
2600000.0,89.83081276391681
2650000.0,95.4454538277197
2700000.0,54.60988702928928
2750000.0,-18.084327904648088
2800000.0,25.891319235548202
2850000.0,54.74491207023773
2900000.0,177.43070661554282
2950000.0,99.60048761504889
3000000.0,49.18545126450118
