global_step,eval/single_objective_return
50000,22.28691109030339
100000,8.353102910435638
150000,0.15343080413441612
200000,3.3216890720592573
250000,44.36749670945309
300000,-5.880227443330327
350000,20.79102564814532
400000,32.158254859792805
450000,-13.468424052372242
500000,-6.68436971483311
550000,-16.415580159355343
600000,4.094366954710665
650000,8.910529717921207
700000,-6.85385043954949
750000,-12.546657079804206
800000,-20.536721245923715
850000,-9.743374672044297
900000,10.019900425689386
950000,-5.2489818036460605
1000000,-2.709211022796012
1050000,-29.476723178415824
1100000,-22.148862141908793
1150000,-19.33724942591418
1200000,-24.779107988137085
1250000,40.32228870241307
1300000,-14.685540794513443
1350000,24.42829714861719
1400000,61.62966049224664
1450000,14.217515153188671
1500000,212.39329731399334
1550000,82.08699755375261
1600000,88.36044237459208
1650000,167.8057486606657
1700000,93.43695157766113
1750000,54.126757538468524
1800000,97.67837805482995
1850000,9.813643569613536
1900000,55.92013589119914
1950000,24.035433781049207
2000000,99.93045297703404
2050000,39.463427857132785
2100000,34.58276837741943
2150000,76.75063273146134
2200000,232.11832599053244
2250000,101.9284549673466
2300000,97.94370984841714
2350000,121.06781159167843
2400000,130.42107951252382
2450000,68.86752877915018
2500000,117.60819826542729
2550000,203.3418503569112
2600000,69.9130064602655
2650000,-2.1486054871269573
2700000,26.76658189980772
2750000,104.41825100524585
2800000,93.96310311688417
2850000,121.91783545055517
2900000,187.68077053201498
2950000,102.41013535152871
3000000,124.99553602311131
