global_step,eval/single_objective_return
50000,10.704523311024047
100000,-39.36976873142846
150000,33.00884021256101
200000,76.6116942135467
250000,95.33631488412496
300000,-23.765213441463587
350000,19.096796561058888
400000,130.93208091029192
450000,110.38639423880895
500000,103.93218557617274
550000,103.0799045146436
600000,11.577395201009166
650000,-31.291910879542655
700000,7.411625653815035
750000,1.2234609340802978
800000,159.4954385159668
850000,95.61106589472374
900000,224.68916985331018
950000,9.601688021997647
1000000,-5.6188513331449315
1050000,66.09890593382399
1100000,-14.917022157417264
1150000,30.682521272921612
1200000,-2.5235490587929674
1250000,22.21262740295217
1300000,103.24846202819461
1350000,74.79793371490138
1400000,51.021255428072045
1450000,106.30068106915607
1500000,55.82335004941673
1550000,108.41402448296049
1600000,132.0963807643122
1650000,102.57634088408236
1700000,108.3630124327638
1750000,143.01166812754974
1800000,105.57289673390707
1850000,139.40320355383437
1900000,127.95518633440224
1950000,138.60179419364223
2000000,155.546429627424
2050000,152.19831329652442
2100000,133.19723617715826
2150000,145.04290146131945
2200000,97.53556273654969
2250000,140.72230578156265
2300000,170.34041470133107
2350000,147.10310642657174
2400000,99.49902781296724
2450000,152.36998269121403
2500000,91.14778027830863
2550000,96.32972299200982
2600000,126.70739971779602
2650000,113.55746984821721
2700000,127.4255635644781
2750000,150.12108252460132
2800000,176.13769384091032
2850000,150.9320793757256
2900000,107.60991944506853
2950000,126.5592768690632
3000000,131.68218829706993
