"objective_1","objective_2","objective_3"
"23.906921550631523","8.600559946615249","31.51780390413478"
"26.12207044661045","6.856915347743779","31.387919560074806"
"25.80476860050112","8.550744847394526","31.467988804914057"