objective_1,objective_2,objective_3
23.650223489536735,0.6952044122522768,20.220035487486122
25.10932934189519,8.464529280259153,3.448736375003405
20.939562756742937,5.269913314571797,5.168741094806816
23.645118309357322,5.258977724456058,14.100206532491342
20.97148072668153,3.8289326010135265,20.272910146794015
21.002158477526002,5.212738267500364,14.15308119179923
21.03631715863205,2.391813675944983,14.141417674517703
