objective_1,objective_2,objective_3
2.045576094707541,-0.15305633445573485,-0.15305633445573485
9.532561123263285,-0.19464480181613739,-0.19464480181613739
15.691913751433306,-0.2820400564754103,3.7317904949426715
16.561718535708668,-0.29703516703721944,6.902228642111541
