objective_1,objective_2,objective_3
18.06210861521707,3.5969967526165774,22.020617175136262
19.421139089893263,-0.33775334730097945,23.02839628852262
20.06852623684612,1.5056638466242018,15.403004501838042
