objective_1,objective_2,objective_3
12.841797435821158,9.824619073788126,15.52343308878499
8.477082554298496,1.5220563676943635,17.257340847847026
