objective_1,objective_2,objective_3
16.241863361975838,-0.29703516703721944,2.9530752887639022
10.647333246208568,-0.17437293079744054,4.883286229506119
10.434938530597746,-0.17437293079744054,4.934373695771812
14.85709022875489,1.6397792353518816,4.807967502045745
