objective_1,objective_2,objective_3
19.323629502612373,1.3422998486674198,7.028916012315979
20.341535400946,4.519454482605558,-0.3727733584226163
19.025280223575304,7.891462167318868,-0.3833216343835846
19.8592767780912,6.658273904327161,1.892929768761234
17.271092129765602,2.115855330294276,6.809086434097504
21.314751573333883,1.9410112284531695,5.621256082056899
