objective_1,objective_2,objective_3
13.285292247115896,10.018663065837398,5.731927450218208
16.492264741749025,11.373278577791952,1.7099104377301815
13.23234308152749,10.040016588898167,1.7371544646941353
