objective_1,objective_2,objective_3
9.206690711082395,-0.17437293079744054,-0.17437293079744054
8.653450649000929,-0.1306411721268049,2.29854243253697
18.17857887041466,-0.3616814695410475,18.708988892399272
14.967181584098029,-0.249691658257815,17.36600459286002
13.204085799509935,-0.23225666622397417,17.38343958489386
