objective_1,objective_2,objective_3
17.728433681844333,0.6103705911292953,10.845452680152192
19.862150990382748,0.6613798291249154,10.415674578215139
14.635408111880274,-0.3112953679786503,46.47871317635531
13.949096630886023,-0.29703516703721944,18.570763278607018
21.19976893877839,2.2621011141837344,4.264098664801441
21.5560322514102,-0.4916814085503438,12.302305563051656
18.20682355993892,0.7719938196889925,7.477918657885396
