objective_1,objective_2
148.53201450045125,43.07773518606011
143.38468328956662,43.297425572391944
