objective_1,objective_2
191.71137680298875,56.5908188624374
