objective_1,objective_2
262.6361699076366,71.45202162936803
260.9371593022036,75.57104713623127
258.393001876388,80.1478018547322
261.46567359733405,74.36225654859358
