objective_1,objective_2
3.173712186320492,-4.459931650090496
4.7413154539976,-4.5138060207613515
7.040692124690153,-5.517635478706987
5.0984277176516635,-5.496748652011996
7.177211192397848,-9.68770639858224
9.008459142830366,-292.33516422993165
11.527200039083546,-293.7716092724344
8.517963082556397,-272.2714646769055
18.053562407833113,-390.58896302190055
