objective_1,objective_2
31.868795619269168,-11.060406094561912
32.459687789611294,-11.18548060179065
32.271297865481934,-11.184254502551553
33.17947623313579,-11.428248251131938
32.90950537896315,-11.308090525700392
32.092198240921924,-11.062870677880905
33.277833551201226,-11.429474350371036
33.61960466283696,-11.55085817504168
31.567408556476003,-10.940260753971163
32.81830484028689,-11.306864426461294
34.03079675540609,-11.672241999712327
33.24912409695844,-11.42824825113194
