global_step,eval/single_objective_return
50000.0,12.031298419129843
100000.0,31.525491804616895
150000.0,-34.09999429540646
200000.0,-60.33736629155667
250000.0,-0.5098124570695006
300000.0,-53.98665447533976
350000.0,-108.77516316896467
400000.0,-89.58463754952005
450000.0,-171.49363101752925
500000.0,-187.26374675312948
550000.0,-135.07376286762099
600000.0,-73.49060483274855
650000.0,-50.066247515798054
700000.0,-91.47908176506459
750000.0,-119.13612231300786
800000.0,-105.22614815243313
850000.0,-2.2561982244900323
900000.0,-60.4101281940347
950000.0,-60.3755911631921
1000000.0,-123.60665972658576
1050000.0,-96.2419134041157
1100000.0,-77.18938347889308
1150000.0,74.21803803507693
1200000.0,-57.73264705723441
1250000.0,-86.92403472742868
1300000.0,-48.573468351245666
1350000.0,-103.26627672170939
1400000.0,-44.854106234000945
1450000.0,-23.472086199532246
1500000.0,-73.26609164686454
1550000.0,-25.474634348815815
1600000.0,-85.08763807644846
1650000.0,-50.382008009184155
1700000.0,-29.793275341548377
1750000.0,45.86903462162713
1800000.0,-17.9401927933677
1850000.0,-71.47824048330031
1900000.0,-155.0569084155832
1950000.0,-107.20493663907314
2000000.0,-229.99911137842076
2050000.0,-186.19917950200582
2100000.0,-172.1864406772015
2150000.0,-146.518541981385
2200000.0,-95.09026623289138
2250000.0,-205.5832719372143
2300000.0,-127.28334440474232
2350000.0,-129.8072033030415
2400000.0,-115.52566407763979
2450000.0,-39.20060526902438
2500000.0,-29.21166752745079
2550000.0,-118.45731304971957
2600000.0,-106.27377695516893
2650000.0,-196.9179091623568
2700000.0,-214.01149950592654
2750000.0,-181.3585666727331
2800000.0,-203.65378507508134
2850000.0,-326.7355328449287
2900000.0,-302.6743889540656
2950000.0,-197.0058207833156
3000000.0,-77.48209692651753
