global_step,eval/single_objective_return
50000.0,-68.61852799926321
100000.0,-50.951111839283314
150000.0,-78.96276051704828
200000.0,-43.46710941365968
250000.0,-128.38739183577485
300000.0,-83.9314056422469
350000.0,-54.4633616405528
400000.0,-16.51053451401529
450000.0,-48.3735310314641
500000.0,-29.324532432050137
550000.0,-18.54591302692525
600000.0,-30.279631119384895
650000.0,-48.22905114463432
700000.0,7.075153352856236
750000.0,-32.55695899858127
800000.0,-60.74681202686635
850000.0,-45.117186951261615
900000.0,0.9992597981962603
950000.0,67.21281947889032
1000000.0,75.02117390830554
1050000.0,-5.543482627363846
1100000.0,-120.83944244207586
1150000.0,-13.94715888990783
1200000.0,-95.63914411322
1250000.0,-27.661193237636713
1300000.0,-8.00544750186171
1350000.0,-79.52977838702546
1400000.0,-104.7608585584881
1450000.0,5.509672757057868
1500000.0,7.246784119823533
1550000.0,-72.04635401796816
1600000.0,-113.48904814743892
1650000.0,-152.79213296133616
1700000.0,-77.88678190598827
1750000.0,-134.83631090916313
1800000.0,-97.54506137090736
1850000.0,-110.5748415854888
1900000.0,-172.41417987173583
1950000.0,-158.65919338205498
2000000.0,-147.370091869898
2050000.0,-37.05922160608189
2100000.0,-98.32647239768836
2150000.0,-70.43511214858225
2200000.0,-36.78991668902785
2250000.0,-80.17707986404443
2300000.0,-90.9129026060397
2350000.0,-84.44302791287853
2400000.0,7.228828739132143
2450000.0,-58.388874094561245
2500000.0,1.679691031358928
2550000.0,-64.23227401757455
2600000.0,-80.26595851830866
2650000.0,-39.74049450772269
2700000.0,-163.4251193111392
2750000.0,-155.80707831543432
2800000.0,-227.3126731852114
2850000.0,-168.03833672507776
2900000.0,-163.53130511852547
2950000.0,-161.99913361877265
3000000.0,-152.25813868005028
