objective_1,objective_2,objective_3
137.93820461497012,192.90940579773732,59.21447662729696
140.50294464004818,141.10360535990372,61.30971872392452
133.4265173185785,68.2968394897956,64.24529508197472
