objective_1,objective_2
178.05427480364492,187.9348113954705
