objective_1,objective_2
-1007.2902698924532,-41.55202756301403
