objective_1,objective_2
202.47044505799417,213.44838077882991
