objective_1,objective_2
-408.80185906361896,11.549422164936807
