objective_1,objective_2
-617.2511489056179,-42.11789666555367
-756.9451318596987,-41.52144588010232
-547.1121642297624,-61.73074020439962
