objective_1,objective_2
3.808992373332268,-336.67512761146634
