objective_1,objective_2
91.33092644777163,-303.3670912278126
-283.4849731078579,-183.0556825320481
-35.749057373749906,-290.1999541018018
-7.174417433924187,-295.47039204113713
