objective_1,objective_2
-14.31518616023341,-433.71237854709295
-839.4824555769161,-357.81491630251793
-483.4351043545586,-375.2296733129452
