objective_1,objective_2
103.27770426237828,64.90322599493005
90.07773822715802,72.80391006328419
83.54194526471898,73.59650074083726
104.53380876835718,62.39632261918348
81.26818223970642,74.89764056096995
102.40435440836463,70.98540837066493
