global_step,eval/single_objective_return
100000.0,1670.2995692982524
200000.0,1686.5113601733556
300000.0,241.79805675801444
400000.0,1148.9022059515787
500000.0,1290.1409278616798
600000.0,1459.9148306051895
700000.0,1380.1372134504043
800000.0,1460.231427342203
900000.0,1433.68416859132
1000000.0,1171.3900702898047
1100000.0,1137.7139448680152
1200000.0,1567.8747205814243
1300000.0,743.4871608459453
1400000.0,1168.8893734645656
1500000.0,1541.463061537877
1600000.0,1492.6091957490949
1700000.0,1450.6443539863762
1800000.0,915.8745310472128
1900000.0,1280.8865681612347
2000000.0,1176.223865258175
2100000.0,1366.2130634468742
2200000.0,1459.5155592537653
2300000.0,1398.251139019437
2400000.0,1419.4419401632308
2500000.0,1411.8529655285206
2600000.0,1447.915002831551
2700000.0,1530.1332176005933
2800000.0,1514.3196579440885
2900000.0,1521.316381786885
3000000.0,1472.5203628389322
