global_step,eval/single_objective_return
100000.0,1230.9871550799694
200000.0,1171.9878408034301
300000.0,1279.132023564836
400000.0,1580.2873840582502
500000.0,1378.4209202530553
600000.0,1316.0872296397897
700000.0,1211.8229174436824
800000.0,1361.4910418811874
900000.0,1193.9575277390572
1000000.0,1398.4678023472588
1100000.0,1485.0629733583357
1200000.0,1404.8668217886504
1300000.0,1452.8222605129163
1400000.0,1520.624747341071
1500000.0,1324.2356528480952
1600000.0,1505.6420729763163
1700000.0,1465.3741902373688
1800000.0,1480.7530929212658
1900000.0,1510.9904819843257
2000000.0,1475.5108607682746
2100000.0,1548.8867792813016
2200000.0,1339.4467726910764
2300000.0,1444.999815895172
2400000.0,1365.3780406965238
2500000.0,1413.5038186496738
2600000.0,1249.8503560748863
2700000.0,1484.8129761554642
2800000.0,1558.696014002408
2900000.0,1439.00974189465
3000000.0,1368.1590968157113
