objective_1,objective_2,objective_3
5.42123538206064,-0.1306411721268049,-0.1306411721268049
