objective_1,objective_2,objective_3
4.266234063825605,-0.5841371437403875,-0.5841371437403875
