objective_1,objective_2,objective_3
7.168323435609362,-0.17437293079744054,-0.17437293079744054
