objective_1,objective_2,objective_3
13.14393953489693,0.10403047180993219,9.772695556330403
10.208072492921543,0.6003996367846041,3.519604585640572
11.817507879678322,0.45956652337032117,21.59117818751542
11.300736258245285,0.5277666446323542,3.653445353964894
13.560933619571841,0.41800320040923405,9.489051031458905
13.679332201372633,-0.18177956159971473,8.585230516000316
