objective_1,objective_2,objective_3
12.266564380511374,3.3910290984772917,1.2308628996466264
12.7273677140438,2.2330721924087564,2.99011377717707
