objective_1,objective_2,objective_3
5.190915485152661,-0.1306411721268049,-0.1306411721268049
