objective_1,objective_2,objective_3
18.360675583495595,2.641995065994554,22.43253182100959
19.644786820732275,4.7111932081320935,15.587570808799775
18.554605352909693,4.809789755204879,16.941908811855953
19.67082346938873,2.5554658700568673,10.199931542017756
17.591069690366798,6.032038195214375,7.12606953921987
