objective_1,objective_2,objective_3
16.646528358279344,2.1926918437435794,3.434608984542077
16.02952119410714,2.08515295472358,25.32781369449404
17.063978785845748,2.1284879423301244,3.4712492683857095
16.132605748961772,3.327109207472804,15.680782133861547
