objective_1,objective_2,objective_3
7.164651711939891,-0.15305633445573485,4.803955234666719
15.182641424983554,1.3610152798917337,-0.29703516703721944
12.684134541848778,1.3760103904535428,-0.2820400564754103
9.453542492694107,-0.21392314944777427,8.71678066557858
12.943396706058309,1.3267646191461444,4.527743480758864
9.486273924103319,-0.19464480181613739,4.762366767306317
11.670656408481054,-0.33775334730097945,8.202874141780342
