objective_1,objective_2,objective_3
19.1306517075228,4.966747905069953,6.525970773995826
22.855657340566317,11.924756058729665,-0.4641685806911194
17.206168464240463,5.031593100607988,4.339541424541434
21.550764056417837,6.027743195511817,1.1962583010304133
21.511479646988505,4.660482050816569,1.4585616556411998
19.982162428629213,6.678597059364955,-0.3727733584226163
21.50926492850699,1.8440335899734974,2.086353597035679
