objective_1,objective_2,objective_3
12.455620406083048,3.697661364480707,13.234853744608525
17.005066738152372,9.370221668761296,11.721366927826852
