objective_1,objective_2,objective_3
63.8736198339284,28.257725326915537,-8.827291987648842
154.80475129229686,83.47730968942948,-18.299130139390307
156.55003346486802,89.11340146386108,-22.421370393391925
157.07933803942973,85.12748641485177,-19.626152792150908
156.2212442521784,83.83261623150814,-19.028008173268905
125.88573649267646,102.32250286692167,-27.71300764416138
138.74138509472084,92.03492299842168,-22.12027047411707
132.7442482147423,91.01094795058553,-21.15998708185978
151.09459960963156,90.25824251343509,-28.34248090049894
