objective_1,objective_2,objective_3
7.6330034475022766,-0.1306411721268049,-0.1306411721268049
10.327771744322668,-0.17437293079744054,-0.17437293079744054
7.703207576699258,-0.15305633445573485,-0.15305633445573485
12.546722815051838,-0.29703516703721944,4.464650534824712
