objective_1,objective_2,objective_3
17.26506541808732,4.248665023938311,6.893520108780988
