global_step,eval/single_objective_return
100000.0,139.13674113158538
200000.0,113.6647662234761
300000.0,127.83734493705701
400000.0,122.27650552719524
500000.0,149.22686081323477
600000.0,157.09485209336597
700000.0,164.71353519789133
800000.0,155.9294681801346
900000.0,164.57563427756358
1000000.0,169.41382050631887
1100000.0,175.51057112933773
1200000.0,157.22059892378948
1300000.0,198.78434696049663
1400000.0,160.38925818217166
1500000.0,164.35426750479374
1600000.0,155.88775017365143
1700000.0,156.48353142229098
1800000.0,159.70777562303854
1900000.0,161.99832004427657
2000000.0,158.0518626541311
2100000.0,162.54974654812685
2200000.0,166.6141441522758
2300000.0,166.54736061842328
2400000.0,169.11367621933977
2500000.0,172.96299670924347
2600000.0,178.13555438393036
2700000.0,179.30831315330164
2800000.0,165.87216153812452
2900000.0,169.6141100025664
3000000.0,162.19696868837784
