objective_1,objective_2
91.33092644777163,-303.3670912278126
66.08284254884965,-291.0458589772272
