objective_1,objective_2
-118.41243769962531,-433.71237854709295
