global_step,eval/single_objective_return
100000.0,-5.1549972627016505
200000.0,-1.7262264518691797
300000.0,-2.5744225376910803
400000.0,-2.3705710315935233
500000.0,-3.2186513195060917
600000.0,-8.3698654359827
700000.0,-1.0258253583470984
800000.0,-4.754362703034785
900000.0,-2.900368824794238
1000000.0,-2.1019108182555444
1100000.0,-3.7766784341597477
1200000.0,-3.6821079051015815
1300000.0,1.9193875866175474
1400000.0,-2.4639995493944284
1500000.0,-3.295519709365285
1600000.0,-2.3418438310421403
1700000.0,3.2122185154012755
1800000.0,-2.2601012091680603
1900000.0,-3.103357970874262
2000000.0,-6.005042712480825
2100000.0,-9.65957998139189
2200000.0,-8.211887637750284
2300000.0,-8.515143129349598
2400000.0,-1.743483202107851
2500000.0,-4.479793301924437
2600000.0,11.44050973854283
2700000.0,-6.938722200308587
2800000.0,-9.894366699741152
2900000.0,-5.438541108723956
3000000.0,-1.7330821574876356
3100000.0,-0.5922136156581674
3200000.0,-6.12366752107163
3300000.0,-4.2013143895530085
3400000.0,-7.596636479102964
3500000.0,-7.123853053129176
3600000.0,-5.051143969122487
3700000.0,-8.726722212635547
3800000.0,-4.606384941006741
3900000.0,-8.771026120571003
4000000.0,-10.870942672636478
4100000.0,-4.0454586978534595
4200000.0,-12.050236756275734
4300000.0,-13.39524669795046
4400000.0,-7.233137899520749
4500000.0,-7.801637776698755
4600000.0,-9.396623136919315
4700000.0,-13.925827523472538
4800000.0,-12.220362750480712
4900000.0,-14.16743051295911
5000000.0,-20.07063463575045
