global_step,eval/single_objective_return
50000.0,2.0495212359302855
100000.0,6.615826232662101
150000.0,9.53291517944514
200000.0,1.0713389305115726
250000.0,-18.239584851100275
300000.0,9.884129677296556
350000.0,231.56495510839164
400000.0,22.75886441643756
450000.0,0.1319076441753282
500000.0,-12.185788745382624
550000.0,8.114390272386629
600000.0,10.106559306251583
650000.0,18.019564288314015
700000.0,-8.900703764688984
750000.0,31.656058503695647
800000.0,168.6212668934274
850000.0,-1.9065507458286106
900000.0,-16.870368844700167
950000.0,8.734473057311845
1000000.0,-24.8330344881156
1050000.0,18.529072176227757
1100000.0,17.91080859275249
1150000.0,-16.165552206154118
1200000.0,175.74233050610687
1250000.0,-29.121152728411147
1300000.0,4.853236693759726
1350000.0,16.46259173926228
1400000.0,-15.958808541687546
1450000.0,23.55917675456159
1500000.0,18.862664751147264
1550000.0,232.98429970190404
1600000.0,22.41765667635343
1650000.0,9.459278789326106
1700000.0,44.222766758156155
1750000.0,-6.082609365089766
1800000.0,21.478382343322195
1850000.0,172.1434381150198
1900000.0,3.5496827045157886
1950000.0,8.621075042771167
2000000.0,33.99587335243589
2050000.0,27.699732388452702
2100000.0,43.05671426306648
2150000.0,38.55531659283875
2200000.0,-91.1664023750157
2250000.0,-10.424082484191104
2300000.0,-59.191899041383394
2350000.0,20.217820787435954
2400000.0,-73.1310909575968
2450000.0,26.45914171145317
2500000.0,-101.79746124962591
2550000.0,-12.865896149024294
2600000.0,-5.581643291585351
2650000.0,-14.591708077825956
2700000.0,15.029877721355291
2750000.0,32.30555332916515
2800000.0,-9.4374329289043
2850000.0,-16.35581206172371
2900000.0,31.400438900264305
2950000.0,-62.207359368155856
3000000.0,3.4684819896258148
