objective_1,objective_2,objective_3
3.5486910180813545,-0.08228577026834823,-0.08228577026834823
4.77558150050125,-0.17437293079744054,-0.17437293079744054
22.604834773734822,8.73637914165067,-0.4119647444347035
13.384825555784818,-0.21392314944777427,-0.21392314944777427
11.745728548705305,-0.3112953679786503,3.8253991472358164
