eum/MOHopperDefault-v5,eum/MOHopperLight-v5,eum/MOHopperHeavy-v5,eum/MOHopperSlippery-v5,eum/MOHopperLowDamping-v5,eum/MOHopperHard-v5,EUGR/MOHopperDefault-v5,EUGR/MOHopperLight-v5,EUGR/MOHopperHeavy-v5,EUGR/MOHopperSlippery-v5,EUGR/MOHopperLowDamping-v5,EUGR/MOHopperHard-v5
61.550897363496986,63.94480413817615,56.942318864650495,59.75460039551896,61.73888893348235,56.74182123807009,0.33584696863750885,0.2703438403810781,0.371332298771448,0.35661455236993445,0.33951363803377427,0.32007139408443513
