objective_1,objective_2
58.09377968599199,-204.67807522866667
44.242274412759514,-149.49129493229321
38.819374524062724,-137.33617762848198
41.5607682701498,-147.02285914813464
49.65913385010297,-159.12016474326308
37.02679016526397,-128.57199010757714
36.50615122022376,-126.17207730990272
45.64486170204592,-153.97589458873557
53.26332486974218,-186.16996436749028
50.04625048452418,-183.96188569546453
39.919682764436786,-137.9715097957755
