objective_1,objective_2
48.021062901022916,-170.67837819460505
63.40452287748559,-225.96795835239018
53.501617142233314,-175.89322286461743
59.70797619197572,-219.07896992935648
63.64655077793358,-248.72744347996144
56.51162381699022,-197.15650547054804
58.012708067716744,-202.25437883763078
56.55120419294459,-198.85970583162342
53.83929860972044,-184.35216352621828
69.72972714336495,-275.14988223446585
59.29582674738657,-214.69670745599132
55.9055739340012,-187.93591180853437
