objective_1,objective_2
48.96581646592979,-155.3734821890614
62.6338108778256,-236.9887923788721
54.22399214208544,-191.96860772692384
52.407712534940195,-180.22347116220814
60.37018169430216,-193.97724053436852
53.29074231069269,-189.43286580566146
44.560101850977944,-150.41549804871983
50.62246175644373,-172.18814045309006
