objective_1,objective_2
147.06157786905638,127.28375067927092
144.22096188739752,127.9104538905784
