objective_1,objective_2
125.59786507308351,92.74782471429464
