objective_1,objective_2
151.75817783697605,136.87197830089457
