objective_1,objective_2
148.43225929708274,130.67695374334386
