global_step,eval/single_objective_return
50000.0,-123.84903204703423
100000.0,-44.11179542114304
150000.0,-60.315493197067255
200000.0,81.34908495973283
250000.0,60.781104948583504
300000.0,2.5749287049537886
350000.0,76.09812448416926
400000.0,184.29024709998922
450000.0,142.7343927514101
500000.0,5.756248812916942
550000.0,50.98821306615048
600000.0,186.77807713583792
650000.0,190.84592028377634
700000.0,252.36581211912645
750000.0,206.6974347848287
800000.0,36.94930459702529
850000.0,212.21550279637773
900000.0,180.4617743624714
950000.0,224.50774665462978
1000000.0,151.585425849841
1050000.0,222.77081360240362
1100000.0,207.26233603261352
1150000.0,239.8431089065867
1200000.0,254.37594172605765
1250000.0,244.9198010958825
1300000.0,210.00203815101818
1350000.0,225.8548046491294
1400000.0,219.96620412777656
1450000.0,225.1540647998554
1500000.0,255.25939604662955
1550000.0,219.53821094644672
1600000.0,215.6551767793453
1650000.0,240.05235055679935
1700000.0,238.65281438246157
1750000.0,255.8235155223218
1800000.0,239.5223057372754
1850000.0,276.05317631138416
1900000.0,261.5879895922458
1950000.0,245.24152796827758
2000000.0,251.87238342258314
2050000.0,226.23415696967945
2100000.0,239.5934417942236
2150000.0,252.51937982067238
2200000.0,238.8070316847664
2250000.0,233.04178088290217
2300000.0,245.93297273382532
2350000.0,241.2853243099409
2400000.0,237.1012026323452
2450000.0,243.13940186549635
2500000.0,229.52358506137938
2550000.0,237.8111351400334
2600000.0,246.53211543386934
2650000.0,230.1457359415212
2700000.0,197.50459709577584
2750000.0,225.46837819812896
2800000.0,198.7364984507397
2850000.0,214.88273555069327
2900000.0,244.70008560268153
2950000.0,241.46114750935635
3000000.0,248.51449660357508
