global_step,eval/single_objective_return
50000.0,-65.60839934577564
100000.0,-7.587245480256715
150000.0,45.62813826982305
200000.0,37.699514975340335
250000.0,102.73792863729025
300000.0,18.722641365862454
350000.0,37.23659429539075
400000.0,77.6385689523737
450000.0,92.9398872066512
500000.0,67.50935016562559
550000.0,26.54334987369083
600000.0,8.703296999073961
650000.0,109.27787460896452
700000.0,224.18291363857884
750000.0,169.47851311838218
800000.0,42.7166510104771
850000.0,217.97508328841323
900000.0,231.3711698796398
950000.0,79.022770671149
1000000.0,226.19224033458153
1050000.0,141.80731127513337
1100000.0,200.75248920700568
1150000.0,229.29556593268472
1200000.0,199.7187567846872
1250000.0,209.55767530650078
1300000.0,195.34672983787223
1350000.0,194.61588203758666
1400000.0,207.93918247103784
1450000.0,176.66532775877894
1500000.0,148.67044895583808
1550000.0,42.913151288918286
1600000.0,184.61726601733344
1650000.0,208.74175848893455
1700000.0,224.35017826321823
1750000.0,115.82697189040952
1800000.0,223.2185524733999
1850000.0,217.17435187595385
1900000.0,182.68234538078792
1950000.0,192.14920857094037
2000000.0,205.57502282672263
2050000.0,241.69267516804513
2100000.0,183.85329971616153
2150000.0,220.52071546053395
2200000.0,156.0709188356837
2250000.0,76.85416231416377
2300000.0,211.41641877968604
2350000.0,229.19686871994577
2400000.0,181.54159366146376
2450000.0,213.68461457699465
2500000.0,209.37809035060263
2550000.0,217.55919556106656
2600000.0,214.47020659275262
2650000.0,239.26974635742243
2700000.0,216.1296585902406
2750000.0,230.5287950324539
2800000.0,226.06682794005482
2850000.0,210.2028041813809
2900000.0,237.36278139075807
2950000.0,223.39593923524848
3000000.0,239.76391659605466
