global_step,eval/single_objective_return
100000.0,53.4592104631957
200000.0,35.87505635683861
300000.0,45.601739435397704
400000.0,38.68949942462371
500000.0,42.909949639125436
600000.0,34.816459964494875
700000.0,48.60416329454359
800000.0,39.932808252391354
900000.0,60.44828312754006
1000000.0,43.05131224043009
1100000.0,48.009158403528644
1200000.0,46.55844654378568
1300000.0,37.916646688572406
1400000.0,35.18823679980675
1500000.0,43.66282422612775
1600000.0,43.613099721213175
1700000.0,1054.6053093519854
1800000.0,1024.880637554651
1900000.0,1037.376345684957
2000000.0,1056.5059995705112
2100000.0,1033.9984618224007
2200000.0,1035.5652326874513
2300000.0,1036.0424314023617
2400000.0,1038.908473053337
2500000.0,1037.8714439684331
2600000.0,1025.8264580732837
2700000.0,1038.2064457845927
2800000.0,1046.2854720971745
2900000.0,1037.9394723735613
3000000.0,1038.5658736853163
