global_step,eval/single_objective_return
100000.0,40.67042254826846
200000.0,44.57896286829217
300000.0,41.25928259556868
400000.0,48.17524183190457
500000.0,39.59196002790042
600000.0,40.05088776398622
700000.0,51.16505787744846
800000.0,40.387903050881306
900000.0,51.36936432092402
1000000.0,41.805816241645715
1100000.0,47.022880795667504
1200000.0,50.2962200529862
1300000.0,69.68623492424754
1400000.0,44.59177805504829
1500000.0,53.25927062840964
1600000.0,36.357939547117155
1700000.0,321.3445373152526
1800000.0,279.3506556980127
1900000.0,299.0249655452585
2000000.0,359.3604894769854
2100000.0,295.86630152426875
2200000.0,436.0880961297982
2300000.0,838.4533045324175
2400000.0,852.9554016745444
2500000.0,884.9822573179374
2600000.0,1010.3229453049819
2700000.0,1010.0572169274234
2800000.0,1010.2066277618558
2900000.0,1010.1143055503155
3000000.0,1010.1748212679216
