objective_1,objective_2
145.43262955033944,50.024212984351934
