objective_1,objective_2
191.35206444947568,52.95067725216326
