objective_1,objective_2
210.52935126571157,76.34120887003652
215.14528609629815,76.19273670615254
218.21387669309797,73.96228763765129
216.28260312439647,75.14245872256168
225.63091572292532,63.47341779666416
227.4058120060543,61.083149468384974
224.93925155857363,66.63806990501209
