objective_1,objective_2
0.9178967534407979,-0.2219588306236895
2.532377823350647,-0.2266679649436648
1.052326697638208,-0.22254833830746515
-0.1614314177217015,-0.008365270069309878
0.4842677404108233,-0.010944149692071596
