objective_1,objective_2,objective_3
65.7977972371049,31.379831659019214,40.15018816951245
67.39922284281194,29.455929992987755,43.750442854510524
63.73768833393494,34.4416125995418,41.00590300176634
68.54621772295278,29.570108040632157,43.456125329365875
65.46836728869576,33.35092998576299,40.79927376913634
69.71729535446653,31.19235589031489,43.19543575223547
49.228007499454684,32.372631384359664,44.60354960603355
52.62616166848416,33.709050768071265,42.17442507983837
50.798682039060566,33.325921649281064,44.53282430183809
