objective_1,objective_2
1.667926607624145,-0.24796899206311704
1.7396122300803343,-0.24804096897323025
1.056537864362572,-0.24744053487379683
2.0710012499372024,-0.24856837114953806
1.364561522561401,-0.24767578363888387
-1.6150118926827004,-0.0012659668890070233
-0.46513010974578634,-0.0013129262793460225
