objective_1,objective_2
0.4387242595820836,-0.002764395481769491
