objective_1,objective_2
1.423924600299035,-0.002764395481769491
