objective_1,objective_2
0.8847175303215833,-0.002764395481769491
