objective_1,objective_2
3.3572254101652996,-0.002764395481769491
