objective_1,objective_2
222.61119079589844,220.5411500930786
234.21388816833496,187.73548531532288
