objective_1,objective_2
182.38000011444092,203.5929992198944
200.5286569595337,199.57504677772522
217.54636192321777,161.98206496238708
228.20912265777588,132.03086614608765
237.33114337921143,103.25697684288025
