global_step,eval/single_objective_return
100000.0,-13.078670055250495
200000.0,-10.531029911878601
300000.0,-16.805884484161425
400000.0,-23.628341244620877
500000.0,-16.466227864441954
600000.0,-14.695542490779905
700000.0,-25.951856215897596
800000.0,-19.743682157807665
900000.0,-17.922350942417218
1000000.0,-20.907037501884307
1100000.0,-8.436099815751769
1200000.0,-2.313902152077652
1300000.0,-4.21269529635302
1400000.0,-8.84141680450037
1500000.0,-3.9312112821989436
1600000.0,-5.174220685996042
1700000.0,-7.209687084244228
1800000.0,-11.832183020862953
1900000.0,-7.536157238311492
2000000.0,-9.202068581302774
2100000.0,-6.846096582408316
2200000.0,-10.33174263376189
2300000.0,-9.621921644814638
2400000.0,-9.428447979202991
2500000.0,-13.129151046151128
2600000.0,-9.952953695269173
2700000.0,-17.219712098531524
2800000.0,-9.401157064675528
2900000.0,-13.097851332717264
3000000.0,-8.39382730129279
3100000.0,-14.240605213582208
3200000.0,-13.038743130138148
3300000.0,-9.289420958435603
3400000.0,-7.073690391382769
3500000.0,-6.348784779412088
3600000.0,-11.033133121305898
3700000.0,-21.12469096871234
3800000.0,-16.28600014790672
3900000.0,-11.551891290687285
4000000.0,-7.8017129548763275
4100000.0,-7.3500333588161455
4200000.0,-14.266578100567036
4300000.0,-14.579921005402202
4400000.0,-22.66162908444312
4500000.0,-21.281959418745185
4600000.0,-30.39879720350068
4700000.0,-25.522854137978204
4800000.0,-24.744653335968557
4900000.0,-27.217557959346646
5000000.0,-16.518311417555733
