global_step,eval/single_objective_return
100000.0,-0.7863696699246256
200000.0,-4.402852536708995
300000.0,-3.3541110128173117
400000.0,-10.258514493365878
500000.0,-8.750579791912292
600000.0,-16.239900982010507
700000.0,-12.607950744678966
800000.0,-12.179940461886705
900000.0,-12.11190365620392
1000000.0,-10.809704668819126
1100000.0,-10.655524181779734
1200000.0,-13.41193831984361
1300000.0,-8.43550305931176
1400000.0,-8.994756753990291
1500000.0,-3.2667778270758534
1600000.0,-5.5916149786252545
1700000.0,-8.71351198517573
1800000.0,-4.217975656003065
1900000.0,-4.764611355633046
2000000.0,-7.951491910950469
2100000.0,-6.490263216711767
2200000.0,-15.020141059652582
2300000.0,-8.271736424027257
2400000.0,-13.406099010586175
2500000.0,-11.16759843374851
2600000.0,-11.984486539471002
2700000.0,-9.459823744277031
2800000.0,-8.898157190579044
2900000.0,-8.33275937035541
3000000.0,-12.215600869614665
3100000.0,-4.463743180892635
3200000.0,-6.297904242925019
3300000.0,-1.5978790924042245
3400000.0,-5.724538340636651
3500000.0,-8.20555072720327
3600000.0,-7.4187490761785515
3700000.0,-12.196694017613579
3800000.0,-15.566074314465869
3900000.0,-25.863964878263857
4000000.0,-28.218269582210684
4100000.0,-21.10042311019412
4200000.0,-15.204564221608436
4300000.0,-17.36972698201107
4400000.0,-20.86752499910918
4500000.0,-13.745114664866126
4600000.0,-12.343111454230783
4700000.0,-8.498770029760244
4800000.0,-17.029567137679063
4900000.0,-10.648133599070958
5000000.0,-3.2300660024415118
