objective_1,objective_2
187.39089965820312,240.20966625213623
188.9537868499756,238.704496383667
209.03314971923828,218.56434226036072
239.3252944946289,187.23228549957275
254.369234085083,162.91748690605164
265.6644287109375,123.38202238082886
