objective_1,objective_2
0.37550917657452143,-9.652122502763882
0.6098490963351149,-12.111829879307138
