objective_1,objective_2
4.289398836568492,-530.6545464870312
13.976703367869256,-558.8176103148976
1.973637837825967,-448.96438820055437
2.4368777757438083,-503.30334241824306
2.8514738945287545,-523.7505439174591
