objective_1,objective_2
1.0057896169264573,-7.158546657375017
0.6340971508106285,-6.392805708571187
1.2365536521415998,-10.269757653175647
3.16942860206412,-11.00209825253351
