global_step,eval/discounted_eum
100000.0,64.20888837604865
200000.0,73.26951210109371
300000.0,57.26618962670335
400000.0,85.70983011127878
500000.0,68.11217694054515
600000.0,85.89816554835139
700000.0,86.067913929714
800000.0,62.62925021631339
900000.0,66.51295808221008
1000000.0,76.53273599735394
1100000.0,86.1725362450041
1200000.0,60.18876390185223
