global_step,eval/single_objective_return
50000,249.953747543989
100000,239.69814787221813
150000,248.3568705248245
200000,231.7759679902924
250000,237.91797170424164
300000,218.48155906739692
350000,137.36436101631398
400000,198.7968245154306
450000,188.58395263729318
500000,30.76192516775464
550000,-51.220471689240455
600000,247.2534596639387
650000,263.61379707045126
700000,-53.34959962382453
750000,-37.36661289052816
800000,188.32591665378266
850000,-118.71477438068331
900000,-90.5767691004009
950000,-37.25108260094645
1000000,-109.89097154901671
1050000,143.65763919025852
1100000,72.38810050965576
1150000,-102.97375954059723
1200000,164.11347008479163
1250000,161.89536450176269
1300000,-93.51309798589513
1350000,-166.27939622839148
1400000,-172.77231062706596
1450000,-53.37131735241813
1500000,-77.56403861360246
1550000,-128.69417680134592
1600000,-181.2927078444941
1650000,-151.63084584257257
1700000,-53.74260750749818
1750000,-16.55583458543353
1800000,-117.52403990069176
1850000,-69.55109968595073
1900000,-78.87207375667612
1950000,-95.90226386720275
2000000,-149.11187478403136
2050000,-233.26441691665607
2100000,-59.840560055642285
2150000,-80.7542449126028
2200000,-56.18976425098529
2250000,-195.61412057014968
2300000,-60.78409527949535
2350000,-158.25502910632483
2400000,-134.11582390161334
2450000,-132.68635724773378
2500000,-74.03161183507027
2550000,-173.2059820945867
2600000,-127.91061826355653
2650000,-132.99479360335107
2700000,-164.83223072634797
2750000,124.17269043625441
2800000,-113.47758234914018
2850000,-48.35166625989839
2900000,-143.55511510012911
2950000,-104.62306904992515
3000000,-71.54071866049158
