objective_1,objective_2
-0.8251380258009805,-10.334977380058628
1.6262083682874728,-10.430808039414286
4.177161067909726,-10.726512592489918
1.069263410207563,-10.41107561633028
4.140376789906166,-10.637816939089946
1.069877435687192,-10.427326736178193
-0.5241333018114633,-10.388420871633123
3.555991414978407,-10.56427041280036
189.9804733269501,-379.57177762516693
151.24186571409732,-276.8547586279077
