"objective_1","objective_2","objective_3"
"26.592105166520923","14.598969425074756","2.263649450149387"
"30.70042108744383","26.409281561616808","-0.5403381395153701"
"30.653714974643663","26.67061138758436","0.2941793107893318"
"14.895938292145729","-0.24969165958464146","7.234124569222331"
"24.154410583898425","15.422197924926877","3.8489908734336495"