objective_1,objective_2,objective_3
14.823735258860635,3.382662919375628,14.397164943611182
