objective_1,objective_2,objective_3
4.555948313047036,-0.15305633445573485,-0.15305633445573485
9.899336670601604,-0.33775334730097945,-0.33775334730097945
