objective_1,objective_2,objective_3
12.243825596659873,3.1171589805122424,1.6043040224715164
