objective_1,objective_2,objective_3
13.585559213044952,1.5836600774151988,3.8046824938771757
