objective_1,objective_2
2.0854760360286435,-4.361980963829393
6.1726834190009985,-4.420610174874498
35.67122756796862,-55.312339763697814
33.373319144281815,-54.951209136552336
28.03137490908325,-53.10290493545995
24.986227727894047,-52.009572295806706
39.91549028400053,-63.53305513454329
42.75559541209819,-82.85218683029589
