global_step,eval/single_objective_return
100000.0,-566.1392540761077
200000.0,-551.8984842011611
300000.0,-561.8309338229477
400000.0,-556.8276110612837
500000.0,-560.6532473469817
600000.0,-558.5918259260354
700000.0,-17.418182757052442
800000.0,-17.680403110408182
900000.0,-17.045037391170656
1000000.0,-10.5833652308096
1100000.0,-12.984392962257033
1200000.0,-32.594541507111884
1300000.0,-33.494089189057526
1400000.0,-33.7702784997412
1500000.0,-32.24482943330075
1600000.0,-33.59502661135789
1700000.0,-32.79222555551009
1800000.0,-33.132078273766204
1900000.0,-33.04202000086945
2000000.0,-33.26308346842252
2100000.0,-33.98131542613941
2200000.0,-33.58086554960915
2300000.0,-32.47204091678655
2400000.0,-32.28214415192301
2500000.0,-37.60567491166828
2600000.0,-38.42701947559342
2700000.0,-39.35788787677603
2800000.0,-39.91036250866976
2900000.0,-39.31474981450866
3000000.0,-40.61525281541479
3100000.0,-39.5638200084908
3200000.0,-41.61805634435768
3300000.0,-39.007151040421896
3400000.0,-39.41572963528286
3500000.0,-39.946345382142525
3600000.0,-41.182209378242625
3700000.0,-40.08180167382577
3800000.0,-39.8477391943049
3900000.0,-39.89676769790957
4000000.0,-38.5687465687831
4100000.0,-39.65705015225594
4200000.0,-37.52264434860793
4300000.0,-40.07835782830794
4400000.0,-40.63477182443316
4500000.0,-39.92928580767706
4600000.0,-40.211608690036805
4700000.0,-40.47879835773239
4800000.0,-40.20445738778319
4900000.0,-39.280135745992396
5000000.0,-41.00562753496958
