objective_1,objective_2,objective_3
120.77711903173854,180.66546475317847,63.49656010224791
111.536294333171,186.21528596772353,68.13495024733129
115.8104076951859,169.69721958120846,64.18391276019888
107.10647042061427,189.1767667346528,64.28732795733015
112.56898457774548,171.93523284701942,63.67836173417462
113.1972790765271,170.46235697189647,64.02273102515373
123.0790484052926,106.6365056744985,59.511544931538495
94.63566687399616,61.02683064457397,83.85120481078481
