objective_1,objective_2
3.9763116543269432,-4.584196016823966
1.4529926377255258,-4.280504074353541
5.337938380395094,-6.092660404470072
5.211856406695635,-5.976305000661973
6.73534676423355,-8.453588401745316
5.549706052658396,-6.2884484959118785
19.32158746852457,-35.67337347447134
5.66926977175158,-7.5246176545026
21.130315591456604,-38.37988841622276
25.188452277948343,-193.1729516541927
28.65017042535098,-287.2696086978058
