global_step,eval/single_objective_return
100000.0,1018.9963527509251
200000.0,1044.602511745083
300000.0,1441.8564050296065
400000.0,1033.2610292060208
500000.0,986.8902988836769
600000.0,1041.405868079394
700000.0,1006.7030882945294
800000.0,517.3748211606007
900000.0,1085.310568997375
1000000.0,1356.6211814682633
1100000.0,276.7781191003064
1200000.0,1008.0867604203079
1300000.0,548.5452380367439
1400000.0,341.93172163280667
1500000.0,314.4569427738833
1600000.0,462.4046589939924
1700000.0,875.4029746872117
1800000.0,502.7009414635507
1900000.0,1028.7143342782572
2000000.0,566.4313208676824
2100000.0,416.37847964442665
2200000.0,538.305729431935
2300000.0,292.03880866003726
2400000.0,990.0367883295718
2500000.0,982.1655584534074
2600000.0,1033.7284600162059
2700000.0,1041.5297867156441
2800000.0,730.9800175618602
2900000.0,1020.3273328386471
3000000.0,975.2164484102234
