objective_1,objective_2
-517.1417509028417,28.869691658115514
-441.6318593298711,-19.838956398066543
-78.81094019962532,-433.71237854709295
