objective_1,objective_2
-314.8432445280911,69.66751308713975
-44.334041181866475,-419.22956884495073
