objective_1,objective_2
-666.0100784911074,-81.89619066483763
-860.8560231233766,-72.7155478495819
28.955536896960016,-345.93999076612414
