objective_1,objective_2
220.87114050889812,213.23177359501574
