objective_1,objective_2
203.2219516856993,222.86927202327718
