objective_1,objective_2
-67.38490758813886,163.73112352304395
