objective_1,objective_2
-615.9978839327348,-64.45522711618882
-19.6029900125,-433.71237854709295
