objective_1,objective_2,objective_3
97.27641159860465,61.440744051897454,99.21621337158031
97.45782591587344,61.207396624162186,99.22717418640943
97.36399291663545,61.385100547880405,99.26355996460643
26.932259764405536,84.50476627606648,19.75480116903956
97.28417169074119,61.20328428940195,99.2650842455741
97.45137902898219,61.40931804653518,99.24970487496225
97.51098832394402,61.59790474551075,99.20135655232237
97.18308019524588,61.219668991789185,99.29170302239633
97.20486370427291,61.41502391451722,99.24490412473594
