objective_1,objective_2
3.322187648275875,-16.698015725601245
3.293141020037026,-16.671948382424095
8.200192871987054,-16.938662997599774
4.723013317546671,-16.865920916932396
8.955580335623168,-24.29326038846096
10.421982028849461,-24.380547950008012
14.766928675841868,-35.8974301418584
10.49898621076577,-34.47198100592367
