global_step,eval/single_objective_return
100000.0,646.6751794635868
200000.0,543.837796932676
300000.0,608.0562643419205
400000.0,438.81384016736786
500000.0,618.8994289869503
600000.0,616.0439926634579
700000.0,705.7080283316259
800000.0,517.5248844029422
900000.0,773.4605960783183
1000000.0,999.1929590952637
1100000.0,1036.7417608875592
1200000.0,978.0667634037221
1300000.0,916.5762647587726
1400000.0,675.9269852352489
1500000.0,982.9541767841534
1600000.0,838.3436479308754
1700000.0,924.7067198335241
1800000.0,923.5913906832506
1900000.0,963.2137373983585
2000000.0,1004.53094884903
2100000.0,1087.4722752821617
2200000.0,865.0057522221738
2300000.0,991.5732318020034
2400000.0,940.2401687752068
2500000.0,1003.7083920599777
2600000.0,1026.8640143741425
2700000.0,915.5994973003235
2800000.0,990.5916408809062
2900000.0,974.5175869800262
3000000.0,1111.7946227987495
