objective_1,objective_2,objective_3
8.358449686743208,-0.1306411721268049,-0.1306411721268049
16.25043210930942,1.4968592827290879,-0.2820400564754103
