objective_1,objective_2,objective_3
14.947070100720081,-0.249691658257815,5.514729143230618
5.958859978336216,-0.08228577026834823,-0.08228577026834823
9.105243228676942,-0.15305633445573485,-0.15305633445573485
10.432035147213275,-0.5167532559484997,17.586179595961124
10.648158958037918,-0.2662721622020834,5.98076543801109
15.502371379640664,-0.2820400564754103,7.1571791606566135
4.373208650878587,-0.44401965094804074,10.088494917034684
12.135051663576933,-0.19464480181613739,1.9156982831825702
