objective_1,objective_2,objective_3
10.376334765411059,-0.2662721622020834,-0.2662721622020834
9.334353838628376,-0.19464480181613739,-0.19464480181613739
8.358449686743208,-0.1306411721268049,-0.1306411721268049
