objective_1,objective_2,objective_3
6.35926286870438,-0.5167532559484997,0.8119574674846659
7.696613492601781,-0.4814978360537345,0.6731904006267198
