objective_1,objective_2,objective_3
10.453372112139865,-0.5470080986338279,3.2875803787372697
