objective_1,objective_2,objective_3
5.077291526735327,0.7564958940724205,1.8206376878666148
7.465567866308416,1.3942939684060434,-0.47600914062714456
7.101911258625737,1.9199229951934327,0.35093635297837467
