objective_1,objective_2,objective_3
8.945909343512954,-0.2820400564754103,11.132292073295503
4.968085326356287,0.0022536473934353747,-0.5576784292615906
