objective_1,objective_2,objective_3
8.036829979525653,1.0723705342756362,-0.3112953679786503
9.404758525803228,-0.15305633445573485,-0.15305633445573485
