objective_1,objective_2,objective_3
4.194163627932847,-0.4028926115674108,7.068122825606877
6.257782794819668,-0.08228577026834823,-0.08228577026834823
