global_step,eval/single_objective_return
50000,-77.06332800024364
100000,10.919492286642495
150000,-26.849627421756963
200000,-35.46100029269306
250000,14.159224624116518
300000,3.1711225730246895
350000,-13.091380342489046
400000,25.323838824041275
450000,-6.713788315406958
500000,48.25017868455066
550000,0.5089786487954768
600000,-19.379360476584864
650000,29.678274387593262
700000,28.499537998577352
750000,27.30613903070781
800000,-7.729747376960972
850000,171.66202886166164
900000,31.098950547586128
950000,101.12258675135428
1000000,268.54162662997317
1050000,-2.4465641751582297
1100000,28.23939177346125
1150000,46.0871742717857
1200000,66.12119417222806
1250000,23.616398605046
1300000,-6.224174034613924
1350000,39.439818948079136
1400000,41.822210590313034
1450000,40.60063048652543
1500000,-14.890527904299063
1550000,45.369357125523294
1600000,206.86058641275008
1650000,12.349026182893766
1700000,99.90123586350555
1750000,180.20241044472127
1800000,173.6484758789897
1850000,37.395395546861465
1900000,137.4294870824882
1950000,137.89988743059718
2000000,164.34418187332028
2050000,97.36902174344466
2100000,114.10956244401548
2150000,172.19504065073374
2200000,69.80737196703913
2250000,131.46776535447202
2300000,-0.889253584310211
2350000,109.15892581403301
2400000,132.28232984327852
2450000,10.286792021715073
2500000,201.75743640919472
2550000,89.8571968556536
2600000,188.27213700868438
2650000,113.93251378438374
2700000,102.7039689176112
2750000,155.1611234608445
2800000,97.65854347916827
2850000,-18.66364165979408
2900000,48.13658382916449
2950000,88.27173598303482
3000000,123.1109554421311
