global_step,eval/single_objective_return
50000,-9.59140738098634
100000,-12.49591866265601
150000,-32.927985055326005
200000,-28.49391820232873
250000,5.015444868780236
300000,-47.85528614358604
350000,4.66081521112271
400000,-44.3020289750653
450000,-19.541053318082632
500000,86.87111667654186
550000,19.33174004270039
600000,32.984123193794176
650000,74.91593901404053
700000,-18.220215101946167
750000,13.976487679560847
800000,68.63669543991199
850000,23.267225060190157
900000,23.63083630631128
950000,29.486042869084855
1000000,71.03238510218056
1050000,72.67794098881056
1100000,114.10883195313107
1150000,10.558991693840326
1200000,156.90444652788767
1250000,6.548252748906293
1300000,241.63296371841145
1350000,59.01687228699376
1400000,84.00347217871193
1450000,29.83680420713503
1500000,106.33272830169106
1550000,50.42207620231602
1600000,64.15258125537825
1650000,22.526588669564106
1700000,211.78227698429254
1750000,111.28088857285616
1800000,30.495785219975502
1850000,205.4647289987491
1900000,40.27017992507001
1950000,-25.89087317203193
2000000,80.9226553588602
2050000,177.00163776948682
2100000,171.50867178531524
2150000,96.84962320743905
2200000,24.61534392566358
2250000,29.236637666635332
2300000,109.86040855598539
2350000,124.14868909335915
2400000,75.79332570150582
2450000,78.9707114863139
2500000,22.03891843317504
2550000,64.0336251377564
2600000,148.07308965910647
2650000,150.68098972033175
2700000,141.5209952574603
2750000,179.40733050624976
2800000,248.07075552238888
2850000,162.68725637132607
2900000,135.49311213933632
2950000,210.01121651901792
3000000,170.67878461936692
