objective_1,objective_2
127.0024127609591,48.83148187468002
112.84185678463848,50.68379291504409
107.5566424532396,59.617113674395014
103.28898115909523,61.60734605849604
105.3675105740402,60.376939688942514
86.1379001291999,63.602471837557125
81.25735130711692,65.51163180088592
81.7248454216007,64.01787921597742
112.83090110408365,58.21878240682381
98.4564015073387,63.20268958797369
