objective_1,objective_2,objective_3
16.949550547937882,8.011840535452281,1.7643829769651944
7.8420723356088144,4.8174142928181265,8.817131380815113
