objective_1,objective_2,objective_3
8.219841926465039,-0.1306411721268049,-0.1306411721268049
7.576613137420519,-0.1306411721268049,4.9781054544424475
10.954618696220953,-0.17437293079744054,-0.17437293079744054
10.91584513803758,-0.17437293079744054,4.934373695771812
5.04385268961645,-0.08228577026834823,-0.08228577026834823
