objective_1,objective_2,objective_3
10.518970618905172,0.25579977440265184,3.1733539450335675
11.901809510119962,1.8926593969359777,2.1286653409729848
11.138280343519634,-0.3882330387294967,2.458298119186824
9.706257913540025,-0.38859226283823445,10.181232174030336
12.728343863425183,4.041093329108758,-0.5822253883437748
13.275064352776292,2.220643892486229,0.05222972102754761
10.945444516510772,-0.5325828921426021,3.9806031605835197
