objective_1,objective_2,objective_3
12.352659140414852,0.6547118696612773,11.24597345602217
12.442400298000784,1.8228595623501913,5.042790440005129
14.379461478756747,-0.4641685806911194,3.9183806367257232
11.984272362231428,2.109674957104033,30.239349413374416
13.493277528740707,0.5328929986427906,2.3730654969158027
