objective_1,objective_2,objective_3
11.171581020997955,2.3149064307040055,2.2152604552160007
6.9821265890655,-0.5841371437403875,10.736652164314094
6.113027978301427,-0.536793634960983,27.36449998796505
7.5859940913765085,-0.5841371437403875,6.007261175877269
