objective_1,objective_2,objective_3
11.86758255327623,-0.5841371437403875,-0.5841371437403875
11.812090501579567,2.8686127987957577,8.487995718482827
7.073959050666364,-0.19464480181613739,12.899161357716505
