objective_1,objective_2,objective_3
11.082286710896057,-0.4028926115674108,132.56184565774254
5.183790853341212,-0.3727733584226163,10.558756649087377
8.468636820099498,-0.21392314944777427,4.197883894878403
5.599978903512187,-0.10707082842942658,-0.10707082842942658
4.224533770181105,-0.3933529398660648,10.71130286024531
8.726925775114378,-0.23225666622397417,1.7949304998365267
9.437262513667159,-0.21392314944777427,-0.21392314944777427
8.920395258166867,-0.15305633445573485,-0.15305633445573485
4.972984753789702,-0.3727733584226163,10.583048485134015
