objective_1,objective_2,objective_3
15.651685255020762,2.526170969715869,4.321518652384624
14.821341534534767,1.7136924472537165,17.36653344502263
