objective_1,objective_2
201.68316556843374,-350.8344655166472
188.9157764386454,-341.06525624279533
202.8669675041359,-352.00761499058194
167.18027112400338,-334.1633874852596
205.7253306748046,-352.5809924461877
118.19669568226762,-334.0209786711343
199.13446091514052,-348.38514107877074
