objective_1,objective_2
38.90733643522161,-336.01443644276634
238.23718614475018,-367.7002054680162
259.66640632175574,-375.3685107784846
198.40637474582763,-365.46069032062394
78.93603631012448,-347.5643075280957
6.681959575453974,-328.28094772750325
189.4775383577003,-355.5458417969
7.146976236713071,-334.63192829137506
281.23978654602206,-379.85273234329924
