global_step,eval/single_objective_return
50000.0,21.539511440778938
100000.0,243.25178732579877
150000.0,-45.798949056042886
200000.0,-9.848188994183303
250000.0,21.93127660840706
300000.0,29.810893186038243
350000.0,39.829038277717416
400000.0,-7.217607185696764
450000.0,35.92171410581307
500000.0,-6.577437241119895
550000.0,43.78683164000381
600000.0,19.27430370788234
650000.0,37.584293123310374
700000.0,50.617681367887116
750000.0,-5.032566789544163
800000.0,163.7481086955825
850000.0,24.107575296898347
900000.0,-65.4473570525718
950000.0,33.86765530434576
1000000.0,8.737490459928935
1050000.0,29.56772737376096
1100000.0,31.510616875009077
1150000.0,199.19498948628035
1200000.0,16.849432189903368
1250000.0,152.71508603950207
1300000.0,-3.492818750354445
1350000.0,52.90300327537855
1400000.0,-5.037683621462776
1450000.0,7.942961637758188
1500000.0,-15.968492901592967
1550000.0,183.2490359708372
1600000.0,-6.100233362166705
1650000.0,43.49697390688405
1700000.0,268.7137385023781
1750000.0,253.67833687384393
1800000.0,21.017353768168732
1850000.0,58.92985372646132
1900000.0,27.942981134888228
1950000.0,74.82316576534481
2000000.0,190.46808692180267
2050000.0,20.80193048184222
2100000.0,34.508001874864874
2150000.0,31.281001802845765
2200000.0,28.875525442955677
2250000.0,197.5864574784287
2300000.0,-6.3627973629216825
2350000.0,-49.828614194501846
2400000.0,-56.33087048182141
2450000.0,-9.38632931347729
2500000.0,-8.059488792837726
2550000.0,272.29011592663045
2600000.0,11.330659983946262
2650000.0,-51.330612609934036
2700000.0,16.01852408465983
2750000.0,26.380236044429637
2800000.0,-18.85939526912486
2850000.0,8.997754345008403
2900000.0,20.06061354985691
2950000.0,-23.525217584019586
3000000.0,154.17635505885767
