global_step,eval/single_objective_return
100000.0,48.89645458583931
200000.0,44.415632022271446
300000.0,49.84516132876911
400000.0,39.23374568496648
500000.0,49.561152146143556
600000.0,36.55919817963719
700000.0,56.18018340031783
800000.0,35.224105150617035
900000.0,53.24320408606114
1000000.0,36.79897653475681
1100000.0,40.495920103316195
1200000.0,46.04445801079579
1300000.0,51.44341509169711
1400000.0,49.002248537505785
1500000.0,44.41611010837153
1600000.0,47.13938277415245
1700000.0,1010.3838357231455
1800000.0,1012.8863080273516
1900000.0,1019.8039532455475
2000000.0,1014.2286459932169
2100000.0,1022.2557521098655
2200000.0,1008.2132407275401
2300000.0,1010.460811676587
2400000.0,1015.2919278621455
2500000.0,1020.6249871081538
2600000.0,1007.4910933009127
2700000.0,1024.1485010562922
2800000.0,1012.9546199036246
2900000.0,1014.6440202115816
3000000.0,1013.040350709437
