objective_1,objective_2
158.52261019220222,139.5496418878169
