objective_1,objective_2
139.6556375582348,123.67849750495603
