objective_1,objective_2
2.214148259639484,-29.381604406229144
1.7216723365641702,-12.331208389192318
0.01355246599029251,-10.884817654937477
0.7823051912364088,-12.009985051306419
