objective_1,objective_2
3.8205580062706157,-78.73633811601339
3.300640075835099,-64.48890910817117
3.2505148734664306,-59.775699228566005
2.913013586857963,-30.89553723792893
1.7089173170292111,-15.68139340197319
2.2864895649238806,-18.340018899136197
3.507856090127481,-67.10965717993051
5.661157544929886,-87.038773194999
4.444983353189143,-82.71250654357345
