objective_1,objective_2
85.19557399616531,-314.8761281508912
90.73097920547602,-320.7674179866699
113.2141193745978,-334.42225222691275
71.23811059539415,-292.9711457345688
75.46177754352126,-305.6364237052448
70.31350278385568,-239.54843866293194
