global_step,eval/single_objective_return
100000.0,248.04687006147918
200000.0,198.45771675518557
300000.0,235.57489753925623
400000.0,260.62942740104836
500000.0,254.05928643709524
600000.0,265.5424987958997
700000.0,262.45704000720696
800000.0,346.79585260803384
900000.0,411.7550427328258
1000000.0,248.91677762676147
1100000.0,398.5877315306468
1200000.0,371.4169894859296
1300000.0,393.2609786396608
1400000.0,187.36634046982053
1500000.0,437.76481036834195
1600000.0,486.2449577268713
1700000.0,420.74685481078075
1800000.0,418.4771873533585
1900000.0,395.72189669990394
2000000.0,492.8593463093057
2100000.0,428.7038987942769
2200000.0,346.7700110113268
2300000.0,604.7505851544313
2400000.0,492.5741739189349
2500000.0,502.30859094015045
2600000.0,520.3908216209978
2700000.0,455.2293147184656
2800000.0,451.3625333607114
2900000.0,440.9060926677221
3000000.0,451.3872266915368
