global_step,eval/single_objective_return
100000.0,250.7668682859769
200000.0,251.86362809955142
300000.0,226.16287452656073
400000.0,245.03992231124278
500000.0,265.6176769499248
600000.0,274.6593425360899
700000.0,270.40876104171906
800000.0,270.76867675526626
900000.0,305.80478679456064
1000000.0,520.9441016099338
1100000.0,271.4927018661664
1200000.0,290.1010884242113
1300000.0,458.9570958405856
1400000.0,337.9479691859383
1500000.0,368.5153222965145
1600000.0,343.7799249815745
1700000.0,350.04527569950756
1800000.0,355.25927365993897
1900000.0,385.62221644238826
2000000.0,387.91330694066653
2100000.0,1066.0267099240195
2200000.0,408.37325544488994
2300000.0,1024.6290789803763
2400000.0,1210.912663507471
2500000.0,345.92999640825417
2600000.0,1005.8088463682516
2700000.0,438.42761608279466
2800000.0,1072.684586309229
2900000.0,1096.8846037965777
3000000.0,341.0685659275243
