global_step,eval/single_objective_return
100000.0,236.09086844711246
200000.0,223.2154745099006
300000.0,201.87292749818238
400000.0,231.3798496786251
500000.0,230.51743203353305
600000.0,231.29952607317503
700000.0,317.7049528185571
800000.0,249.45660501743816
900000.0,223.1034567900108
1000000.0,232.05669644929233
1100000.0,425.61172134452954
1200000.0,407.80636593990226
1300000.0,402.72758584447666
1400000.0,442.26006526330565
1500000.0,1016.4253307441268
1600000.0,479.6642221468173
1700000.0,389.72831500336684
1800000.0,340.8187818524625
1900000.0,1012.3934283177404
2000000.0,1021.9696906898738
2100000.0,825.4229661872932
2200000.0,1208.9567755640667
2300000.0,1006.4487158187142
2400000.0,591.6060339695284
2500000.0,1057.0825432844451
2600000.0,642.3132466951471
2700000.0,1206.4477300796548
2800000.0,508.6116857310444
2900000.0,1046.1465551828292
3000000.0,1218.2613271959092
