objective_1,objective_2
116.38710920263243,55.51301367390507
113.74840673963153,58.35179561161337
112.06848656337813,61.80104954084735
114.62422380953963,58.30108706435113
76.14954069793484,62.29369640065803
