objective_1,objective_2
127.40238117646156,54.37420761932051
126.28367874300787,71.66943285291991
