objective_1,objective_2
108.02046453265834,66.34525411798431
114.55360251560474,64.99956626976727
106.16752345350483,69.38454753916602
120.36834297354078,25.166184161765894
