objective_1,objective_2
108.03349603973598,62.06504219733314
93.26954250942995,66.33348716146074
90.81174481568264,67.8487481430345
102.50099696113512,65.07587669574583
91.1649725096686,67.14023652258534
96.83038492878771,66.1565177484098
110.48377118941501,60.072506267638026
