objective_1,objective_2
75.89260192882041,54.76623389426588
73.59703558114309,55.09315930372886
70.94561480402632,55.18104420865468
69.25739428798329,55.722157891795234
65.02191445919155,56.935379377491124
