objective_1,objective_2,objective_3
225.28755842652018,131.6612492919495,-17.478388060959233
208.06956281063253,119.35997737706863,-17.22155829329755
228.62343177596253,156.1718322219448,-17.84648809516374
217.59709549655244,101.3549946578954,-16.897581473361544
230.206561974128,134.86745852861543,-21.271866581787016
