objective_1,objective_2,objective_3
104.84394704922856,38.81005393966345,11.203116115884361
105.35831934909007,39.55091751662893,8.35220520614945
104.90740473746446,40.17209265435853,10.05593959952208
104.67173477083566,39.63491641813729,10.337610985464478
105.31468756190968,39.06277494524193,8.939075332405519
105.17785695377056,39.477513325263416,11.183795116482186
105.37000541527111,38.99116920646675,8.298042575538492
104.96998008545748,39.53496869603389,9.033968766366865
