objective_1,objective_2,objective_3
15.795847849819156,-0.29703516703721944,-0.29703516703721944
11.248520008736346,-0.17437293079744054,-0.17437293079744054
8.358449686743208,-0.1306411721268049,-0.1306411721268049
