objective_1,objective_2,objective_3
7.47478128729615,-0.3248566771835257,1.8283349206112984
7.143455474347823,-0.29703516703721944,1.8561564307576046
10.200902541190116,-0.4577868097368925,23.49194281274442
5.958859978336216,-0.08228577026834823,-0.08228577026834823
