objective_1,objective_2,objective_3
19.160034259744133,-0.3248566771835257,-0.3248566771835257
15.003728410268252,1.5471763611406681,-0.249691658257815
10.445682003351395,-0.17437293079744054,4.883286229506119
14.384392416494384,-0.23225666622397417,4.825402494079586
14.342685302975779,1.6208845264157847,4.807967502045745
15.386939975897088,1.5292076809466832,4.807967502045745
