objective_1,objective_2,objective_3
12.797154372833159,-0.33775334730097945,37.09860184592857
8.959772997454268,-0.15305633445573485,-0.15305633445573485
14.878962466183957,-0.249691658257815,-0.249691658257815
12.10569729802073,-0.19464480181613739,-0.19464480181613739
