objective_1,objective_2,objective_3
20.781990406715416,12.406208105474162,5.636362545703323
23.7135703018364,5.033273212049402,0.5911658355774169
21.933138223215746,9.209797421770533,13.814392513650622
