global_step,eval/single_objective_return
50000.0,18.295227056664025
100000.0,8.131787180240702
150000.0,-51.41598296410316
200000.0,-107.70324569787704
250000.0,-199.1130265868921
300000.0,-125.41258647740078
350000.0,-50.7281501707688
400000.0,164.65716309876802
450000.0,-98.74249161012617
500000.0,-51.51554768717604
550000.0,-146.06927390549086
600000.0,-188.89488526440192
650000.0,-99.6236999571303
700000.0,-50.21037278390663
750000.0,-96.66743959706068
800000.0,22.796722455339072
850000.0,-116.008900811146
900000.0,-322.3198837005677
950000.0,-125.61083757829499
1000000.0,-155.47850806602042
1050000.0,-33.680417680126745
1100000.0,62.284323127695686
1150000.0,-44.63719122918197
1200000.0,-136.49643383033464
1250000.0,-178.5182553631105
1300000.0,-133.1208478729729
1350000.0,-64.38535239798603
1400000.0,-344.40641739322814
1450000.0,-482.44812186077206
1500000.0,-363.3833878919507
1550000.0,-261.6438853714642
1600000.0,-121.92667377943869
1650000.0,-83.9417459319847
1700000.0,-191.81373161971038
1750000.0,-362.89053963243066
1800000.0,-117.91339938364453
1850000.0,-157.11608738350472
1900000.0,-160.31082912335143
1950000.0,-113.68905834498142
2000000.0,-51.19523896756557
2050000.0,-150.01540850294194
2100000.0,-215.4954231906675
2150000.0,-81.35253683004308
2200000.0,-141.99901885900655
2250000.0,-197.88734810364008
2300000.0,-208.84067775496374
2350000.0,-174.15046268990346
2400000.0,-246.86942532247855
2450000.0,-178.59424088237319
2500000.0,-179.2223607017046
2550000.0,-385.28754397887957
2600000.0,-761.3903982028118
2650000.0,-416.0027792761446
2700000.0,-368.8766149731663
2750000.0,-438.7550607992069
2800000.0,-220.7070818395901
2850000.0,-309.51621645370443
2900000.0,-312.86861095071316
2950000.0,-244.84999267537222
3000000.0,-229.147502930678
