global_step,eval/single_objective_return
50000.0,241.89322819760105
100000.0,54.65831648589426
150000.0,28.134939660052964
200000.0,20.849110131829704
250000.0,-30.068377365624954
300000.0,5.6463720459589695
350000.0,-56.525136588706346
400000.0,19.903994158654683
450000.0,39.26157221219586
500000.0,4.467167170389658
550000.0,49.701053393206536
600000.0,-1.0772699492396924
650000.0,15.30996621998598
700000.0,10.281913058215594
750000.0,-54.55615555270508
800000.0,23.105474405704967
850000.0,10.679311998963612
900000.0,-3.4531038975560904
950000.0,42.46359899597198
1000000.0,-41.08987064530615
1050000.0,10.64088432318502
1100000.0,12.284547891226566
1150000.0,13.377557041157928
1200000.0,-2.6296862671737813
1250000.0,36.783532362542246
1300000.0,13.825551009699211
1350000.0,-64.39898205255928
1400000.0,-5.588758355903352
1450000.0,-22.19330909967654
1500000.0,-59.688337533911906
1550000.0,31.039484553222707
1600000.0,-3.663224484849664
1650000.0,6.984876636387511
1700000.0,-19.17298995471357
1750000.0,24.864766274902024
1800000.0,-1.4752374709794367
1850000.0,-39.66864343514416
1900000.0,-22.855146739917046
1950000.0,-5.988152307496463
2000000.0,-8.06020017396942
2050000.0,42.825019552936936
2100000.0,80.25043345778502
2150000.0,-24.455123094764787
2200000.0,8.848478487606485
2250000.0,-55.29722887723271
2300000.0,-53.735794001040766
2350000.0,-42.0360549748016
2400000.0,-36.16317395888021
2450000.0,13.755364372783319
2500000.0,-6.274161780167006
2550000.0,19.76475017852023
2600000.0,38.98075785017977
2650000.0,34.79523559313168
2700000.0,-3.9788243666913417
2750000.0,-18.21075961134443
2800000.0,-25.940612770997006
2850000.0,-44.505645522255634
2900000.0,26.733344199478722
2950000.0,10.757908275041473
3000000.0,-9.316944834702255
