objective_1,objective_2,objective_3
16.137684952779722,1.162657572478917,26.24479109660522
