objective_1,objective_2,objective_3
8.077803723188646,-0.1306411721268049,4.8764413965737194
15.022747546036557,1.6588647999337978,-0.249691658257815
18.98704719706087,1.249726199972269,4.646442902009508
19.563218925992782,1.2361648907673937,4.632881592804633
