objective_1,objective_2,objective_3
14.643523654468575,1.0985712086361799,12.790961694097438
12.826451201958045,-0.5841371437403875,29.032910379114593
16.501414290697454,-0.47023758136932997,6.277001445479743
20.415183063741903,-0.4365994905370782,3.3654591658187933
14.970965620767734,-0.249691658257815,1.8606514267408925
20.2850643431778,-0.451076149667528,4.049575895532361
