objective_1,objective_2,objective_3
12.942059643015336,7.669042285859913,5.517818415903573
