objective_1,objective_2,objective_3
5.925970874787963,-0.10707082842942657,-0.10707082842942657
8.275909792305216,-0.17437293079744054,-0.17437293079744054
21.98788543191337,-0.5841371437403875,9.803313876298711
19.30266576665337,-0.39335293986606484,2.035830664797711
18.657614202314,-0.3248566771835257,4.257518525275074
13.224250233882154,-0.21392314944777427,17.377235893542146
14.95271173958035,-0.249691658257815,4.35443295427952
