objective_1,objective_2,objective_3
8.135518730924101,7.634125101292946,27.57646412378007
13.458400449526476,10.200018733548315,1.7949304998365267
13.52610193047581,6.226275224996211,-0.21392314944777427
13.376652263592334,6.065152925639249,1.8360905913832588
13.624433312822529,4.117845040534043,-0.23225666622397417
