objective_1,objective_2,objective_3
18.255260147824153,4.549349162147263,11.27211038716382
14.778791171230218,4.738076920915923,5.600310567901504
16.639605471483698,4.5255291292654665,19.395190846719682
16.506847252666866,4.63365713237871,17.30336572535137
16.37922011093069,4.562658174372026,17.571178532264625
17.231350962263228,-0.4028926115674108,11.8617123401204
