objective_1,objective_2,objective_3
17.10374613599957,3.089540192278744,18.28676198734132
