objective_1,objective_2,objective_3
13.719284563206733,3.720032173997088,1.9392684483470497
16.582268842950008,1.5855982606247805,1.9086688456714762
