objective_1,objective_2
2.7079000548111285,-3.937105572467343
1.7457617655913815,-3.769481586364665
2.1645160229094196,-3.850353598228702
0.12223531075024004,-3.6009186622827314
0.7737936025671829,-3.7000263708307215
0.5518691241703518,-3.694036319941479
3.079745414941755,-4.0169347779030815
3.54151097780467,-10.753680598443875
7.799038548611515,-36.48084890059523
8.604763388543155,-42.19380517056807
6.553774224319487,-21.83278249461734
