global_step,eval/single_objective_return
50000,216.04426928042176
100000,213.47019950149965
150000,227.43357988454676
200000,176.2572345423983
250000,129.72730683131005
300000,215.95321741366928
350000,204.96859186625818
400000,171.45011473312354
450000,154.0925817086403
500000,214.70287442128569
550000,181.2106728915661
600000,218.47216309974795
650000,215.16128952667253
700000,220.68351319404437
750000,231.64778378572612
800000,245.0656006317055
850000,252.0102587798925
900000,247.9606420862719
950000,248.0383257030533
1000000,214.86194245387648
1050000,249.00577985599315
1100000,244.35073040575236
1150000,244.4750550681944
1200000,245.55669241253898
1250000,216.61693145265485
1300000,232.50378443193205
1350000,220.8005138660443
1400000,251.58313131115983
1450000,189.6428009401945
1500000,257.19285825137933
1550000,226.40665041109776
1600000,204.8173088052987
1650000,240.51023080820502
1700000,241.27719540425812
1750000,221.34762710990768
1800000,227.07294590697762
1850000,223.93962197765615
1900000,243.3707881714741
1950000,216.13912456774844
2000000,198.34994098360926
2050000,221.32033578278842
2100000,231.1959205259056
2150000,182.48402022738784
2200000,222.8422184600267
2250000,225.3574339650483
2300000,223.0680640663897
2350000,237.9667169447532
2400000,202.56475327169593
2450000,182.59991716931836
2500000,218.97551098990985
2550000,233.8440357472763
2600000,243.20377465475508
2650000,222.44684478060938
2700000,215.78802678274488
2750000,228.17172072010368
2800000,210.27257481487405
2850000,228.47216993566425
2900000,231.44551827103484
2950000,207.44108300689078
3000000,226.14934640016511
