global_step,eval/single_objective_return
100000,176.66666666666666
200000,287.3333333333333
300000,302.0
400000,284.6666666666667
500000,326.6666666666667
600000,328.6666666666667
700000,296.3333333333333
800000,29.0
900000,29.0
1000000,29.0
1100000,187.66666666666666
1200000,186.0
1300000,170.66666666666666
1400000,187.66666666666666
1500000,160.0
1600000,167.0
1700000,176.33333333333334
1800000,184.66666666666666
1900000,179.66666666666666
2000000,213.0
2100000,189.66666666666666
2200000,217.66666666666666
2300000,200.0
2400000,192.33333333333334
2500000,141.0
2600000,168.33333333333334
2700000,193.33333333333334
2800000,189.66666666666666
2900000,210.0
3000000,160.66666666666666
