global_step,eval/single_objective_return
50000,11.273998690120791
100000,17.911692503363753
150000,-3.0341324493109028
200000,2.1745134873188476
250000,118.81403471348742
300000,103.23688063272905
350000,77.61659421053945
400000,147.5489901203236
450000,100.61365534494747
500000,-8.470547834586867
550000,6.937714542605036
600000,4.084104046785776
650000,41.90239179716684
700000,4.65997491402571
750000,48.78235746563006
800000,174.98334788084833
850000,111.11157690774755
900000,98.76458451228714
950000,169.5620236742528
1000000,10.279429447523526
1050000,115.45711648736857
1100000,3.5355056742530877
1150000,95.290201909936
1200000,57.56609208895717
1250000,51.032658323334516
1300000,166.59361571483757
1350000,204.19649247560633
1400000,174.70397696397424
1450000,87.1812104159377
1500000,120.87676721792475
1550000,109.62933693493302
1600000,33.59623905469425
1650000,20.66490530896279
1700000,152.23515712349987
1750000,199.6406488554069
1800000,79.66442335396134
1850000,235.09455100369516
1900000,138.43665251868865
1950000,104.20150389425818
2000000,149.94356627327556
2050000,119.10716901267674
2100000,89.52570416313611
2150000,202.19462660217022
2200000,214.00430453703254
2250000,200.1760465958565
2300000,189.90057702130878
2350000,176.3181906976528
2400000,171.12768644146865
2450000,176.5646551026208
2500000,171.6231482531162
2550000,181.08994389712186
2600000,185.8428019952991
2650000,195.71566951369238
2700000,140.76540736299762
2750000,200.16898635029867
2800000,87.82417235269925
2850000,180.21209836127164
2900000,150.42837879950778
2950000,192.03526275218456
3000000,206.54818582260964
