global_step,eval/single_objective_return
50000,14.36561910067536
100000,-1.8425314264848822
150000,261.9516452964869
200000,26.739447422625958
250000,53.43532900973307
300000,2.590660974273632
350000,82.58718381071188
400000,29.689670859741057
450000,43.36968768152536
500000,35.22188424003281
550000,-19.566890402748243
600000,11.000577137538881
650000,28.86206276498558
700000,14.180958124151402
750000,140.54902866138357
800000,80.00562725314907
850000,-4.792231058730422
900000,71.33395633887235
950000,17.67774054315248
1000000,107.49355724637341
1050000,87.61704613279404
1100000,4.826533700781226
1150000,112.35197739490533
1200000,122.1844508821195
1250000,70.0781507569419
1300000,6.998578903047237
1350000,51.50643661959634
1400000,22.163541963732
1450000,30.96597742332807
1500000,39.82473234154995
1550000,40.58066678659398
1600000,4.754716900454966
1650000,229.24426410613296
1700000,15.429270352112795
1750000,-15.279321368139477
1800000,61.567498373167055
1850000,76.89114291474446
1900000,49.56928856074768
1950000,95.27292620239264
2000000,120.80650993255215
2050000,135.58048944239096
2100000,267.87875053895505
2150000,26.62002313002118
2200000,10.917889942864775
2250000,192.72230204144705
2300000,282.2328487876755
2350000,273.67061484728566
2400000,277.32695231388124
2450000,201.9468886750546
2500000,117.22164232540541
2550000,215.44718538049375
2600000,70.38509679320669
2650000,131.89258501658304
2700000,32.227195215802894
2750000,127.72785263259686
2800000,241.09010375394476
2850000,167.6959492256845
2900000,164.74139915500314
2950000,106.37569756736183
3000000,242.23045921328662
