objective_1,objective_2,objective_3
8.609529072258024,-0.23225666622397417,-0.23225666622397417
