global_step,eval/single_objective_return
100000.0,542.3211918213392
200000.0,783.3096315256803
300000.0,1716.5836931983572
400000.0,2427.90318130909
500000.0,2526.778177069104
600000.0,2612.910893422531
700000.0,2688.252252300422
800000.0,2724.0288600477265
900000.0,2542.1289442750713
1000000.0,2445.593653502571
1100000.0,2331.1955086417643
1200000.0,2248.118696337062
1300000.0,2399.0328433988543
1400000.0,2342.7014875497653
1500000.0,2225.8636984176956
1600000.0,2242.234415604994
1700000.0,2273.9182444938724
1800000.0,2338.8916770504934
1900000.0,2192.906873129355
2000000.0,2216.896294629655
2100000.0,2309.0106880557746
2200000.0,2260.4235909150607
2300000.0,2243.3833897137
2400000.0,2285.973228806573
2500000.0,2311.0400868816846
2600000.0,2275.0926913081676
2700000.0,2274.8730132335636
2800000.0,2306.001472220991
2900000.0,2295.863459790803
3000000.0,2293.080183057037
