global_step,eval/single_objective_return
100000.0,516.5876098653231
200000.0,1020.030547485868
300000.0,1203.8131653745688
400000.0,1011.9986880475599
500000.0,1212.9594921345072
600000.0,1111.8687454864687
700000.0,1069.7034377308723
800000.0,413.28249791681327
900000.0,1103.7272021437027
1000000.0,1079.3481855875812
1100000.0,268.3004391167476
1200000.0,999.9871830229798
1300000.0,610.6396821276954
1400000.0,636.1616750961372
1500000.0,466.80698515381573
1600000.0,479.0594610939849
1700000.0,667.7805290791264
1800000.0,624.2169507014768
1900000.0,1003.1746274755267
2000000.0,388.6972454701739
2100000.0,486.2127990016367
2200000.0,1545.9606962860403
2300000.0,458.37788013421084
2400000.0,983.0091443963523
2500000.0,987.3464551049503
2600000.0,993.629637686339
2700000.0,1030.3283663819377
2800000.0,705.2743239772806
2900000.0,698.6334928078508
3000000.0,1125.347581347608
