global_step,eval/single_objective_return
100000.0,589.5866255651115
200000.0,325.46992538782763
300000.0,1014.5269304319723
400000.0,1088.7706469300042
500000.0,576.6845540040874
600000.0,420.2155317214121
700000.0,1006.8402011172309
800000.0,688.1349858398402
900000.0,619.531551812406
1000000.0,673.3834777861318
1100000.0,547.9541394225487
1200000.0,1103.1409017436483
1300000.0,984.1117486212436
1400000.0,651.0731136771249
1500000.0,1096.692421140611
1600000.0,458.47523065602763
1700000.0,487.3785954236995
1800000.0,443.58226267611064
1900000.0,1014.9895595111526
2000000.0,981.3171368414439
2100000.0,431.34512495121714
2200000.0,895.6736069849187
2300000.0,1197.1182214299838
2400000.0,1069.2286643040547
2500000.0,946.0170723795342
2600000.0,428.08600923558305
2700000.0,1106.398932077488
2800000.0,520.3517899355008
2900000.0,2015.2956170063858
3000000.0,567.0700858833353
