objective_1,objective_2,objective_3
14.54597080657076,-0.33775334730097945,-0.33775334730097945
21.952001464109205,6.639016173588724,-0.47600914062714456
12.806572546207173,3.3081070201511813,1.6976162268473913
