objective_1,objective_2,objective_3
21.569316091368513,8.121180245469708,-0.4205922525228696
23.313710844650952,2.891314182990054,3.1383549942748763
20.15201830826819,7.861842856434663,-0.3727733584226163
16.39020588000972,5.682625037168142,7.648427563443353
23.406018970646212,6.919147284635549,-0.5051604735138681
17.586631861010403,7.8738803027573185,3.469786742753744
17.410979581796994,5.912005462320636,4.9148904600606516
19.746395273920328,9.785084736041288,-0.4365994905370782
