objective_1,objective_2,objective_3
12.908753876674165,9.763985258039611,5.649205226938389
