objective_1,objective_2,objective_3
5.909563292858683,-0.10707082842942658,-0.10707082842942658
12.599847071555024,-0.5809396375952159,16.44708556905998
12.748440653166929,-0.284630362478038,5.052873603068812
12.22945258691271,-0.3933529398660648,8.325716777807
13.09550814020148,-0.4964020069080639,12.543781641690346
17.22597753620959,-0.5841371437403875,10.064752835359647
8.593522848876422,-0.17437293079744054,2.0897849308134564
10.159015923217984,-0.249691658257815,1.6208845264157847
10.932430723152216,-0.5841371437403875,17.40841699071659
