objective_1,objective_2,objective_3
9.703882418906103,3.245522267287535,1.8239334291110156
13.957836079459852,7.419905810088742,1.7197234046164276
12.105831697881504,3.921668458533304,1.775099284398931
