objective_1,objective_2,objective_3
15.948890767549955,-0.2820400564754103,8.820370082287434
10.019870511707547,-0.19464480181613739,4.712796823767246
13.121641021895336,1.4425314452293942,-0.2662721622020834
13.02183895996172,1.4614592021165203,4.625401569107973
