objective_1,objective_2,objective_3
26.61216150171782,-0.16163627360432797,8.737080091532912
26.813922122374617,-0.22540679431909016,2.3869141003059307
25.237899601916467,0.05667812829023414,3.208717975891032
26.347150688484742,-0.03895510958058753,6.1018192568911305
22.41394925880209,0.13167634266949887,2.2092398000328166
25.535818171698978,0.6049142328460421,2.147067904900219
