objective_1,objective_2,objective_3
17.115076912124774,5.140878220387909,12.893251574187998
17.174115797101646,3.917118295380186,10.499892665697836
16.500953438773006,5.460628279056617,21.75183761783704
17.166530452653394,5.08447397125686,7.018939206850184
17.75367002156671,1.796210963102717,-0.10614486156429154
17.5464220848953,3.462686252730625,5.597578542763969
16.876439146692434,5.983141226893672,8.214807539941043
17.316346309833076,4.616434128561004,8.102269155114477
