objective_1,objective_2,objective_3
8.45753019267674,-0.15305633445573485,2.180407743741705
18.615802452666514,-0.4119647444347035,9.702613369985071
5.923318235231163,-0.10707082842942658,-0.10707082842942658
8.972984290682469,-0.19464480181613739,-0.19464480181613739
11.416250843399936,-0.3112953679786503,7.258431620806148
10.846377322211493,-0.249691658257815,5.731927450218208
10.214327651546034,-0.2820400564754103,7.30257005263401
15.167709270824236,-0.3833216343835846,21.76274543755198
