global_step,eval/single_objective_return
50000,51.01676470437664
100000,47.24420415470709
150000,18.137012193111886
200000,299.89706494187243
250000,235.88995179091617
300000,198.5315510827292
350000,-60.785973852713646
400000,27.809826883611564
450000,-52.521719734018326
500000,252.4574930638318
550000,-3.650187273977366
600000,20.03980406403643
650000,-26.134155797944217
700000,-9.364386336306737
750000,-15.258691565347945
800000,-63.74840498496621
850000,-110.59879968768836
900000,-83.70287322191047
950000,-45.22987708401534
1000000,-73.67810602306746
1050000,180.60684962120587
1100000,6.603338510841752
1150000,-31.458110345892678
1200000,135.44716204732973
1250000,-88.19170515455181
1300000,9.049636991053433
1350000,-111.89580896447221
1400000,-121.66644067370609
1450000,-16.94402758596091
1500000,-57.28912248757258
1550000,-38.684345530461925
1600000,-22.522512944699827
1650000,-22.720330939243894
1700000,-49.47577674057577
1750000,-91.18886420055546
1800000,10.176941917733402
1850000,-74.79243511392298
1900000,-71.51634307874826
1950000,-147.6052638962952
2000000,-89.61040387924535
2050000,-85.5358167975226
2100000,-79.40659799559967
2150000,-47.58430865009204
2200000,-12.568421833392676
2250000,-83.9310520547073
2300000,34.23440207600561
2350000,-62.48035086443172
2400000,-128.074515829427
2450000,-124.66628082571417
2500000,-42.913394776197094
2550000,-119.3519891685859
2600000,-75.52120009125079
2650000,-27.25916467030021
2700000,-70.45395041491328
2750000,-50.87011394867437
2800000,-14.758503860081461
2850000,-107.98634833427529
2900000,-17.65892592326786
2950000,-10.753872047009622
3000000,-39.521290372987096
