global_step,eval/single_objective_return
50000.0,-72.94397016323438
100000.0,-82.01372382794946
150000.0,-95.27252402309195
200000.0,-95.94964182747155
250000.0,-144.71372827751208
300000.0,-103.74896022210726
350000.0,-40.909534402312744
400000.0,59.70006074160275
450000.0,-62.43129305207856
500000.0,-84.2112804497953
550000.0,-70.48527714009496
600000.0,-43.009503196048016
650000.0,-63.77028108119555
700000.0,-58.09593357640542
750000.0,-36.17940786839451
800000.0,-57.994624784283
850000.0,-41.40613422776653
900000.0,11.781705108754215
950000.0,32.06374440574301
1000000.0,71.95847312380354
1050000.0,-10.08337059215063
1100000.0,-69.54526217880195
1150000.0,-35.011099207388625
1200000.0,-55.5650227638083
1250000.0,-17.483870971356442
1300000.0,-32.535014427670134
1350000.0,-80.97020139724104
1400000.0,-86.56813334321161
1450000.0,-28.854947542926293
1500000.0,19.010081941735738
1550000.0,-74.174717619915
1600000.0,-128.5168249044728
1650000.0,-66.69860619667884
1700000.0,-67.04926477711818
1750000.0,-127.42715623995404
1800000.0,-58.02159890815018
1850000.0,-64.71907100948431
1900000.0,-118.32088899714634
1950000.0,-132.1084336059699
2000000.0,-50.31733221446198
2050000.0,-60.06488332214521
2100000.0,-70.84816466759185
2150000.0,-70.77035140600867
2200000.0,-33.066690112944244
2250000.0,-70.13603369307776
2300000.0,-34.16987514903748
2350000.0,-59.085176486961686
2400000.0,-30.44811629299618
2450000.0,-64.66936570561036
2500000.0,-51.94842759733848
2550000.0,-139.6160478634087
2600000.0,-83.2896137574622
2650000.0,-24.827192640551907
2700000.0,-104.97132289211216
2750000.0,-115.15914484715358
2800000.0,-122.95747896898345
2850000.0,-131.37108954500033
2900000.0,-123.80428921616885
2950000.0,-129.07460895799687
3000000.0,-116.0510516072645
