objective_1,objective_2
270.01211724658197,64.94235794473005
270.56787471304864,63.16673552978084
266.4936821764466,68.85059599680073
265.1183025097227,71.4860886838828
268.370904372548,67.47178449644778
