global_step,eval/single_objective_return
50000.0,-28.979820516571568
100000.0,-24.429286827903326
150000.0,67.76487433309147
200000.0,4.024737634714574
250000.0,-157.0156687505454
300000.0,-147.20858469919932
350000.0,-13.855435359732905
400000.0,75.18555644035777
450000.0,-50.05397220676112
500000.0,-116.90133204830326
550000.0,-94.63542082788042
600000.0,-145.67762536171998
650000.0,-92.51474162523851
700000.0,-3.680795440619329
750000.0,-99.73978454136389
800000.0,13.025208484109413
850000.0,-99.377521759506
900000.0,-170.53074498954282
950000.0,-56.909454804865206
1000000.0,-101.00275000155088
1050000.0,-48.928627837115386
1100000.0,51.57759120547316
1150000.0,-101.87243607070923
1200000.0,-79.7257175952451
1250000.0,-98.0133046866593
1300000.0,-75.37595816650217
1350000.0,-129.8297194521102
1400000.0,-108.71614275606612
1450000.0,-95.9135392765398
1500000.0,-163.3825872171225
1550000.0,-92.71126233262484
1600000.0,-55.14596137350502
1650000.0,-79.65612982211233
1700000.0,-120.19585527513114
1750000.0,-120.57349272519411
1800000.0,8.445279371797255
1850000.0,-79.56995133623214
1900000.0,-86.12055657242912
1950000.0,-15.499814747965445
2000000.0,-65.54362394489958
2050000.0,-100.03050711489159
2100000.0,-112.05647412695308
2150000.0,-75.75031525663077
2200000.0,-111.06968899706433
2250000.0,-72.54666658578499
2300000.0,-131.8743933033549
2350000.0,-113.43369322717142
2400000.0,-157.90193128348773
2450000.0,-86.76542033732395
2500000.0,-136.5037163597858
2550000.0,-126.00252625119845
2600000.0,-205.8125370735126
2650000.0,-118.67877877767805
2700000.0,-164.97597616389794
2750000.0,-89.39758340593264
2800000.0,-81.52978097447976
2850000.0,-155.88033090037334
2900000.0,-177.18353487901683
2950000.0,-59.031537216604725
3000000.0,-94.32637305122356
