global_step,eval/single_objective_return
50000.0,-65.41073772500314
100000.0,-63.586834964261676
150000.0,-38.76847783442866
200000.0,-34.648227464320776
250000.0,-106.05645313458508
300000.0,-134.58326764871836
350000.0,-127.98273503648993
400000.0,-143.94529445753386
450000.0,-72.94675027602248
500000.0,-60.405088418655545
550000.0,56.62640859279912
600000.0,82.42596305149553
650000.0,-125.86152717165135
700000.0,-87.26797326034337
750000.0,-121.8437020237503
800000.0,-128.78054839560514
850000.0,-119.11107799848051
900000.0,-101.8120842364256
950000.0,-25.805243565715465
1000000.0,-166.70134026467008
1050000.0,-10.818834437602243
1100000.0,-50.71989524279534
1150000.0,-30.39200259632206
1200000.0,-108.91230182850256
1250000.0,-125.46297652273297
1300000.0,-102.97162040400599
1350000.0,-79.35392407975417
1400000.0,-99.45685418522412
1450000.0,-147.73604880045937
1500000.0,-48.936406413410204
1550000.0,14.638963860049813
1600000.0,-91.57099238986318
1650000.0,-113.01124190765547
1700000.0,-142.98648905236362
1750000.0,-109.34815387365782
1800000.0,-137.53481953259802
1850000.0,-143.25195805991228
1900000.0,-151.8732681040728
1950000.0,-125.2973755038388
2000000.0,-43.59106542917734
2050000.0,-72.14603700429137
2100000.0,-120.42281404002897
2150000.0,-137.11168023131367
2200000.0,-169.41594271622407
2250000.0,-150.49229337075116
2300000.0,-151.939937798166
2350000.0,-130.89619302269958
2400000.0,-87.94993731060015
2450000.0,-98.46661211514906
2500000.0,-134.92610764125476
2550000.0,-128.20665019061852
2600000.0,-136.44988822059858
2650000.0,-126.47336092381968
2700000.0,-128.18025622588007
2750000.0,-126.22289293395606
2800000.0,-121.23069786425233
2850000.0,-57.59509955104593
2900000.0,-105.74127436700887
2950000.0,-162.30959009168623
3000000.0,-128.9153814485786
