global_step,eval/single_objective_return
50000.0,46.689150260437614
100000.0,59.01459259824075
150000.0,-2.9777270997216503
200000.0,42.47240048312802
250000.0,8.363982885804486
300000.0,-10.963339465273833
350000.0,-105.67897610320786
400000.0,-57.65866662561914
450000.0,-193.34251453722302
500000.0,-189.3123100273187
550000.0,-170.54018875989763
600000.0,-111.1511876951349
650000.0,-100.79183911344174
700000.0,-119.92103668896479
750000.0,-173.03063680943606
800000.0,-55.30051509521472
850000.0,76.61913037894267
900000.0,-95.71098388344511
950000.0,-92.06928442878299
1000000.0,-169.37903498679964
1050000.0,-119.29568648580155
1100000.0,-114.58858401461912
1150000.0,-36.43918405612881
1200000.0,-102.90193827417556
1250000.0,-104.17033987858922
1300000.0,-106.75137479929933
1350000.0,-108.05433558361776
1400000.0,-70.0171558236661
1450000.0,-28.82189364988535
1500000.0,-95.82348239553944
1550000.0,-101.16702875362508
1600000.0,-68.7180183671119
1650000.0,-118.65669713358565
1700000.0,-13.124622102129825
1750000.0,42.274126033364794
1800000.0,-99.10313300569601
1850000.0,-93.33153333457889
1900000.0,-123.2135112014494
1950000.0,-139.44042892922025
2000000.0,-109.33170043277725
2050000.0,-119.16446943168975
2100000.0,-108.56256933323512
2150000.0,-88.30769390339786
2200000.0,-145.43190569713053
2250000.0,-196.71035462677077
2300000.0,-104.42757594715684
2350000.0,-120.34083035609585
2400000.0,-74.9031111005005
2450000.0,-100.03918747906256
2500000.0,-52.49284397855246
2550000.0,-142.29650140129507
2600000.0,-94.83552930244603
2650000.0,-187.48829370399264
2700000.0,-212.86261068609966
2750000.0,-124.29602438460992
2800000.0,-133.421160304108
2850000.0,-212.8951120361633
2900000.0,-201.0812670683315
2950000.0,-146.95774862804228
3000000.0,-100.81718824476759
