global_step,eval/single_objective_return
50000,13.439952602315458
100000,240.04348900620522
150000,33.91603086954015
200000,259.9729299798515
250000,38.37127517648574
300000,280.9110288671312
350000,296.7866132222772
400000,6.499867789299429
450000,98.56252741416714
500000,278.31706804995486
550000,271.7503476902324
600000,242.9048181506118
650000,234.86844337517454
700000,223.64217815602407
750000,204.2495121401655
800000,189.65869628754365
850000,60.88599839510283
900000,295.007639511551
950000,25.151366743467648
1000000,16.891478597787028
1050000,54.358471135571676
1100000,50.0726374266666
1150000,272.0315295987109
1200000,276.3782732987457
1250000,254.24163267566553
1300000,207.1111991808908
1350000,265.7417928776946
1400000,245.2174751216092
1450000,41.17944719641642
1500000,249.25480200284596
1550000,268.6922787947525
1600000,28.968851197265508
1650000,35.952332567543806
1700000,263.80568685979836
1750000,249.64416269186546
1800000,58.114262392278846
1850000,281.0657537808432
1900000,256.7728649499323
1950000,182.0947254346932
2000000,20.76471030559253
2050000,83.81958802518017
2100000,189.62317808332017
2150000,182.91681457591548
2200000,138.97714303733463
2250000,32.5093610325396
2300000,204.82509589107585
2350000,60.40550989074259
2400000,181.5375776853806
2450000,59.09184965934807
2500000,31.877330310994495
2550000,196.34446012804125
2600000,262.1123707248835
2650000,292.7814724159256
2700000,1.5565833285177462
2750000,37.10882802744334
2800000,43.46200873078595
2850000,36.621916692674915
2900000,20.26497504705513
2950000,9.391276790885286
3000000,60.59266539109254
