global_step,eval/single_objective_return
100000.0,1626.0712143322357
200000.0,1409.2237824297424
300000.0,1969.8896282640055
400000.0,1988.5203114867745
500000.0,1937.8947794183798
600000.0,2007.739551417451
700000.0,1942.9475676823427
800000.0,1879.7999688267112
900000.0,2320.4996244851577
1000000.0,1963.530297609131
1100000.0,2227.8969580675807
1200000.0,1869.2014529803882
1300000.0,1987.3385208626648
1400000.0,1891.5202415383899
1500000.0,1822.5619083995264
1600000.0,1889.415648663771
1700000.0,1857.2119372871725
1800000.0,1939.105177941232
1900000.0,2281.1144901740154
2000000.0,1933.3590817197316
2100000.0,2398.722301722391
2200000.0,2198.9327292131543
2300000.0,1903.756786598766
2400000.0,2021.3252676658224
2500000.0,2203.343818554284
2600000.0,1908.6363484082062
2700000.0,1934.0915735038132
2800000.0,1887.4072418985127
2900000.0,1915.279813036482
3000000.0,1957.6235116607427
