global_step,eval/single_objective_return
100000.0,1112.319751791891
200000.0,1668.6152151259985
300000.0,2113.6332569221677
400000.0,2122.843032381379
500000.0,2085.0353932275602
600000.0,2166.746253609791
700000.0,2119.855978614752
800000.0,2279.824160861826
900000.0,2096.094933795865
1000000.0,2104.4594931391903
1100000.0,2418.72012768269
1200000.0,2164.741441275281
1300000.0,2082.3924361757495
1400000.0,2180.4523296708776
1500000.0,2273.318730314136
1600000.0,2250.08272131957
1700000.0,2313.7115465572215
1800000.0,2163.8449627777563
1900000.0,2351.8029434500454
2000000.0,2358.1841208975075
2100000.0,2086.082314303942
2200000.0,2256.201531317177
2300000.0,2110.7489611730552
2400000.0,2392.2999236903324
2500000.0,2365.372272176917
2600000.0,2483.534978772578
2700000.0,2263.109328094332
2800000.0,2381.113401566927
2900000.0,2126.2078874247304
3000000.0,2326.7732342692293
