global_step,eval/single_objective_return
100000.0,-518.869829998179
200000.0,-439.0293826354634
300000.0,-442.26815620400237
400000.0,-467.191743352355
500000.0,-492.55293772183126
600000.0,-487.05605823446547
700000.0,600.1011749170588
800000.0,665.5869359642595
900000.0,743.4294878604353
1000000.0,531.6615504853958
1100000.0,809.849818055294
1200000.0,785.4245901480724
1300000.0,685.5680615022076
1400000.0,831.830620055898
1500000.0,836.9068314432086
1600000.0,1000.8722225601533
1700000.0,676.9151086010855
1800000.0,592.1513690439122
1900000.0,856.6483256190445
2000000.0,662.1459012594769
2100000.0,865.8444712910516
2200000.0,757.9910002970307
2300000.0,665.6797367840172
2400000.0,803.0118960065469
2500000.0,792.1968981977799
2600000.0,900.5733942088592
2700000.0,693.0795943095085
2800000.0,802.2964694501068
2900000.0,795.4155597493195
3000000.0,595.751205138951
3100000.0,835.0513030383761
3200000.0,551.9969260431279
3300000.0,802.680212825678
3400000.0,472.279489905916
3500000.0,792.2233364948443
3600000.0,578.1891311839718
3700000.0,732.4930120189538
3800000.0,797.1836166779186
3900000.0,694.7605764374028
4000000.0,813.9700569545064
4100000.0,915.4988615530143
4200000.0,1001.9094088969716
4300000.0,888.2559419670856
4400000.0,807.0310918451571
4500000.0,762.5920521064882
4600000.0,862.4913157073297
4700000.0,772.5874005578098
4800000.0,1031.3077351336813
4900000.0,1058.3435067299006
5000000.0,577.140318642868
5100000.0,598.0203859147556
