global_step,eval/single_objective_return
100000.0,1355.6639461040916
200000.0,1052.3435413662469
300000.0,824.6518731382511
400000.0,1075.8444571158368
500000.0,1238.6916741935227
600000.0,1379.4749050370046
700000.0,1361.4186593248062
800000.0,1476.1551864615792
900000.0,1329.398749500135
1000000.0,1567.580032648222
1100000.0,1349.9574512458985
1200000.0,1445.4010498696643
1300000.0,1518.5066490878346
1400000.0,1184.5441267644806
1500000.0,1067.6882322382785
1600000.0,1462.2752441254881
1700000.0,1296.9137105384623
1800000.0,556.4722673308444
1900000.0,1298.8785642396895
2000000.0,1328.3040505108368
2100000.0,1199.419093177577
2200000.0,1314.0006153719537
2300000.0,1027.0046548945338
2400000.0,1586.7360775548184
2500000.0,288.38166475429307
2600000.0,1252.6640543143085
2700000.0,1249.0100150779574
2800000.0,451.1032083977043
2900000.0,1587.6441849212495
3000000.0,954.3275915231395
