objective_1,objective_2,objective_3
6.257782794819668,-0.08228577026834823,-0.08228577026834823
6.822020087218473,-0.23225666622397417,11.296698756872233
