objective_1,objective_2,objective_3
14.81980867838341,5.018577297101062,-0.5561157550085114
10.565675076817548,0.7814617063317524,4.293476426951771
10.580434225539149,-0.4205922525228696,4.293476426951771
10.880772398212013,-0.23225666622397417,-0.23225666622397417
14.57396044770726,5.183673965328201,-0.5809396375952159
7.501228477844457,-0.23225666622397417,15.876474366404356
