objective_1,objective_2,objective_3
5.914108611940401,-0.10707082842942658,-0.10707082842942658
4.162795901919893,-0.4641685806911194,33.23959373986902
6.473446264752808,-0.2820400564754103,9.23889609931596
