objective_1,objective_2,objective_3
8.019890319345567,-0.15305633445573485,-0.15305633445573485
9.888568681205982,-0.29703516703721944,1.3280200608633412
10.95268574761023,-0.19464480181613739,-0.19464480181613739
