objective_1,objective_2,objective_3
15.147031985568821,0.567024429475345,2.4056277024517163
