objective_1,objective_2,objective_3
10.071264487150247,-0.15305633445573485,-0.15305633445573485
6.64749974853056,-0.10707082842942658,-0.10707082842942658
