objective_1,objective_2,objective_3
12.675661119978393,-0.2820400564754103,-0.2820400564754103
3.9211186443551242,-0.23225666622397417,-0.23225666622397417
3.408739187585595,-0.4814978360537345,2.2307639703994684
