global_step,eval/single_objective_return
50000.0,-18.304086842019352
100000.0,-30.56409274197075
150000.0,112.35502598775352
200000.0,-119.23554039331029
250000.0,-207.71040257762382
300000.0,-141.14362607659865
350000.0,-38.648805432224925
400000.0,156.2254034194553
450000.0,-130.22218298042736
500000.0,-169.57057881579993
550000.0,-127.91759879929182
600000.0,-120.48735103651352
650000.0,-74.70880011663849
700000.0,-40.19879856555698
750000.0,-127.12559249462697
800000.0,-97.41560057527916
850000.0,-162.90567019558551
900000.0,-371.01436306426535
950000.0,-145.300170763892
1000000.0,-148.88066145882112
1050000.0,-79.23758843256019
1100000.0,36.36106474270237
1150000.0,-92.23242354005804
1200000.0,-128.95739698950666
1250000.0,-145.24066488754295
1300000.0,-128.49323760587484
1350000.0,-154.9432333386863
1400000.0,-310.9841829531133
1450000.0,-459.78961381910756
1500000.0,-563.2829325694246
1550000.0,-302.15297114942854
1600000.0,-176.28168773291517
1650000.0,-124.25662773708362
1700000.0,-275.35236439477205
1750000.0,-311.92360769156403
1800000.0,-91.26453518866215
1850000.0,-175.13526899168485
1900000.0,-173.72320248600155
1950000.0,-97.32857611975234
2000000.0,-106.0776482694132
2050000.0,-141.59609271111339
2100000.0,-230.39352902774243
2150000.0,-82.41577007375443
2200000.0,-139.4717947811392
2250000.0,-202.1056213692638
2300000.0,-233.43547190301055
2350000.0,-211.10175439266055
2400000.0,-464.3029633567411
2450000.0,-335.350171234519
2500000.0,-225.1337484670572
2550000.0,-467.14766139155734
2600000.0,-750.1527065404771
2650000.0,-467.54052607211133
2700000.0,-414.4070034048107
2750000.0,-237.19229325466986
2800000.0,-195.5699434969089
2850000.0,-337.27763389579184
2900000.0,-359.30718254875075
2950000.0,-275.05134859483655
3000000.0,-272.49842885375176
