global_step,eval/single_objective_return
50000.0,-32.9208079905719
100000.0,-56.83487547858025
150000.0,-47.52081808768942
200000.0,-38.948684791049054
250000.0,-66.87587707136139
300000.0,-162.63040272388068
350000.0,-174.69627033681724
400000.0,-237.2778199337018
450000.0,-220.38108982803698
500000.0,-105.96331651963499
550000.0,-26.28265785246567
600000.0,92.51852943797375
650000.0,-170.38322710232273
700000.0,-157.1306441390127
750000.0,-124.82066519512482
800000.0,-256.12628221983096
850000.0,-146.59763239590401
900000.0,-260.284216034962
950000.0,-219.43178205081466
1000000.0,-341.5326586061569
1050000.0,-149.69134774197295
1100000.0,-12.804962261417135
1150000.0,62.16630404045888
1200000.0,-228.50354085121052
1250000.0,-238.8845918442249
1300000.0,-211.75270551148978
1350000.0,-207.28344888333194
1400000.0,-280.14565057480456
1450000.0,-272.8230418878689
1500000.0,-242.52332230403027
1550000.0,-77.04450496325633
1600000.0,-182.48897556705052
1650000.0,-175.86301295032268
1700000.0,-200.57841839865657
1750000.0,-206.9967141740652
1800000.0,-425.6628365852519
1850000.0,-317.87425717552776
1900000.0,-343.7057091498822
1950000.0,-433.3035856941773
2000000.0,-298.8939938169185
2050000.0,-337.90186879089697
2100000.0,-302.97781440805403
2150000.0,-409.6354516825868
2200000.0,-337.5307681030707
2250000.0,-389.8574859259135
2300000.0,-486.3726243643529
2350000.0,-347.1756385142356
2400000.0,-232.2126707790353
2450000.0,-692.8705456827425
2500000.0,-142.06694177003655
2550000.0,-408.3523874821444
2600000.0,-453.27007028141304
2650000.0,-257.39499673601637
2700000.0,-202.4439819574455
2750000.0,-169.58523862381224
2800000.0,-369.7561856900931
2850000.0,-272.4297846489404
2900000.0,-355.99729537568635
2950000.0,-334.1025398344485
3000000.0,-343.58698366301616
