global_step,eval/single_objective_return
100000.0,30.300228738400676
200000.0,34.63177683259188
300000.0,43.76510210710566
400000.0,32.19695995199951
500000.0,40.74612878659845
600000.0,36.942953398085194
700000.0,41.74490713768903
800000.0,41.97922890450696
900000.0,57.9923217385425
1000000.0,37.891853852765834
1100000.0,45.49434806661972
1200000.0,44.024995505293276
1300000.0,43.02270395401524
1400000.0,49.130305137309
1500000.0,46.321901079052715
1600000.0,55.68937952355033
1700000.0,996.0905186917629
1800000.0,996.2109169364227
1900000.0,996.256781011256
2000000.0,996.2088452349426
2100000.0,996.2535784645657
2200000.0,996.1172852796087
2300000.0,996.058413331533
2400000.0,996.2535988897453
2500000.0,996.3233684774674
2600000.0,996.1570079599766
2700000.0,996.1743875723402
2800000.0,996.196788916609
2900000.0,996.1003680589322
3000000.0,996.0397339188943
