global_step,eval/single_objective_return
100000.0,54.6534381989958
200000.0,42.12491345101016
300000.0,52.446333915708536
400000.0,50.58948364332839
500000.0,38.38185528252121
600000.0,52.5410898115818
700000.0,30.872850202251072
800000.0,38.12762530810694
900000.0,36.85772300876916
1000000.0,38.033521751588786
1100000.0,32.81576451690917
1200000.0,36.09186549896869
1300000.0,49.17209251280063
1400000.0,59.55819995849265
1500000.0,43.003958121223015
1600000.0,40.33978347718208
1700000.0,393.0175682963873
1800000.0,338.8469287932132
1900000.0,331.5009627044904
2000000.0,345.59359235880726
2100000.0,384.1278637977585
2200000.0,374.1136346600264
2300000.0,844.1611395751664
2400000.0,837.8848033780248
2500000.0,835.4519795224949
2600000.0,1010.1284151101634
2700000.0,1010.165423173166
2800000.0,1010.2237671069845
2900000.0,1010.2085311490733
3000000.0,1009.9699267324556
