eum/MOHopperDefault-v5,eum/MOHopperLight-v5,eum/MOHopperHeavy-v5,eum/MOHopperSlippery-v5,eum/MOHopperLowDamping-v5,eum/MOHopperHard-v5,EUGR/MOHopperDefault-v5,EUGR/MOHopperLight-v5,EUGR/MOHopperHeavy-v5,EUGR/MOHopperSlippery-v5,EUGR/MOHopperLowDamping-v5,EUGR/MOHopperHard-v5
162.9685621180192,142.83314476278971,143.87879301908615,115.42376533929816,171.87333313948548,142.16507146636565,0.8892233893410244,0.6038654963339826,0.9382625088246229,0.6888472876878767,0.9451634394983626,0.8019300688893548
