eum/MOHopperDefault-v5,eum/MOHopperLight-v5,eum/MOHopperHeavy-v5,eum/MOHopperSlippery-v5,eum/MOHopperLowDamping-v5,eum/MOHopperHard-v5,EUGR/MOHopperDefault-v5,EUGR/MOHopperLight-v5,EUGR/MOHopperHeavy-v5,EUGR/MOHopperSlippery-v5,EUGR/MOHopperLowDamping-v5,EUGR/MOHopperHard-v5
168.8879767637791,141.4675009756834,140.56073352841742,138.35502947024452,171.8218455407285,134.20107381366824,0.9215221461429998,0.5980918702986114,0.9166247764193253,0.8257007255689108,0.9448802996124726,0.7570064521360423
