objective_1,objective_2,objective_3
130.05725124530198,132.3514065450017,71.63185979441407
127.83567334004381,151.81406171856807,77.18791011407342
126.44372398527325,157.55310861167334,65.10913058431147
130.18397415554747,118.60440827444977,69.34882213766873
131.93385494305267,30.72448795554169,62.27568228085462
131.59988085580457,112.82468773115322,72.76252038578002
