global_step,eval/single_objective_return
50000.0,-166.16925558434662
100000.0,-204.00494026362006
150000.0,-163.92705881176093
200000.0,-156.8988542599945
250000.0,-149.52755786128515
300000.0,-148.41344592996694
350000.0,-157.72745698687842
400000.0,-167.40386092899803
450000.0,-178.90285621475996
500000.0,-177.4431346380117
550000.0,-139.7914446372638
600000.0,-162.13010786312674
650000.0,-123.25966426158752
700000.0,-139.45861520806656
750000.0,-157.68341456909678
800000.0,-177.5452482873685
850000.0,-178.7146239930937
900000.0,-160.6955599730885
950000.0,-145.70519008226773
1000000.0,-174.6809884676739
1050000.0,-144.6848059549987
1100000.0,-185.58605761365644
1150000.0,-174.91458530823886
1200000.0,-145.94888658948827
1250000.0,-159.1459949156887
1300000.0,-189.73612772492478
1350000.0,-163.30299620858517
1400000.0,-164.0821226473695
1450000.0,-130.1427024570775
1500000.0,-133.2284035515484
1550000.0,-148.59471666315142
1600000.0,-148.89635242215476
1650000.0,-185.9041994605142
1700000.0,-183.82682586254208
1750000.0,-153.23682377990968
1800000.0,-161.20496779435663
1850000.0,-143.0143191529067
1900000.0,-128.92342943984423
1950000.0,-189.4514957567839
2000000.0,-152.83522145837864
2050000.0,-147.8086110800123
2100000.0,-157.07879843566218
2150000.0,-183.57324292381276
2200000.0,-168.9775523386392
2250000.0,-207.21926817460962
2300000.0,-177.37692166511732
2350000.0,-189.38359723559455
2400000.0,-174.81585428883804
2450000.0,-134.9334498196792
2500000.0,-210.58033862260885
2550000.0,-140.36223189695346
2600000.0,-173.23472406036555
2650000.0,-175.15087678665515
2700000.0,-128.44084172630645
2750000.0,-152.22053380227098
2800000.0,-125.89710563796629
2850000.0,-149.66871602496752
2900000.0,-160.30952308074157
2950000.0,-177.34089642390558
3000000.0,-200.77719843802342
