global_step,eval/single_objective_return
50000.0,-259.8943251648912
100000.0,-200.25057767515835
150000.0,-162.7164898500493
200000.0,-134.3702618578533
250000.0,-162.31602517850288
300000.0,-164.51061362894046
350000.0,-173.6747935005814
400000.0,-187.19663986252198
450000.0,-146.06197703573727
500000.0,-193.66190860694098
550000.0,-161.2924650969891
600000.0,-151.85865418361453
650000.0,-148.9080865479922
700000.0,-148.40163793250707
750000.0,-145.54766068402893
800000.0,-163.2498327933509
850000.0,-173.50534339953836
900000.0,-119.03818142820305
950000.0,-141.96722397241766
1000000.0,-144.0761537542375
1050000.0,-182.6402423868517
1100000.0,-177.19131853323773
1150000.0,-144.58105474704303
1200000.0,-173.01486434587443
1250000.0,-187.80116300640822
1300000.0,-178.63987600775675
1350000.0,-198.08401571080708
1400000.0,-155.51385757575528
1450000.0,-86.43212345597185
1500000.0,-146.0533490793361
1550000.0,-139.53127324702666
1600000.0,-141.04405346062595
1650000.0,-165.21950385942483
1700000.0,-127.46817230892373
1750000.0,-152.45914757701743
1800000.0,-134.97123965756714
1850000.0,-167.3072352543774
1900000.0,-166.96613476871977
1950000.0,-164.96564950338418
2000000.0,-174.05360250600097
2050000.0,-177.34224849328288
2100000.0,-181.1806635677321
2150000.0,-135.70685554878474
2200000.0,-149.76929463579904
2250000.0,-153.2624429052897
2300000.0,-182.9333250182813
2350000.0,-152.83984786807886
2400000.0,-182.16245500225972
2450000.0,-182.8855542670201
2500000.0,-154.63316517390118
2550000.0,-144.89950397762829
2600000.0,-156.86328278198093
2650000.0,-182.97854477462025
2700000.0,-155.6564946069289
2750000.0,-172.69742772829628
2800000.0,-151.40628679906223
2850000.0,-180.14454054582043
2900000.0,-173.88991259493224
2950000.0,-161.27749638350014
3000000.0,-173.50918320893834
