objective_1,objective_2,objective_3
93.47386432207881,194.09525545359202,76.1107106120026
104.88944584874206,191.50667644961555,74.30907582596535
93.30701750247462,199.7196431537429,75.1913276701489
110.24291505646362,180.8916849417537,66.00905185386225
101.05191996643131,203.30935500402347,74.56970312770136
100.25366686656162,204.34143975358137,73.98320174141872
