objective_1,objective_2,objective_3
104.24308678178727,157.82279657269237,70.66272462301109
104.81691313588209,148.10383184777422,73.30414736226962
100.35079524465081,138.71671090604565,73.48267438744259
96.96310405065445,158.2616707856902,69.66064799439773
107.30054716010169,160.59197978106275,69.33315829662921
106.46904399736212,144.87214907573204,71.4667548741136
100.77991364889422,155.44076862440323,72.23323890284168
101.09328449454698,149.89004492706138,72.0630874597684
