global_step,eval/single_objective_return
200000.0,1152.4156710013724
400000.0,956.7841067957306
600000.0,936.9433886651719
800000.0,982.2323295453167
1000000.0,995.3370330192174
1200000.0,1085.9951962841842
1400000.0,1002.8283668000322
1600000.0,714.7853153986991
1800000.0,873.1188122348743
2000000.0,1005.0416143125203
2200000.0,1014.2464679492592
2400000.0,1333.349652604336
2600000.0,1368.897031819597
2800000.0,1392.2914358762555
3000000.0,1325.8036157119907
