objective_1,objective_2
205.91624923133273,56.953925046353675
207.54507948202126,55.154511833626614
