eum/MOSuperMarioBros-1-2-v2,eum/MOSuperMarioBros-3-2-v2,eum/MOSuperMarioBros-3-3-v2,eum/MOSuperMarioBros-4-3-v2,eum/MOSuperMarioBros-5-2-v2,eum/MOSuperMarioBros-5-3-v2,eum/MOSuperMarioBros-7-3-v2,eum/MOSuperMarioBros-8-1-v2,EUGR/MOSuperMarioBros-1-2-v2,EUGR/MOSuperMarioBros-3-2-v2,EUGR/MOSuperMarioBros-3-3-v2,EUGR/MOSuperMarioBros-4-3-v2,EUGR/MOSuperMarioBros-5-2-v2,EUGR/MOSuperMarioBros-5-3-v2,EUGR/MOSuperMarioBros-7-3-v2,EUGR/MOSuperMarioBros-8-1-v2
9.746129522195174,18.55589130052565,3.829711201349073,12.83052778416943,9.553398811514686,4.858706028154067,7.751494794021991,12.497979023461394,0.25359500816395697,0.4171767932047589,0.1673879697856941,0.5074215002863299,0.43450618667518376,0.37190948382861905,0.45106072560655813,0.21240228554154977
