eum/MOSuperMarioBros-1-2-v2,eum/MOSuperMarioBros-3-2-v2,eum/MOSuperMarioBros-3-3-v2,eum/MOSuperMarioBros-4-3-v2,eum/MOSuperMarioBros-5-2-v2,eum/MOSuperMarioBros-5-3-v2,eum/MOSuperMarioBros-7-3-v2,eum/MOSuperMarioBros-8-1-v2,EUGR/MOSuperMarioBros-1-2-v2,EUGR/MOSuperMarioBros-3-2-v2,EUGR/MOSuperMarioBros-3-3-v2,EUGR/MOSuperMarioBros-4-3-v2,EUGR/MOSuperMarioBros-5-2-v2,EUGR/MOSuperMarioBros-5-3-v2,EUGR/MOSuperMarioBros-7-3-v2,EUGR/MOSuperMarioBros-8-1-v2
5.369159612247541,31.373045480282485,3.726306087649886,9.957897509764956,11.86296714052001,5.098958170140799,2.8892548962948035,7.00268659170248,0.139705928656161,0.7053342948910539,0.16286836735680377,0.39381476577578944,0.5395496112511929,0.39029957567555307,0.16812620592741606,0.119010172301988
