global_step,eval/single_objective_return
50000.0,-123.18616525332263
100000.0,-39.096120454085664
150000.0,-22.155218952417357
200000.0,-15.450573807054212
250000.0,-9.888015857426257
300000.0,-7.76610399022006
350000.0,-17.17852731629489
400000.0,-46.932184283241426
450000.0,-12.779830094428826
500000.0,-31.02190363123621
550000.0,-24.41950953611126
600000.0,-50.38421243135843
650000.0,-22.55618416198454
700000.0,-29.608642856046124
750000.0,45.0864102375633
800000.0,4.184221009516529
850000.0,8.348867723183895
900000.0,12.262889319984481
950000.0,162.88656484126597
1000000.0,183.5595973618993
1050000.0,151.773299128414
1100000.0,137.88137064328643
1150000.0,247.05105183217256
1200000.0,84.9831128623342
1250000.0,147.429543287459
1300000.0,102.59728155680855
1350000.0,241.00409792448636
1400000.0,244.67624967838327
1450000.0,238.83112068340128
1500000.0,222.96433632650024
1550000.0,142.78877311739842
1600000.0,191.5846213033151
1650000.0,169.88867880245465
1700000.0,140.22994245767757
1750000.0,231.2440671464571
1800000.0,237.1808076776611
1850000.0,196.35783939044686
1900000.0,232.2177059686766
1950000.0,229.55344281532308
2000000.0,169.72979704933374
2050000.0,244.14459936408124
2100000.0,170.10350937257783
2150000.0,232.00786619173383
2200000.0,236.20170824381435
2250000.0,240.01089403978017
2300000.0,260.9106770948524
2350000.0,229.36488278662273
2400000.0,259.1771643188962
2450000.0,199.50457923586163
2500000.0,212.4965972235754
2550000.0,242.48141681512038
2600000.0,231.05447925393906
2650000.0,251.71327855207747
2700000.0,242.6886462088617
2750000.0,201.74229411465708
2800000.0,166.45305872710586
2850000.0,209.17508169486254
2900000.0,207.91912672188082
2950000.0,221.99625107593255
3000000.0,213.80859794933122
