global_step,eval/single_objective_return
50000.0,-152.50840302441003
100000.0,-39.2931491745377
150000.0,-71.18268708891836
200000.0,-44.57719764159767
250000.0,32.07376860276887
300000.0,-38.991578600258045
350000.0,-12.28986688606759
400000.0,-47.39731128523983
450000.0,-26.090319116955044
500000.0,-51.016306029113366
550000.0,-40.6305633331644
600000.0,-26.41905189035532
650000.0,199.28505703802983
700000.0,150.34920799773198
750000.0,199.57402377381365
800000.0,167.99446691629436
850000.0,164.5935732513837
900000.0,173.74145924016693
950000.0,128.59795994176852
1000000.0,138.51586608869616
1050000.0,145.0565015877394
1100000.0,186.62008789573383
1150000.0,189.4298279543639
1200000.0,202.90319958492782
1250000.0,177.08873111545196
1300000.0,192.40836222893077
1350000.0,226.73430255195075
1400000.0,214.10772661986965
1450000.0,151.37848123185162
1500000.0,193.81829361338856
1550000.0,177.9490029685516
1600000.0,151.9038565299021
1650000.0,204.0746751205933
1700000.0,135.7144216235955
1750000.0,171.00731610118993
1800000.0,126.46014391031682
1850000.0,141.88841890640555
1900000.0,174.35816526252557
1950000.0,175.4467588204294
2000000.0,165.6577914228935
2050000.0,195.60169621054393
2100000.0,182.3871860587945
2150000.0,130.86685255842414
2200000.0,190.22876057424267
2250000.0,216.13583185378496
2300000.0,150.07023778369992
2350000.0,213.30607702961385
2400000.0,209.4327791688416
2450000.0,185.03631345664365
2500000.0,153.34103321257774
2550000.0,189.67417230999845
2600000.0,246.54887335155982
2650000.0,180.4408443647324
2700000.0,219.53621355244167
2750000.0,187.2713011978899
2800000.0,167.32126026675306
2850000.0,186.82053511917533
2900000.0,191.67094635858984
2950000.0,198.84269519110057
3000000.0,181.5582710884208
