objective_1,objective_2
105.49132416498787,-350.33716153560283
42.48010062578658,-110.72364067582429
42.674142399853444,-119.38888973251063
82.09077083252681,-248.02929192378699
79.63329008449044,-227.9299559851894
102.49518393606112,-287.3045627979677
72.48060341552302,-214.21633796497485
64.67624003705069,-161.58114933159126
55.89638106309363,-123.99786133846864
109.43793919745636,-376.82911768094834
