objective_1,objective_2
59.27232779091064,-48.81034522946038
55.61058616778271,-45.78313040309268
70.40855397042682,-60.86905083737798
58.10928804059714,-46.15108425633381
59.3742883956196,-51.38217009666418
60.77427845870532,-51.84644471230786
