global_step,eval/single_objective_return
100000.0,-4.792511778602126
200000.0,-6.033235208090848
300000.0,-5.476583218576665
400000.0,-5.818136362426601
500000.0,-6.071756938985082
600000.0,-5.829289207075191
700000.0,-5.402040244932565
800000.0,-5.711442617542083
900000.0,-5.8916970673195515
1000000.0,-5.133241884100694
1100000.0,1.1448144928517319
1200000.0,0.7916090125308726
1300000.0,1.4729324308522944
1400000.0,1.3897773167563374
1500000.0,1.4013431259915758
1600000.0,2.1212594476552273
1700000.0,1.5401012341498972
1800000.0,0.9210125876872655
1900000.0,1.4085356806816367
2000000.0,1.5946641427297639
2100000.0,1.602130523450532
2200000.0,1.4401467521838203
2300000.0,1.4828095141991164
2400000.0,1.7634530992014754
2500000.0,1.1035573166891948
2600000.0,1.0749949212162104
2700000.0,1.7504510023251518
2800000.0,1.5661698785899958
2900000.0,1.3961063879335742
3000000.0,1.581547723302699
3100000.0,1.8771472663335427
3200000.0,1.2288564036189116
3300000.0,1.6979700286324577
3400000.0,0.9983272166188082
3500000.0,1.2819014420879764
3600000.0,1.2175203852222398
3700000.0,1.360918674478893
3800000.0,1.2574542051003996
3900000.0,1.323413894767467
4000000.0,1.4509415726332309
4100000.0,1.3078213386631696
4200000.0,1.2254798736397634
4300000.0,1.6669777616205792
4400000.0,0.941154177152117
4500000.0,1.6077702792396291
4600000.0,2.612112297849632
4700000.0,1.5945745451622755
4800000.0,1.783621603123906
4900000.0,1.4393906833839691
5000000.0,1.2905254398543489
