objective_1,objective_2
121.2161145040067,70.72029494572155
