objective_1,objective_2
132.488772370608,62.69338775829353
142.05488070035898,60.37619927842583
140.3639279714293,60.426889379410525
125.3790265326614,68.18673993975047
136.30288989575538,60.56198846205207
120.43352331057213,68.70329407547554
131.62898302390846,62.76655216325113
