objective_1,objective_2
116.93848058813599,65.9919392041181
112.45528446442567,67.20250336587694
