objective_1,objective_2
107.4179107406618,52.95907509659244
99.44187835006407,67.189453594642
103.1032370940882,66.80672179834853
103.606806379825,65.23799396397946
104.13913323956704,56.43128004949147
110.03434086516751,46.62095885517474
