objective_1,objective_2
125.77453511052724,45.011776686138646
107.33831694349814,66.71769217022941
123.84152775907486,60.170020967889606
106.95398035217622,67.77488033632963
111.62413499591055,62.03697355257289
124.1462326302947,47.684009468226805
