global_step,eval/single_objective_return
50000.0,266.70232913068554
100000.0,281.00426119309657
150000.0,49.61242572239891
200000.0,0.10826102660621473
250000.0,184.72128307530917
300000.0,19.770187055908053
350000.0,210.73555562121422
400000.0,223.28381403559297
450000.0,212.90669195250177
500000.0,243.38281135948822
550000.0,173.36610455756608
600000.0,229.89671797322413
650000.0,303.12655440349425
700000.0,209.93135264251845
750000.0,57.82536360887556
800000.0,267.90356019413275
850000.0,98.60481797748979
900000.0,268.9529484532154
950000.0,210.01964727954189
1000000.0,242.65567834642246
1050000.0,253.59870743778964
1100000.0,162.09133767874147
1150000.0,255.44530886355628
1200000.0,241.378009645298
1250000.0,65.28986238137239
1300000.0,233.93128821333443
1350000.0,47.25353671440905
1400000.0,251.873629917952
1450000.0,223.6781253978052
1500000.0,145.8314901688937
1550000.0,238.90417740704115
1600000.0,186.2226140357712
1650000.0,282.21848751349836
1700000.0,27.209040394559054
1750000.0,146.0487282492876
1800000.0,210.58297857980207
1850000.0,67.01477922404933
1900000.0,-13.373028376359287
1950000.0,-21.62102130564719
2000000.0,48.431339825537066
2050000.0,278.0131561709361
2100000.0,181.31090907008937
2150000.0,261.6417162683282
2200000.0,54.51479627046962
2250000.0,28.805973787878514
2300000.0,245.09248316494148
2350000.0,41.70779960937736
2400000.0,89.20156728202798
2450000.0,-37.695971050844
2500000.0,39.15042576860748
2550000.0,22.06823134461449
2600000.0,47.016845076454814
2650000.0,25.744267987613227
2700000.0,288.33647354980144
2750000.0,60.914372992740766
2800000.0,169.27337446497057
2850000.0,203.32931876839083
2900000.0,50.30509947603045
2950000.0,249.22811105558782
3000000.0,59.95186488563013
