objective_1,objective_2
-19.9,-433.71237854709295
-44.334041181866475,-419.22956884495073
