objective_1,objective_2
36.62438098297154,-321.84476421724435
