global_step,eval/single_objective_return
100000.0,-0.9040608396291911
200000.0,0.8831569757075128
300000.0,-1.59871895288334
400000.0,-3.5789222236085747
500000.0,-3.309319603442066
600000.0,-2.907644123803232
700000.0,-1.9614141986084015
800000.0,522.6851329555071
900000.0,-10.18684405541533
1000000.0,815.5804053478461
1100000.0,154.58653432570156
1200000.0,51.56314216732952
1300000.0,-0.5138271581912532
1400000.0,557.8249031311932
1500000.0,-320.9533330956059
1600000.0,-225.75643164485652
1700000.0,-501.9516578898321
1800000.0,-499.9995410801002
1900000.0,-498.30495688413293
2000000.0,-500.5000965985623
2100000.0,-258.6867328051935
2200000.0,-472.2831732268877
2300000.0,-490.6101412992305
2400000.0,-495.99117670522145
2500000.0,-500.1900056999829
2600000.0,-493.4701016059737
2700000.0,-468.7954901686903
2800000.0,-524.7002784571367
2900000.0,-414.1644840479306
3000000.0,-585.8710171512878
3100000.0,-462.5020630093164
3200000.0,190.18582887689865
3300000.0,-491.40776774829277
3400000.0,-547.7411808720417
3500000.0,-135.63623192787324
3600000.0,-73.9202978790286
3700000.0,-426.54881242182194
3800000.0,-96.47695129371353
3900000.0,-402.86891324918435
4000000.0,-229.47268756301958
4100000.0,-61.02923639764828
4200000.0,-390.72759719417314
4300000.0,-409.4806118606432
4400000.0,-133.48826105333606
4500000.0,-416.30192411214955
4600000.0,-281.29402860609673
4700000.0,-253.5145285738488
4800000.0,-380.8264210015605
4900000.0,-124.64742167636665
5000000.0,-317.11712594980077
