global_step,eval/single_objective_return
50000,49.70432581060618
100000,48.39196214344733
150000,30.855887183785995
200000,12.252768889413886
250000,38.77463597535814
300000,61.44174705955163
350000,15.398431465872122
400000,211.29451357006909
450000,27.32868542737232
500000,20.40551691959537
550000,160.0216849544438
600000,270.94110941468534
650000,46.842465951331405
700000,219.93249464689228
750000,58.91325465076227
800000,57.468581866685895
850000,54.053300909600665
900000,176.0721131826769
950000,27.742610868406203
1000000,-19.151180439148376
1050000,202.6444363800541
1100000,249.32738963020947
1150000,214.63329769420838
1200000,7.803433207116171
1250000,208.58168465550028
1300000,29.319928707263955
1350000,260.91064037242495
1400000,192.2037704154909
1450000,217.22370176138094
1500000,-12.921913588054295
1550000,-60.275536750855075
1600000,26.462871871261342
1650000,5.067043507675322
1700000,25.528304535196966
1750000,231.2263329477762
1800000,-10.395719257753413
1850000,-18.02025252986782
1900000,-98.3366940390687
1950000,12.764291298181234
2000000,13.185646469285501
2050000,-0.41908600037388055
2100000,19.409477122512328
2150000,-8.997702831584022
2200000,30.64329372699183
2250000,202.28895828139352
2300000,-15.03033653699812
2350000,10.923733217660939
2400000,-10.810700642602285
2450000,31.544103472550347
2500000,-2.6980699195401456
2550000,13.418956133621336
2600000,2.917611337200867
2650000,-34.39277367935013
2700000,22.465556581520616
2750000,45.85069720028457
2800000,-32.48416297968299
2850000,-36.99447598613473
2900000,-13.688727219819128
2950000,1.6543239973783699
3000000,11.732756636915568
