objective_1,objective_2
156.76718453415597,50.54495690552659
161.8993616855136,47.43995352676542
162.07232980955789,34.51012237641072
