objective_1,objective_2
197.0841656022879,44.36074798868559
