global_step,eval/single_objective_return
100000.0,-12.426956595063334
200000.0,-6.4050945782647615
300000.0,-5.807032049410902
400000.0,-4.790469442358498
500000.0,-8.943093051869685
600000.0,-8.565703589983091
700000.0,-10.48742385407016
800000.0,-11.616363942638419
900000.0,-10.575890620954544
1000000.0,-11.638479923283583
1100000.0,-3.251700399091147
1200000.0,-3.4213352994104027
1300000.0,-4.147675946509265
1400000.0,-4.6735710436361035
1500000.0,-5.9313794739494075
1600000.0,-6.245289446084291
1700000.0,-3.6338187804957536
1800000.0,-2.5299582407459176
1900000.0,-5.672012969673517
2000000.0,-5.498509587026103
2100000.0,-6.589418210212388
2200000.0,-11.538650232487964
2300000.0,-13.972689949791157
2400000.0,-19.169806489638
2500000.0,-13.991361929511985
2600000.0,-13.471492525624551
2700000.0,-17.923082206585228
2800000.0,-9.525247391039345
2900000.0,-11.311720958570653
3000000.0,-8.495039863933608
3100000.0,-11.522524396978152
3200000.0,-12.29400211733967
3300000.0,-14.58989173577532
3400000.0,16.546017313143558
3500000.0,-11.253763955672646
3600000.0,-5.813429821236669
3700000.0,-4.774999081245047
3800000.0,-6.316015925587936
3900000.0,-10.57414522325586
4000000.0,-5.442036617881004
4100000.0,-1.3372150397863212
4200000.0,-10.129573701299739
4300000.0,-8.512880975291152
4400000.0,-7.096512958149286
4500000.0,-11.391440918254572
4600000.0,-15.714322511722912
4700000.0,-13.50873215984258
4800000.0,-15.038803039307009
4900000.0,-9.209724571828101
5000000.0,-16.505253081185256
