global_step,eval/single_objective_return
100000.0,-14.91624121893619
200000.0,-10.829036166221155
300000.0,-9.806565334233628
400000.0,-8.807890417750594
500000.0,-7.391156501302379
600000.0,-6.41090968568975
700000.0,-4.887667496533192
800000.0,-8.964294982213104
900000.0,-11.100486034108325
1000000.0,-10.12947410626542
1100000.0,-11.085940756708954
1200000.0,-10.216359594382066
1300000.0,-3.077418127509578
1400000.0,-8.641625728617353
1500000.0,-9.747797516445713
1600000.0,-5.6694276230458085
1700000.0,-0.39934502856904786
1800000.0,-3.527498140989477
1900000.0,-2.906083397313754
2000000.0,-5.990958960317689
2100000.0,-3.313742237502016
2200000.0,-3.557652082137629
2300000.0,-7.377606587079219
2400000.0,-4.061728429378399
2500000.0,-4.0854376294055035
2600000.0,-9.416648478930483
2700000.0,-10.950616397329688
2800000.0,-8.102198712306754
2900000.0,-6.586139580687124
3000000.0,-6.398421748393138
3100000.0,-6.035488799884347
3200000.0,-10.754083492746505
3300000.0,7.282508127033756
3400000.0,-13.583433911382059
3500000.0,-12.353306732458572
3600000.0,-14.012985875956343
3700000.0,-13.709508666527219
3800000.0,-15.829288410690712
3900000.0,-13.965891875448756
4000000.0,-16.515764494229053
4100000.0,-7.740021966265727
4200000.0,-10.015979766818708
4300000.0,-8.119891778275534
4400000.0,-6.236922780356032
4500000.0,-7.834141413299354
4600000.0,-8.778528301665258
4700000.0,-14.77114767749776
4800000.0,-16.00067300367859
4900000.0,-9.124990554209804
5000000.0,-17.780739356820114
