global_step,eval/single_objective_return
100000.0,38.60901498837323
200000.0,49.4896226280576
300000.0,60.087671135831975
400000.0,50.12292162590823
500000.0,40.517951142700774
600000.0,50.294347268057436
700000.0,50.27632401236491
800000.0,41.88899970781585
900000.0,41.367829021084276
1000000.0,48.74740137927374
1100000.0,54.17047001520696
1200000.0,42.694359467767086
1300000.0,49.525998313633174
1400000.0,55.29551435801668
1500000.0,46.7924596001669
1600000.0,65.24414498219218
1700000.0,697.5972312321013
1800000.0,704.8550520953618
1900000.0,701.8785750982858
2000000.0,762.6756070419561
2100000.0,766.7241628252962
2200000.0,754.9386280997913
2300000.0,651.9805131139366
2400000.0,722.3971421788165
2500000.0,638.197126354712
2600000.0,1007.7994776170075
2700000.0,1007.9661129120916
2800000.0,1007.6706388887262
2900000.0,1036.101224683984
3000000.0,1043.427631430077
